observations,subject_ids,lh_G_and_S_frontomargin,lh_G_and_S_occipital_inf,lh_G_and_S_paracentral,lh_G_and_S_subcentral,lh_G_and_S_transv_frontopol
0,AnnArbor_a_sub04111,-0.8086590601588995,-2.1157307435009205,-1.7829572274567915,-0.852241131044719,-0.9685453178383915
1,AnnArbor_a_sub04619,-2.904430662542753,-0.915818728703853,-0.9488863851788539,-2.135934933681179,-1.7984822848963462
4,AnnArbor_a_sub20317,-1.0248627499406535,-1.689124889930557,-0.7036367733907364,-0.86248702344478,-0.9103355467500802
6,AnnArbor_a_sub30421,-0.8893648487396408,-1.1223160776094434,-1.5271277630232583,-1.369227832784826,-1.4226382853520536
8,AnnArbor_a_sub38614,-1.507043982768485,-1.0913146902073108,-4.908071329422418,-0.8440326437558578,-2.190743787404287
9,AnnArbor_a_sub45660,-2.4061222455810083,-0.9805093150847025,-1.533792580329951,-0.844237951682763,-1.024674158956111
10,AnnArbor_a_sub46727,-2.238108094930434,-1.052656969559883,-1.3029173236046723,-0.8667436937266011,-0.9776967805325184
11,AnnArbor_a_sub47191,-0.858717810427747,-2.145463108338943,-0.8106963692137586,-1.0039321427456749,-1.1961381262406556
12,AnnArbor_a_sub47659,-0.7357811382098269,-0.8400992598767911,-0.7867784229017422,-1.1514084982222457,-1.6880319990313033
13,AnnArbor_a_sub49687,-1.2954829766735598,-2.341114821402343,-1.5546893822997945,-1.0834834050843212,-1.482780385614607
14,AnnArbor_a_sub51248,-1.1822366955918306,-1.4375345318718786,-1.774734217775143,-1.1672697103647025,-0.6995407895887332
15,AnnArbor_a_sub56028,-0.86073035416349,-1.0706758422562335,-0.7203271589465108,-0.9933536627614898,-1.0468744587773477
17,AnnArbor_a_sub70106,-1.057999235659577,-1.0822965045882365,-1.090386389365754,-1.6375876868076686,-1.1824885153313438
18,AnnArbor_a_sub75922,-1.0472221363847432,-1.2388929648790241,-0.7334444491186045,-1.0452044696566798,-1.1512878473580122
19,AnnArbor_a_sub82334,-0.9124714479249582,-1.4059478723772993,-1.090189690678904,-0.9827772754397556,-0.9528046353045511
20,AnnArbor_a_sub86367,-1.279762160806943,-2.4359041710487017,-0.7139410836108514,-3.0337327057055643,-0.9215836310251201
21,AnnArbor_a_sub96621,-1.8619186987636076,-0.9879270957692632,-0.740746871718123,-0.8502896555748914,-0.8790574134593714
22,AnnArbor_b_sub00306,-1.2061773044903235,-0.8627600177971655,-0.8699919098140928,-1.243841515463665,-1.0529553113434542
23,AnnArbor_b_sub07921,-2.0454319641961605,-0.9961747099496968,-1.4192007575159737,-1.6874880885887493,-0.8994044312568072
24,AnnArbor_b_sub11043,-1.109994055681583,-0.9458291087281291,-0.7182356457425282,-0.8146186611660202,-3.5744846087058475
25,AnnArbor_b_sub18546,-1.5678297101378444,-0.9351265040206751,-0.6988301950386496,-0.9519937974661181,-0.8686556576937737
26,AnnArbor_b_sub26099,-1.6147083979179597,-3.0044539432825976,-1.359796780820027,-0.9622001531568687,-1.2454957078887585
27,AnnArbor_b_sub30250,-0.8246003830704172,-1.347375557932398,-1.8778137717135008,-0.8156849916735512,-1.4242583728126872
28,AnnArbor_b_sub33437,-1.9210706101836736,-1.0524691758748657,-0.8180282721933291,-1.383697332034541,-1.3142647485129835
29,AnnArbor_b_sub39635,-0.873147080026712,-0.9063413917235495,-0.7043942154435465,-1.2806932174966292,-0.9973822035747333
30,AnnArbor_b_sub39923,-1.7992134181036183,-0.8641671614110136,-0.7037085226855928,-0.5971151664104202,-2.808447730720224
31,AnnArbor_b_sub42616,-0.8202123696017234,-2.587250554302875,-1.5639823657374365,-1.2417427117141062,-1.7531938221464052
33,AnnArbor_b_sub45569,-1.5616444851587232,-2.261605626701586,-0.5234453263325245,-0.6984182210214723,-1.996916341497835
34,AnnArbor_b_sub50859,-1.251604629439416,-1.1474240533991988,-1.5458395203893789,-0.765633069128626,-1.4421452080019783
35,AnnArbor_b_sub53269,-4.635757815711116,-1.0135381805116306,-1.0985604295466849,-0.9660051803437529,-7.816822401253621
36,AnnArbor_b_sub53959,-0.8167684154330381,-0.8819107244506319,-0.8330398705786429,-1.7191964992932605,-0.9043365282864996
38,AnnArbor_b_sub57196,-1.9176002724515568,-0.8861885382510705,-1.2116594955868802,-2.4253073708184276,-3.5738068624882513
40,AnnArbor_b_sub62819,-1.6298297110480235,-0.9493909750849188,-0.571431905277574,-0.6024413419397324,-1.1117553735348442
41,AnnArbor_b_sub64831,-2.257681109609363,-0.8944607696520491,-1.3875546647629127,-1.3210897337022816,-1.038516101200269
42,AnnArbor_b_sub64969,-1.2006863664867924,-0.9724348211252717,-0.7182356457425282,-1.0864385783704626,-0.8799841198720781
43,AnnArbor_b_sub66506,-1.728603832955593,-0.8457847125177186,-1.8644356099283896,-1.3487077199614999,-1.5487665919287674
45,AnnArbor_b_sub73168,-1.3909235919437546,-0.8346226614991139,-1.3587703767553936,-0.7758358208509085,-1.955748718241631
46,AnnArbor_b_sub73812,-1.9138313707640033,-2.7760299996137716,-0.8157490955716462,-1.2102877433014463,-1.8075626608986899
48,AnnArbor_b_sub85257,-0.8787625172569192,-0.8264355154347327,-0.6676188531610819,-0.8458951522118808,-0.8124712044103971
49,AnnArbor_b_sub90127,-2.166122158435857,-1.2219107869870824,-1.404347641924526,-0.6791371478235653,-1.8467917922778163
50,AnnArbor_b_sub90950,-3.4154377458881173,-1.1864619855479972,-0.5342697654287514,-0.7626619675733527,-2.5617319084235097
51,AnnArbor_b_sub97518,-0.8338652085297702,-0.9381292493806543,-0.6851507796328536,-0.9659222001631941,-0.8687731075935394
53,AnnArbor_b_sub99692,-1.0888421603251592,-1.9694056869953855,-1.3513467064808142,-0.6218669633984689,-3.314799063883263
55,Atlanta_sub00368,-1.6529738890739023,-0.9436166698269755,-1.0347967926897363,-0.9898717790337994,-1.878175953067516
56,Atlanta_sub06870,-2.2970411532327684,-2.181776661781993,-1.1109660370035892,-1.6924428306506225,-1.3656849832352582
59,Atlanta_sub16563,-0.8110313925462025,-0.883683891374689,-0.7600592291072131,-0.9327681502448365,-0.7326266713171367
60,Atlanta_sub18219,-1.7143837259924082,-0.8278664238186223,-1.377168429480217,-1.291310478396542,-0.8701600318663096
61,Atlanta_sub18702,-1.4930377543458095,-0.8680892672338899,-0.6874326076576789,-1.1220426377150827,-0.8094243793531436
62,Atlanta_sub24972,-2.09753434418839,-1.372077395216445,-0.8400243010170476,-2.3143824294342608,-2.204574182449368
63,Atlanta_sub26938,-0.7553895642330845,-0.953884838123994,-1.4721451229089153,-1.5969464191751157,-1.3339263927212779
64,Atlanta_sub32093,-0.7619284579704828,-1.3582318460289964,-2.3926959931584344,-0.9158730838808968,-2.078288867233603
65,Atlanta_sub49816,-0.8234033035569417,-1.0976614223026024,-0.8669174302474378,-0.8508491834897286,-1.018000007060859
66,Atlanta_sub52783,-0.8196089554776134,-0.8623218801546142,-0.7203966233239846,-2.1968535878154154,-1.034959141650707
67,Atlanta_sub53122,-0.831767367093386,-0.9991963892359652,-1.1678537962015485,-2.136826702766909,-0.8709650891794145
68,Atlanta_sub55652,-0.9827333087466396,-1.1422508810049925,-0.7047155709788697,-2.0634659998047393,-1.3928392811489174
69,Atlanta_sub58250,-0.7846373450225063,-0.9572977310586989,-1.689725692701269,-1.1866789747316329,-0.7763125285183248
70,Atlanta_sub59806,-0.8805797380292106,-1.1295358355795526,-1.0912915168621329,-1.046264366247091,-1.119358678963338
71,Atlanta_sub60499,-0.8146779093412497,-3.6705899092285192,-1.076796805487487,-1.1343266525867388,-1.4568947322582078
72,Atlanta_sub61442,-0.9521039214949651,-4.265440479219847,-1.1900031071129185,-1.9210550668407786,-2.265905152310072
73,Atlanta_sub61902,-0.913792434668754,-1.0491081837449479,-1.0847599452729897,-1.527375135647247,-0.8047993289544718
75,Atlanta_sub72096,-1.9761282486660299,-1.2351925387325724,-0.7316499923119864,-0.8649193842863778,-0.8051061805274516
76,Atlanta_sub72971,-0.8093431933212134,-1.315682923437929,-0.9688772921308921,-1.9216469197957695,-1.2928455372997252
77,Atlanta_sub75153,-2.238295567975489,-1.6615318348774624,-0.8928592992037079,-0.8520296376623628,-2.5672147116484463
78,Atlanta_sub76280,-2.428888977955638,-0.8375397095721907,-1.5908060402129323,-0.8170372338932509,-1.3112066174859691
80,Atlanta_sub86323,-0.7323650794260074,-1.656990357685116,-0.6888012236586081,-1.0961062919037527,-0.8354577058421165
82,Baltimore_sub17017,-1.143711111461935,-2.5254328310821026,-0.7325065794461947,-1.0413040106016433,-0.822543587996821
85,Baltimore_sub23927,-1.0005094402446861,-1.2109218458317048,-0.6655289863435312,-0.9314504430315219,-0.8359976348459436
86,Baltimore_sub29158,-0.8152239828225998,-1.47793692375896,-1.9945858270547911,-1.4550306396721135,-0.9439192708237748
87,Baltimore_sub30072,-0.7740580203498183,-0.9052478230872765,-0.9860097890094641,-1.499633514550983,-0.7821760311720074
89,Baltimore_sub37548,-0.8566170371733315,-0.8242895050869851,-1.030395180458204,-0.8530869836198012,-0.7806038702056832
90,Baltimore_sub52358,-1.15010689713007,-1.0953454864045395,-0.7845602673735125,-1.1454165539211982,-1.066660713142018
91,Baltimore_sub54257,-0.9535058128316279,-1.728146942104893,-0.8472358609571988,-1.1854874608974502,-1.3162421514507374
92,Baltimore_sub54329,-0.7501333537399605,-0.8597500062253796,-0.6991073310800123,-0.929920211341335,-0.7336912503506251
93,Baltimore_sub73823,-1.2340866050757706,-0.8345331169032297,-0.7432786108653161,-0.862644387916002,-0.8014792064706379
94,Baltimore_sub76160,-1.3515693131975426,-0.8845140488290304,-1.4354316314573972,-0.8791681232623393,-0.7741849451905243
95,Baltimore_sub77572,-0.8889360069818169,-0.8254569959988526,-0.747249047200808,-0.8316390763942492,-0.7620365758625083
97,Baltimore_sub81887,-1.1604622271181688,-0.8322921978001823,-1.1974196153399987,-1.0480006578745726,-0.7148103759728173
98,Baltimore_sub85922,-1.0745125503813038,-1.37633164830353,-0.8662390047547647,-0.9199636537936831,-0.7297490192402133
99,Baltimore_sub86414,-2.577207544212738,-1.055798878803223,-0.7688356029230855,-1.2342925628139068,-1.5198064405486038
100,Baltimore_sub90658,-0.9631828042953215,-1.8085531110473179,-0.7226729273489914,-0.8644802246775195,-0.8235415909056288
102,Baltimore_sub91622,-0.9218609112329647,-0.8496380856884146,-0.9317692421360052,-1.7948292565098372,-0.8504646248706623
103,Baltimore_sub94042,-0.8407326174380699,-1.0414833190464772,-0.7813442039894215,-1.0242582693164728,-0.8516806235240982
104,Baltimore_sub96234,-0.8979441413047451,-0.90673539431864,-1.4352777348697752,-0.9792407844963941,-0.808525364343239
105,Bangor_sub00031,-1.988451826283851,-0.8904055540266195,-0.776795459726874,-1.187446461269305,-0.8148564853969505
106,Bangor_sub01903,-0.8153513653176938,-1.6430950381285598,-1.14470707277026,-1.3607749243125784,-0.8642288018232555
107,Bangor_sub03557,-0.8093422087581306,-0.8650505694159935,-2.4682337217355936,-0.8385737984866665,-0.839872805697794
108,Bangor_sub04097,-0.8328833756912009,-0.8556667753305719,-2.3791767365063,-0.9450022657859897,-1.3549963364339412
109,Bangor_sub14388,-0.9876771538716471,-1.5138560096993752,-0.7671467465336582,-1.3957602743356128,-1.3945364598309797
110,Bangor_sub27519,-0.8147239981186206,-0.9826636247509525,-0.6992381235160136,-2.40008677443055,-0.8584759952943948
111,Bangor_sub36736,-0.8457581713180958,-0.9680516021659529,-1.141078245437131,-1.1309168920092938,-0.8733936913831352
113,Bangor_sub48632,-1.0557392958488794,-1.0031189729433687,-0.8672093547804703,-1.0624772916398397,-1.5679215118923342
114,Bangor_sub61418,-1.3433472492030478,-1.1005849626916782,-0.7098339795992283,-3.4989374509938025,-2.1970556448848275
116,Bangor_sub63767,-1.1727721222014245,-1.8684755835779916,-0.7150524625331651,-0.8925344780173367,-1.0495835231057873
117,Bangor_sub66585,-0.9522463160831314,-1.2597622620821878,-1.4166736795276924,-1.8629614901801448,-0.9002815531402615
118,Bangor_sub68050,-0.9680796556819087,-0.8635512315178683,-0.8141015596344008,-1.5857805082390657,-0.881067871876978
119,Bangor_sub73082,-0.9132288368215974,-1.889674378042471,-0.7502866025236183,-1.0282027078978433,-1.7174462368837455
120,Bangor_sub77520,-0.9034614439786507,-1.0194584740128847,-1.1653681667809794,-0.8791653571371457,-0.8829806205657206
122,Bangor_sub82625,-1.942927058965139,-0.9938548837423425,-1.3582670990104626,-1.1280698069237476,-0.8959966533184373
123,Bangor_sub87568,-0.828618256433126,-1.2227976209356575,-0.9743833744121914,-0.854769236621392,-1.7791827053990086
127,Beijing_Zang_sub01244,-0.860661951346072,-0.8063254303091955,-0.6802657569146572,-0.8875587116386585,-0.7764567073780073
128,Beijing_Zang_sub02403,-0.8630037381684477,-1.3156764798109333,-0.7928586209526877,-2.37878101589684,-1.037856787656597
130,Beijing_Zang_sub04191,-1.6578481661417777,-0.9125389378402697,-0.6345769839799855,-1.33604659777535,-0.7745233214381415
131,Beijing_Zang_sub05267,-0.8087735122934306,-0.9064313082849227,-0.7121174949423746,-1.3291498320010295,-0.8823054307993277
132,Beijing_Zang_sub06880,-1.1484975351839906,-1.724992500852057,-0.8434296737910578,-0.8016512989416923,-1.8930837102939755
134,Beijing_Zang_sub07144,-0.8081962269042405,-1.416927285697707,-1.7950060501216905,-0.8031130182080115,-1.0346115369766844
135,Beijing_Zang_sub07716,-0.8240350221036341,-0.9122501007356502,-3.119183226725344,-0.7988318142906805,-0.8754577379884654
136,Beijing_Zang_sub07717,-0.7782721169724525,-1.1502822720494308,-0.7425120691521978,-1.6522065371877854,-1.1341017847348738
137,Beijing_Zang_sub08001,-0.7964649024903893,-2.532416847590465,-0.7198000827843386,-4.880132399327267,-1.033714546760143
138,Beijing_Zang_sub08251,-0.8496162452809783,-0.8901218590403029,-3.6081583750533466,-0.8795299340269994,-0.9111008780286501
139,Beijing_Zang_sub08455,-1.36968664090403,-1.2053741831389444,-1.6260313887770874,-2.3702854245658114,-5.263020627752483
140,Beijing_Zang_sub08816,-2.512445628944247,-0.861887208587804,-0.8595618927333514,-0.8687222482885535,-0.8393058597208072
142,Beijing_Zang_sub10186,-0.833593405329188,-0.9226974256004136,-1.410800634938623,-3.496014673508187,-0.852427144211932
143,Beijing_Zang_sub10277,-0.8610325617247078,-2.5841218665745505,-3.4565401613473283,-1.1812889615531,-1.1056002349658582
144,Beijing_Zang_sub10869,-0.8801903837646248,-1.2148987257639476,-0.6796332715369625,-0.7982591672453706,-1.1534496475366478
145,Beijing_Zang_sub10973,-1.1315559338548868,-0.959470050407802,-0.7384051556936754,-1.0145457142657646,-1.8892821850203054
146,Beijing_Zang_sub11072,-0.7693262745982598,-1.1471928082909841,-0.860042705868512,-3.1453256372174256,-0.8004180866411882
147,Beijing_Zang_sub11344,-0.7975032996097708,-1.0858338470854332,-0.8288319781486787,-3.3031706774494602,-1.7503040872130329
150,Beijing_Zang_sub15441,-0.7988540827412092,-0.9201554989098178,-0.6603830587486913,-1.4710845245258573,-1.1179796878476378
151,Beijing_Zang_sub16091,-0.774500625586746,-1.9785916490064388,-10.868078608268204,-1.8863085934538313,-1.7497081885784598
152,Beijing_Zang_sub16943,-0.7934643828262186,-0.8008387474238575,-1.637494644013454,-0.8275447472146142,-1.365481151804794
153,Beijing_Zang_sub17093,-1.5631113735352953,-1.142926031379971,-2.2228479797715774,-1.0483664571245543,-2.058779008730329
154,Beijing_Zang_sub17159,-0.8235706505493547,-0.9518607263888345,-0.7453091263166731,-0.8504795876854776,-0.8495899367519982
155,Beijing_Zang_sub17315,-1.2375812073489019,-1.7961449212848963,-1.1522928388563536,-0.8730886275653944,-1.9897041549053098
156,Beijing_Zang_sub17586,-1.1146155745946484,-1.7136260085804536,-0.9822692072859184,-1.5998163598361226,-1.1041593801426184
157,Beijing_Zang_sub17603,-0.8847812719403313,-1.1059415462879865,-0.6391317804571799,-0.9543284738929851,-0.9747407581386859
158,Beijing_Zang_sub17642,-2.415618168908735,-4.1325725819729,-0.643258853277243,-1.5292145539510718,-1.4192160609297584
159,Beijing_Zang_sub17688,-0.8400271537387813,-1.7611893743444362,-1.7683066910923468,-1.6240913793999916,-0.8508069625838798
160,Beijing_Zang_sub18326,-1.049499492878928,-0.8457359952813089,-0.8082749210326359,-1.0885850136941462,-0.8121894948613514
161,Beijing_Zang_sub18758,-1.101806202088972,-0.8562826342609915,-1.1869906809288273,-0.9863696193010868,-0.9638481752564136
162,Beijing_Zang_sub18960,-2.1215377917171376,-1.2263828724853865,-0.7418216793106036,-1.43561644785173,-1.5207904217803576
163,Beijing_Zang_sub19642,-2.916626350275376,-1.2046999981067408,-0.6715873337388203,-0.8561634880247458,-1.3047689943629865
165,Beijing_Zang_sub20127,-2.3802305540545845,-1.3202059547897365,-0.6897427531011936,-2.3511162784634254,-1.8655039971685792
166,Beijing_Zang_sub20246,-0.8416532504447506,-0.8582077202309223,-0.6804466279927102,-1.0112267760879305,-1.5127434672269209
167,Beijing_Zang_sub20765,-1.6961516743120444,-0.915908550984652,-0.7969998665207271,-0.8011061999733138,-1.244759424720116
168,Beijing_Zang_sub20948,-1.8558960489974023,-0.9643186731592556,-1.0414815774633854,-2.4971324429713864,-1.2832843283279483
171,Beijing_Zang_sub22595,-0.7997836064317536,-1.4673363080696258,-0.7067287697511848,-1.100649208072616,-2.3401995884250963
172,Beijing_Zang_sub22661,-0.8742802335617331,-0.8808145695667737,-0.6438499482265687,-0.9371413888015122,-1.5812282059420977
173,Beijing_Zang_sub22715,-1.6419439559272793,-2.249351628361465,-2.2561243697633335,-0.8211615586182889,-1.0096322422477602
175,Beijing_Zang_sub26713,-1.0360559294554263,-1.6102012522743476,-0.8118741514427643,-1.0070963172333995,-1.0693196684130475
176,Beijing_Zang_sub28206,-0.8101248586167485,-1.3611211802274075,-0.7103261243628879,-1.197568195431786,-0.907692556743854
177,Beijing_Zang_sub28403,-0.8241161859720912,-5.975347448145096,-1.6553826840299513,-1.1119031135407362,-0.8491394254583902
178,Beijing_Zang_sub28698,-1.1589160104617515,-1.1418288802811458,-0.657941783853342,-1.1000868221419682,-1.632300262592416
180,Beijing_Zang_sub28801,-0.7787617733566186,-0.8292046505266286,-1.1341655614561064,-1.5937347521992518,-1.305851966318173
181,Beijing_Zang_sub28907,-0.841301401603654,-1.7518358044640918,-0.7605324027852992,-0.8166221400636,-1.447718543112808
182,Beijing_Zang_sub28965,-1.049904910682567,-2.3113323936769334,-0.700655716873128,-0.7990347986585347,-0.9980636623786135
184,Beijing_Zang_sub29785,-0.8237640573384156,-3.7276926250863927,-0.8691361647428086,-0.8037135582365206,-0.8317606710091704
186,Beijing_Zang_sub30310,-0.7862980953845469,-1.689673539998616,-0.636132305929948,-0.9748624769309385,-0.9636819002390385
187,Beijing_Zang_sub30556,-1.747282512066119,-1.1120157493904836,-0.7364336616823188,-0.7972843877817483,-2.220149224705842
188,Beijing_Zang_sub30616,-0.9501029108372017,-0.8448194022657586,-0.6374837612167507,-0.8471595717090215,-0.9893738299104643
189,Beijing_Zang_sub30988,-0.9275757211182235,-0.851613009231516,-0.6629192792954541,-0.7978128237565398,-1.1989577999560974
190,Beijing_Zang_sub31058,-0.9276550022046413,-1.473367599995452,-0.6998334618613565,-0.8105595422973271,-1.2498718081993823
191,Beijing_Zang_sub31729,-1.1430092965113416,-1.2373221368709286,-0.6769253433419794,-0.8065311570151688,-4.0475018940559355
192,Beijing_Zang_sub32517,-0.9927071286792861,-1.1161790440599046,-0.9235894736384311,-1.9596603075295347,-1.0851104843817858
193,Beijing_Zang_sub32587,-0.8637106844997386,-0.85658241805039,-2.0893700647574946,-1.0571028352963745,-1.0257794747493063
194,Beijing_Zang_sub33747,-1.057270348855344,-0.8301264178962788,-1.4529466773971857,-0.9334366133526529,-0.8187784733636699
195,Beijing_Zang_sub33943,-1.7814560335473593,-1.2283678833291398,-1.029951338903729,-0.7961057875731624,-1.4166725802925009
197,Beijing_Zang_sub34895,-1.1644728575204968,-0.8273388475290264,-0.9947528081844186,-1.0264680092970802,-1.5252998417657
198,Beijing_Zang_sub34943,-0.9572717311150557,-1.1314350705338851,-1.6220071226102504,-0.823291475979474,-0.8613117219345732
199,Beijing_Zang_sub35309,-0.9508446653241476,-1.8892525841964056,-0.8288406313400197,-1.0552988044548897,-0.8004391503875709
202,Beijing_Zang_sub36580,-0.8407317597565324,-2.06504815121276,-0.640438343080623,-1.089372624053056,-0.7911750884483629
204,Beijing_Zang_sub37602,-3.6727470347596225,-1.232404323899487,-1.0910424570946902,-2.259211220599233,-1.2010646468198547
205,Beijing_Zang_sub38602,-0.8560865879577896,-1.1037116836742076,-0.8037683945471469,-0.8060856029306651,-0.9062100368133625
207,Beijing_Zang_sub40037,-0.8059738216100735,-1.9541259069674013,-1.0855821316606205,-0.8035528371931432,-1.2332441019544778
208,Beijing_Zang_sub40427,-0.8008374202356722,-2.8000081203186866,-1.5096126136393502,-0.8354784675506174,-0.8127916197506059
209,Beijing_Zang_sub41170,-3.7376465396818372,-1.935609922375932,-4.263680825238676,-1.8657373072785808,-5.279763763514258
210,Beijing_Zang_sub41621,-0.8982631454725045,-2.327984464222631,-0.9538468570658409,-1.0346727704680942,-0.974709673570439
211,Beijing_Zang_sub42512,-1.3835411556564143,-2.05474979612116,-2.090939670143085,-1.437609431050471,-1.632172922243989
212,Beijing_Zang_sub42555,-0.8581982762740592,-0.8963684391736211,-1.2456511485148534,-1.203626508492351,-1.0771355198499972
213,Beijing_Zang_sub42843,-0.8009912855945895,-1.1563954771167229,-0.7359965898214109,-1.3451237024173084,-0.9210253809853909
214,Beijing_Zang_sub43290,-0.9723050834856019,-0.858112961294918,-0.7365515271041714,-0.801985027289201,-1.5823404047442697
215,Beijing_Zang_sub44573,-1.1172821063745997,-0.9420580545148604,-0.7413312425227704,-1.0662106891740952,-0.8414451554543291
216,Beijing_Zang_sub45552,-1.3166754649377324,-1.0738853039665095,-3.4045304521408815,-0.8050715378825217,-2.9858770528220977
217,Beijing_Zang_sub46058,-0.8887758790235489,-1.4621184796608007,-0.8160932250223148,-0.9745431806447261,-0.7614451331590903
218,Beijing_Zang_sub46259,-1.047611461331151,-1.3262911981689696,-3.3704953374782525,-0.8819439051178486,-1.283050226020175
219,Beijing_Zang_sub46541,-0.878086232683407,-0.884525498913076,-1.0992787558395203,-1.0539489371235686,-1.0322700138252303
220,Beijing_Zang_sub48501,-1.044518873689975,-0.8788042642625262,-1.1165337060526472,-0.8127911773197816,-4.19443774741234
221,Beijing_Zang_sub48563,-0.8306850899368572,-1.4329075105700737,-0.6749938159963181,-0.8730886275653944,-0.9866766753014972
223,Beijing_Zang_sub49782,-1.1666299372230835,-1.4212668455396975,-0.6984996511170524,-1.1811171534107054,-0.9154623819809188
224,Beijing_Zang_sub50498,-1.0720385478631644,-3.213486459971306,-0.6558254381562758,-0.8132992598523633,-0.9021415965162655
226,Beijing_Zang_sub50972,-1.562958274021529,-1.6512606581426787,-3.128096333432606,-1.0126580918965578,-1.3069828227828073
227,Beijing_Zang_sub50985,-0.9163299764388535,-1.231421534691813,-0.6777813046712633,-2.897804409768369,-2.6723232609194705
230,Beijing_Zang_sub52044,-0.9496744814139818,-1.1930881381332714,-0.7183425516674449,-1.1252125784337028,-1.761681672608055
231,Beijing_Zang_sub52259,-1.3854928350409148,-0.8441463226948436,-0.690061164070351,-0.8257316573148744,-1.1095093271129912
233,Beijing_Zang_sub53998,-0.8144605876506666,-3.1384773291014327,-0.7357682719345985,-0.8892900161637111,-1.3848698089647429
234,Beijing_Zang_sub54890,-0.9759119546729336,-0.8399521957577196,-0.7568902707447371,-0.9666868150815323,-0.8164867106362859
235,Beijing_Zang_sub55301,-1.6855935200739334,-1.3530560028010181,-2.75801719363543,-1.7619034269293674,-1.217906585089535
236,Beijing_Zang_sub55541,-0.7883151794919926,-2.143538531758287,-1.755827003857363,-0.840240488134331,-0.7988167572321972
237,Beijing_Zang_sub55736,-0.7991318870102341,-1.5761467035244277,-1.2314539651366323,-1.3352990953025146,-1.887481929586811
238,Beijing_Zang_sub55856,-0.8147923403417136,-1.0947746328709218,-0.6877031552499933,-0.9082073270719122,-0.8719911825798488
239,Beijing_Zang_sub56136,-1.8162569724877446,-0.8503004950679348,-0.7130397991825033,-2.243489674206485,-0.9838810195668628
240,Beijing_Zang_sub56659,-1.5198988684138963,-2.5816451969317633,-0.680579988742188,-0.8087631926518103,-0.8363676953515882
241,Beijing_Zang_sub56703,-0.8375303539059494,-0.8432263153922936,-0.6579517603662229,-1.3129403898584133,-0.8158012593655735
242,Beijing_Zang_sub56757,-0.7892588184253885,-0.8411352409130692,-0.7446391058065689,-1.1406344053582278,-0.9553166973462062
243,Beijing_Zang_sub58029,-1.4274633256340123,-0.8731339204043076,-0.714281191792197,-1.418986522149861,-0.8313556373475084
244,Beijing_Zang_sub58332,-0.8000950278263399,-0.8441463226948436,-0.7119432037097798,-0.9650073784589857,-1.0423828623559688
245,Beijing_Zang_sub58614,-1.0347509854452415,-0.9391703786944575,-0.6493086810835846,-1.3363859204740576,-1.1831219717554773
247,Beijing_Zang_sub59448,-1.2370822047749144,-0.8832304040042104,-0.9308455948568565,-1.033524514631173,-1.9124379451402902
248,Beijing_Zang_sub61961,-0.8071240521713247,-2.295301307841778,-3.1346922678605944,-2.462728335391801,-1.3312668410787705
249,Beijing_Zang_sub62083,-1.426753472195573,-1.3696887373921205,-0.708663730623157,-1.3130207392127178,-0.9493809717743453
251,Beijing_Zang_sub62843,-1.5479932417973856,-1.367316797739481,-0.6495355798873392,-0.8023393125700119,-1.0246408960176692
252,Beijing_Zang_sub62966,-0.7993228779006696,-0.9136351982912826,-0.6541269998186985,-1.1235667012236727,-1.0208526118867665
253,Beijing_Zang_sub64923,-1.2607565673019558,-2.497448099787222,-1.1248102224588323,-1.4334595837260855,-1.102807363160594
254,Beijing_Zang_sub65467,-0.8703414124987757,-4.5831014192070185,-1.573522061710395,-1.299223348716787,-0.8534262074000195
255,Beijing_Zang_sub65659,-2.378603227005011,-0.9890715610963418,-0.6369528137808083,-0.7958474639190853,-1.4597764319953017
256,Beijing_Zang_sub66158,-0.9835045364262769,-0.8450712979228184,-0.7774220141661586,-0.9273714248076267,-0.9775460067100874
258,Beijing_Zang_sub66781,-0.7954191641525165,-1.003282328104606,-1.144448688581826,-1.002380659625561,-0.8520026973177897
261,Beijing_Zang_sub67844,-0.9445199057842324,-0.8724433694902264,-0.9615691853568598,-0.7956059939594416,-0.864626013494049
262,Beijing_Zang_sub68012,-0.7775227259043901,-6.465313788491133,-1.192456288679368,-5.607753648912835,-1.4648642970361576
263,Beijing_Zang_sub68597,-0.8611734779973994,-1.0055794635117472,-1.0379779893612537,-0.8602424278117269,-0.8792254482100926
264,Beijing_Zang_sub69518,-0.9020264431669694,-0.9156889754281622,-0.6367335598479933,-1.1254361548735499,-1.0802546105386066
265,Beijing_Zang_sub69696,-5.04614884611247,-1.7905580584578047,-0.7851899667383967,-2.9719883095151145,-2.1123810097948734
266,Beijing_Zang_sub71693,-0.8026300605815523,-0.8347941436164202,-1.5316435600445621,-0.7982130123785255,-0.8034920028318164
267,Beijing_Zang_sub72654,-1.0461591197717537,-3.6047411625771373,-1.250818347994557,-1.1650954003296237,-1.2311578223541386
268,Beijing_Zang_sub72678,-1.2605811717315356,-0.8907658724226447,-0.7299796026059167,-0.843187344190009,-0.8238129170209736
270,Beijing_Zang_sub73245,-0.7888006497829715,-0.9718854492965203,-0.858834042955327,-0.9669847531492216,-0.8982772083120107
272,Beijing_Zang_sub73421,-0.9603598423365817,-1.0390531141343724,-1.3051880506949642,-1.7902277332720395,-2.5239636930368374
275,Beijing_Zang_sub75878,-0.7753643466712115,-0.895466869840984,-1.1231459086023434,-0.8157315651560783,-0.7911085512774501
276,Beijing_Zang_sub76377,-0.8397497260420668,-0.9354108874915369,-5.891419014106835,-0.8040726493795973,-0.8596597157741633
277,Beijing_Zang_sub77440,-1.0737155632886637,-1.229317879218954,-1.3480543385505737,-0.8448885447696669,-0.7893558923199471
278,Beijing_Zang_sub80163,-1.6183990485958397,-0.913656572463074,-0.9497492226743602,-1.0797611126782518,-1.097113768578943
279,Beijing_Zang_sub80551,-1.099229077886685,-1.3119456399038107,-0.9836277144063645,-0.8103273822725643,-1.348551742965864
280,Beijing_Zang_sub80569,-0.86125541773486,-2.1687095911844376,-0.9186284262835729,-0.938544745351691,-0.8328567663888884
281,Beijing_Zang_sub80927,-1.7785487029764755,-1.0988078183629113,-2.36571895666444,-0.9753859951813177,-1.0051773343688608
282,Beijing_Zang_sub81062,-2.406021218256854,-0.8646739149555179,-0.8500718604859865,-1.0031097160558338,-0.8013496205506108
283,Beijing_Zang_sub81074,-2.357280105832869,-1.141976019190643,-0.935030352044205,-1.389624677457957,-1.9153267431660028
284,Beijing_Zang_sub82352,-0.7855665277474838,-1.2071965924461312,-0.713340651179476,-1.2331119241220265,-1.0957396101411885
286,Beijing_Zang_sub82714,-0.8331112004001829,-0.8577681072292459,-0.8763864198554384,-0.8133478879283359,-1.1052127946715595
288,Beijing_Zang_sub82980,-1.0776638171801463,-0.913758698191954,-0.6673603699050532,-1.0060173929486953,-0.8999804576578023
289,Beijing_Zang_sub83430,-0.9053676117778285,-0.9936733234189828,-0.8978297512915004,-1.26115410671651,-1.197916747075486
290,Beijing_Zang_sub83624,-0.7905022900606852,-0.9279417248155026,-1.17952011185469,-1.8057127362935144,-0.8320589604206136
291,Beijing_Zang_sub83728,-1.375610097808349,-1.3635123980673,-0.6884452940766944,-1.3768733632245882,-0.9057097679820711
292,Beijing_Zang_sub85030,-0.7797641359508147,-0.8506155690436261,-0.715822131519514,-1.2412603920679304,-0.8061280649423532
294,Beijing_Zang_sub85818,-1.5325717627913673,-1.0479119548511537,-0.6983655087376989,-2.474331435366244,-2.50354128887482
295,Beijing_Zang_sub86114,-0.9000202545166895,-3.5776135898651393,-0.8691361647428086,-1.389095344642701,-0.8135169955291177
296,Beijing_Zang_sub87089,-1.2631860560589452,-1.1492473697794727,-0.7470350244557009,-0.9778854161316002,-1.024600824954122
297,Beijing_Zang_sub87776,-3.4729893295190197,-0.8971577257992179,-1.1041307269053504,-2.6075967631736807,-1.4615394626571752
298,Beijing_Zang_sub88306,-2.6896482032863007,-0.8745501319338396,-0.6534925618909491,-0.9469857033090767,-1.3228278936966082
299,Beijing_Zang_sub88947,-0.8742802335617331,-1.5711856412009295,-0.6877662970956314,-0.8007692238470346,-0.8125020401068664
300,Beijing_Zang_sub89088,-0.8841183574667874,-0.9476374558488035,-0.6506996146544834,-2.0307529364517296,-0.9144087055702596
301,Beijing_Zang_sub89238,-0.8036991113081754,-1.5193494378885035,-1.2973006291469888,-1.7100721872251257,-2.494341600263309
302,Beijing_Zang_sub89592,-1.1067892315442671,-1.337782809131997,-0.9593815656729878,-0.804727873051258,-0.8257750152768757
303,Beijing_Zang_sub89742,-0.8605258205440077,-5.347135845508554,-0.6469797314948506,-0.8448258372289688,-1.9190030754350849
304,Beijing_Zang_sub89941,-0.8724714590014547,-1.0737850415037042,-1.1932265011003027,-1.0655594877779682,-0.932811100975693
305,Beijing_Zang_sub91145,-1.008652740130936,-1.8362973070433006,-0.6453707772663922,-2.3700136893716883,-1.3073335460576887
306,Beijing_Zang_sub91399,-1.1092072565554074,-1.436325587858626,-0.8546975210700549,-0.9145337757324243,-0.8714959609785389
307,Beijing_Zang_sub91952,-0.8400414581057837,-0.8740132412621797,-1.1914622503691785,-1.1388781302212778,-0.828021662664643
309,Beijing_Zang_sub92490,-0.8400078132193397,-2.16395664091617,-1.1318458917531793,-1.5399606369514125,-0.823719710999595
310,Beijing_Zang_sub92544,-1.4170868958074692,-1.5026762247641363,-0.642813993588816,-1.0781353081693208,-1.268170124652979
311,Beijing_Zang_sub92602,-0.9941669555007019,-0.8375178855550485,-0.6931556408198949,-0.9195285475560304,-1.1714316623489232
312,Beijing_Zang_sub92799,-0.8860215129079123,-2.968092316200323,-1.7095837764864543,-4.453675084982122,-0.8520437755545054
313,Beijing_Zang_sub92859,-1.0625372694382345,-0.8527402050952136,-0.8082749210326359,-1.6453207715976663,-1.0116545379625022
314,Beijing_Zang_sub93689,-7.407251609153473,-0.9239660445274748,-0.8532357939318456,-4.413177422302551,-1.641063729609992
316,Beijing_Zang_sub94536,-1.3519583768734587,-0.859762606423722,-1.041991946361056,-1.7793793245235483,-1.097785548679535
318,Beijing_Zang_sub95755,-0.7952771498131287,-1.0794939808289192,-0.973570690083078,-2.1654352029001807,-0.9623958781192223
319,Beijing_Zang_sub96163,-0.8246701377128243,-2.600146289078625,-0.9396834905496092,-2.1911242241391613,-1.318708569460153
320,Beijing_Zang_sub97442,-1.6285266713650053,-1.0828626848667264,-1.140059602810153,-0.8648913099495408,-0.8946010096258813
321,Beijing_Zang_sub98353,-0.7944795269324009,-1.2692787246609636,-0.7236327948373585,-1.850273401444696,-1.166238483446044
322,Beijing_Zang_sub98617,-0.7959328362106671,-1.6476657869396674,-0.6431923722795101,-1.0059331103476952,-1.313447012123578
323,Berlin_Margulies_sub06204,-0.8269840831032739,-0.8405833353415528,-1.8324425722113498,-1.0486626893138882,-0.7911974431924967
324,Berlin_Margulies_sub06716,-1.0908272437151771,-0.8699642542501245,-0.6941477616722825,-0.849691364208062,-1.534195153879758
325,Berlin_Margulies_sub12855,-1.0155019079645728,-1.282990688365957,-0.7063418928136959,-0.9454391728956599,-1.6384332675815707
327,Berlin_Margulies_sub23506,-0.7649803421267877,-1.0608527987854204,-1.1087061410119523,-1.2101339216001592,-0.8237393939201485
329,Berlin_Margulies_sub27711,-0.8164688105139409,-1.9471199840397584,-1.5520866304753378,-0.8328591625909368,-1.0519515643002044
331,Berlin_Margulies_sub28092,-0.9560577708984049,-1.1133150225335986,-1.682889123876056,-0.8307641720344586,-0.7710926970228863
332,Berlin_Margulies_sub33248,-1.7088656679748713,-0.9928852691034258,-0.6721252941127226,-1.1592027132373552,-0.9544038519571594
333,Berlin_Margulies_sub38279,-0.7532147406416404,-0.8161705785719949,-1.3739331265150536,-1.2914050737169216,-0.8813319700123511
334,Berlin_Margulies_sub40143,-0.998939607883101,-1.014292190853404,-0.9980929021470335,-1.0486626893138882,-1.14906404015506
335,Berlin_Margulies_sub47066,-0.8025747315265642,-0.9841687120959459,-1.5500397032156252,-0.9212572227804354,-0.765999230361975
336,Berlin_Margulies_sub47791,-0.8598597948364667,-0.9147159243034063,-0.7685430625006584,-0.8478626484006649,-1.2335027695308187
337,Berlin_Margulies_sub49134,-1.100951396798297,-1.392176288983976,-1.2587692327581144,-0.85598582544973,-0.726825851096151
338,Berlin_Margulies_sub54976,-0.7139194051407838,-0.903695817703335,-0.7407675139731844,-0.8857539833489232,-1.752322020368182
339,Berlin_Margulies_sub57028,-0.7788332007814803,-1.5181527294924726,-0.8410701966926926,-0.8793343909424001,-0.702715506463083
340,Berlin_Margulies_sub67166,-0.7994154098253455,-1.4340310706723658,-0.8575462308674401,-0.8467441487622097,-0.7321896191132834
341,Berlin_Margulies_sub75506,-1.3484931339628738,-0.9323188943636366,-1.9216112190903372,-0.8856739194186516,-1.0003812991038543
342,Berlin_Margulies_sub77281,-0.8036420126935864,-1.8654672838870043,-0.7344068448319678,-0.8225846235068154,-0.8837556158025921
344,Berlin_Margulies_sub86111,-0.7913168736241966,-1.0697788120880851,-1.0634049992358394,-0.8321376395855623,-0.7943570579654089
345,Berlin_Margulies_sub91116,-0.6909127458082849,-0.9763277831716969,-0.805180329649381,-0.9725953886386678,-1.0484442537976952
347,Berlin_Margulies_sub95068,-1.6206814700989802,-0.8677442474885874,-0.7206766800373559,-1.182395923982956,-0.9572234398042417
349,Cambridge_Buckner_sub00156,-0.7999516984605668,-1.4518282496067,-1.5188827154704938,-0.9783926493373903,-0.9303886922485192
350,Cambridge_Buckner_sub00294,-0.8803298773794057,-2.31197867698674,-0.7913414721771816,-1.7329494934820753,-1.0934933102223923
351,Cambridge_Buckner_sub01361,-0.8013644017627726,-2.1116656012194555,-0.9436204015156979,-1.4929039827533737,-1.5861932774846073
352,Cambridge_Buckner_sub02591,-0.9540627004377281,-0.9840821985806971,-2.3123805112503897,-1.5358134129162393,-3.051085549512213
353,Cambridge_Buckner_sub02953,-1.0440079466465617,-2.804288186406495,-0.729229338247988,-1.061105924966545,-0.9728276821602523
354,Cambridge_Buckner_sub04187,-3.32045752179465,-0.9012890317628808,-0.9839182034804812,-1.1780601554491366,-0.891185170217522
355,Cambridge_Buckner_sub04270,-1.0794704432262703,-1.0924450129702266,-1.5367565888717967,-2.4652312134252137,-1.0347171375659059
356,Cambridge_Buckner_sub04491,-0.7864097950966809,-1.0344144870584167,-0.6430034270429444,-1.510625958015086,-0.8411601220563979
357,Cambridge_Buckner_sub04665,-1.4993681906923133,-1.3707804717375338,-0.6484954507854073,-2.3634029762443327,-1.4300671598273196
358,Cambridge_Buckner_sub05306,-1.1861854585046174,-1.7332171907868357,-0.6485987002695078,-2.6983533264798645,-0.8340696771893416
359,Cambridge_Buckner_sub05453,-2.4194156389800043,-0.8679855724631642,-0.6495400300254399,-0.8883145075640295,-1.1984897830746086
360,Cambridge_Buckner_sub06037,-1.1305011666366753,-0.8432038213421688,-0.6366542650092378,-1.939799213875863,-0.8455515833203692
361,Cambridge_Buckner_sub06272,-1.0469453032192342,-0.9738946023194093,-0.7017885808276881,-1.2719046267983454,-1.9144488923163445
362,Cambridge_Buckner_sub06987,-0.7854793058094092,-1.2382003410625257,-0.6577262532131538,-0.7974372005962488,-0.8937786657595246
364,Cambridge_Buckner_sub07798,-2.154057977831582,-1.5456432022326534,-1.1729224489198065,-4.79247661521969,-0.8602283205493936
365,Cambridge_Buckner_sub07902,-0.770071048242338,-1.2093464269414427,-0.7011033341912353,-0.9825726236584754,-0.8563191341433403
366,Cambridge_Buckner_sub08204,-0.753004159563871,-0.9640557782842056,-1.3918185318268448,-0.8273705221096125,-1.576716006758493
367,Cambridge_Buckner_sub08588,-0.8357857315393342,-1.1908316069950018,-0.7787743978713745,-1.2513087759104913,-1.0339297183173184
368,Cambridge_Buckner_sub08723,-0.8617620250027329,-1.1965926510952107,-0.7316484683457426,-0.7981183080061496,-1.3119869653065697
369,Cambridge_Buckner_sub08947,-1.365835514249268,-1.0924636698064478,-1.4193633522613034,-0.7987606615305176,-0.8345088965739278
370,Cambridge_Buckner_sub09015,-0.9619873242226182,-0.8136213344254292,-2.0917815838665628,-1.7566548934892459,-0.982425807493036
371,Cambridge_Buckner_sub09397,-0.729660077683743,-1.076956297045225,-1.3355157461844716,-0.9047261546053881,-1.4812357769938678
372,Cambridge_Buckner_sub09633,-2.249013319462747,-1.5890189924770524,-0.8961408982440621,-2.78745238120982,-1.6702191103837236
373,Cambridge_Buckner_sub10268,-1.073302257169783,-2.6878624792762644,-0.6553427405795949,-0.865535966041163,-0.8095223438713821
374,Cambridge_Buckner_sub10619,-1.2564639332079763,-1.6982192905601756,-0.6707219127336959,-1.5991591010326456,-0.9452986628773854
377,Cambridge_Buckner_sub13093,-0.941530452962797,-2.1890963595265984,-1.0455739411060054,-1.508232853481302,-0.943283152256115
378,Cambridge_Buckner_sub13187,-1.2247939987935468,-1.5634827997414107,-0.6355651115779567,-0.8093802821982161,-1.957996344792959
379,Cambridge_Buckner_sub13216,-0.8439560717626174,-1.0651984938612133,-1.3264169179910645,-1.1978255795612687,-1.2971694203829969
380,Cambridge_Buckner_sub13902,-0.8007076905368221,-0.9568334516983318,-1.2442729852529062,-0.8014474004296033,-1.2045445416607665
381,Cambridge_Buckner_sub14183,-1.0866097415655367,-0.8408967903061152,-0.6749574862612263,-0.8422406133563459,-0.8456705233466888
382,Cambridge_Buckner_sub14194,-0.9729991981412481,-4.137587465600103,-0.9142907208172538,-0.9890784483743925,-1.4639190451269422
383,Cambridge_Buckner_sub14278,-1.1827357967883672,-0.8655739442315472,-0.6606885353695428,-1.1719591784425074,-1.1295771408052353
384,Cambridge_Buckner_sub15172,-1.285439507744939,-1.0598416898272383,-0.75879382357922,-0.8504435520772538,-1.0547248445094446
385,Cambridge_Buckner_sub15258,-1.115581049272695,-0.8887411351034187,-1.7575546870251206,-2.1890133893797064,-0.8557376700019399
386,Cambridge_Buckner_sub15432,-0.8381429471775927,-1.373366608903621,-0.7736165421948732,-1.5820924934442342,-1.5134921366609964
390,Cambridge_Buckner_sub16846,-1.949426117129575,-0.883629098587503,-1.5982473007180436,-1.2183175217363695,-0.9800001084657178
391,Cambridge_Buckner_sub17584,-1.4460192915995889,-1.2629120811493768,-1.477325312394341,-1.2145999493538278,-2.1862132483873533
392,Cambridge_Buckner_sub17737,-1.0471768558472552,-0.9456006040744926,-0.7764357249932636,-2.8708856879619775,-0.7496053878233555
393,Cambridge_Buckner_sub17772,-1.5842015527840276,-2.231890439099524,-1.7291940304993474,-6.393922573458603,-1.071511111342604
394,Cambridge_Buckner_sub18295,-1.4068583108552866,-0.8408061677051297,-1.1401912974513306,-0.9335868394696105,-1.0266228463037799
395,Cambridge_Buckner_sub18449,-2.1362387369446383,-2.452051422591144,-1.400437262905606,-1.2367564960874626,-3.1922155826424046
396,Cambridge_Buckner_sub19717,-1.0615070734072878,-1.813296037629786,-1.3323728053919053,-0.9524037637268834,-0.8238564829654618
397,Cambridge_Buckner_sub20389,-1.096828653590472,-2.6527464219973904,-0.7198479830098299,-1.0983719866387842,-0.9780402132872689
398,Cambridge_Buckner_sub20543,-0.9289675616709443,-2.035350483262067,-0.7439365136711641,-0.8145236819886049,-0.8524401380332667
399,Cambridge_Buckner_sub20563,-1.8215910405279958,-5.5136323676968955,-1.2340871983339867,-1.034778263555111,-1.2632466154457118
400,Cambridge_Buckner_sub21755,-0.9799458342674812,-1.051710378728,-0.6710127148066818,-1.262833575177225,-0.848197095111252
402,Cambridge_Buckner_sub23869,-0.9418459071422638,-0.8757733196146167,-0.9805874537540408,-0.8211506936158555,-2.287314371376327
405,Cambridge_Buckner_sub25044,-1.2684969082707473,-1.427567381275199,-1.1377553310348476,-2.498043651247542,-1.4463694440735881
406,Cambridge_Buckner_sub25058,-0.7798889538828351,-1.0267407551626457,-0.6654993567813239,-0.8937397394203055,-0.8129122869008305
407,Cambridge_Buckner_sub25099,-0.9479641210256354,-1.0489317586002247,-0.9486822233985975,-1.3164566778381053,-1.6984951774441424
408,Cambridge_Buckner_sub26348,-2.2170075522116863,-0.9220725042618407,-2.2721424701759796,-0.7979866365730354,-1.0447476617865514
409,Cambridge_Buckner_sub27065,-0.8232241584904094,-0.9770881077578988,-0.6728099181017276,-1.1882872318845221,-0.8226935668646714
410,Cambridge_Buckner_sub27230,-1.2146874024250385,-1.8374339224265366,-1.112484909196918,-2.3975207633365474,-2.700076030437974
412,Cambridge_Buckner_sub27796,-0.8791466906873888,-0.863727584708226,-0.7605950180418706,-5.339362875027597,-0.8160178222380868
413,Cambridge_Buckner_sub29044,-0.8746504856454779,-0.8733415708176192,-0.6368033006941769,-1.1337593270785218,-0.8784567637402456
414,Cambridge_Buckner_sub29425,-0.7976316533992902,-0.8370016736870974,-0.6897115596851621,-1.2906326546630786,-0.8139961268226055
415,Cambridge_Buckner_sub29800,-1.3882586738856857,-1.034620783189021,-0.6801491673074576,-2.8388158924429368,-1.1293648089223018
416,Cambridge_Buckner_sub31522,-1.6401517852669254,-0.8614918147724258,-0.6828894735321827,-0.990861810025206,-0.8615409467362445
417,Cambridge_Buckner_sub34586,-0.7837076953177196,-1.8857215983462807,-0.7240950277217614,-0.7987160197693182,-0.8178273388782374
418,Cambridge_Buckner_sub34741,-0.9395769587794311,-0.9027128828440788,-0.6453437986492704,-0.8398187550741822,-0.7800210114748506
420,Cambridge_Buckner_sub35512,-0.8322604710376409,-1.0946116177507903,-2.956630142741641,-1.1593524497325165,-1.3027381300736387
421,Cambridge_Buckner_sub37374,-1.115542297711345,-1.422546788267366,-0.8861753178118503,-0.795248853526409,-1.580168646909799
422,Cambridge_Buckner_sub39053,-0.7764307583803812,-0.9337435741659228,-0.7347956624633769,-1.0649584860943981,-3.14332073181585
423,Cambridge_Buckner_sub39065,-0.7996685423569447,-0.8922150857651762,-0.9552757088064415,-1.26071081781577,-1.0592470711255562
424,Cambridge_Buckner_sub39142,-1.8200330003457605,-1.089329195841828,-1.2128809136236847,-1.331760420060277,-1.3725341471111767
425,Cambridge_Buckner_sub39737,-2.807113236560163,-1.4057193674515245,-1.417437639221244,-2.891865581822068,-1.6841312776634068
428,Cambridge_Buckner_sub41773,-0.8106560367724632,-1.1626795618349142,-1.6727054350714385,-0.825879882138329,-1.648309992822665
429,Cambridge_Buckner_sub41814,-0.8277388316962383,-1.2188633440500307,-1.0576789592900933,-0.9031033342611741,-0.8319306145764899
430,Cambridge_Buckner_sub42146,-1.2659066624390192,-1.2705105870426459,-0.7016078376103384,-1.3606299092270813,-2.6901383628589026
431,Cambridge_Buckner_sub42253,-0.8990978127974104,-0.9215348264130993,-0.7439365136711641,-1.2673769288564345,-1.645968691171384
432,Cambridge_Buckner_sub43304,-0.8957274913464297,-1.6404024282934297,-0.9109522384117663,-0.9147473189903239,-1.6316479407419735
433,Cambridge_Buckner_sub43358,-0.9074956775925934,-0.9496601350450539,-1.534771906042616,-2.3579685974430937,-1.5869860781554446
434,Cambridge_Buckner_sub45344,-1.2852267907608372,-0.926403981571986,-0.6390906064090617,-0.8243713233652928,-0.9601042207237837
435,Cambridge_Buckner_sub45354,-1.0163449289247575,-1.1464191255642457,-0.8116632866344563,-0.8579780334021813,-1.1619663580925388
438,Cambridge_Buckner_sub47231,-0.8439816860707403,-0.9619122532811001,-0.6780020838057874,-1.2859905118547084,-1.0548045829991128
439,Cambridge_Buckner_sub47278,-0.8252957219114823,-0.856856242313954,-1.0175736658970735,-0.8123691879024691,-1.2780302063824645
440,Cambridge_Buckner_sub47498,-3.136194748436194,-0.9853898203422201,-0.9878604360534046,-0.9915085297111148,-2.88721498590005
441,Cambridge_Buckner_sub49259,-0.9260209266969719,-0.8746881766756666,-3.9073138261644327,-1.3879517808655728,-0.8318992417633035
442,Cambridge_Buckner_sub49998,-1.9593106131363438,-0.9238323284618064,-0.7047790162308147,-0.8094771570112077,-0.8941133046704773
444,Cambridge_Buckner_sub50454,-0.8036916562885226,-0.9069575848812966,-1.4745578551732996,-1.3722425308865507,-1.4788304330479702
446,Cambridge_Buckner_sub51050,-2.884162015704561,-1.0847721932972327,-0.6580007630878729,-1.5369986590560105,-2.2622108612181835
447,Cambridge_Buckner_sub51172,-0.8152322618530395,-1.0166946221400237,-1.0353292838817771,-1.3899087261229006,-1.794819799970243
448,Cambridge_Buckner_sub51512,-1.066592834172199,-1.708019434001906,-0.6520159912136484,-0.8219479410063804,-0.876141853223437
450,Cambridge_Buckner_sub52036,-0.8156001415632789,-0.874373243927418,-0.6419332663071753,-1.7847119110764722,-1.0284115043080373
451,Cambridge_Buckner_sub52300,-1.6273389491766506,-0.8417551872222445,-1.6854581482595916,-0.9117644236761919,-1.1667311894192953
452,Cambridge_Buckner_sub52442,-0.7959006780491393,-1.0389242125193954,-1.190125579296655,-0.8525320601310741,-1.1891582784047965
454,Cambridge_Buckner_sub53107,-1.1550313989783785,-0.9775004195298427,-0.6672291002156989,-0.9240213578490208,-0.8561660741994749
456,Cambridge_Buckner_sub53296,-1.340539201626301,-0.8885588260970262,-1.48657930343721,-0.7958778285561655,-1.8617212365141405
457,Cambridge_Buckner_sub53615,-1.164729215979958,-1.0582754787121578,-0.6528349348432516,-1.129752664677931,-0.9751695107493794
458,Cambridge_Buckner_sub54846,-0.8973575973626015,-1.4626374567685345,-1.0175736658970735,-5.062631176284677,-1.0126893079236934
459,Cambridge_Buckner_sub55114,-1.9977502465738193,-0.9137294040334515,-1.0221913283543804,-0.834002471922494,-3.117874694718435
460,Cambridge_Buckner_sub55660,-2.8447494396903004,-1.292889212038208,-3.089696002683621,-1.2703810929769692,-1.02630147931851
461,Cambridge_Buckner_sub55874,-1.3037860710622762,-0.882028374515399,-1.2651367807588856,-1.113373855608477,-0.8320593969778496
462,Cambridge_Buckner_sub57221,-0.7893755907283566,-0.8715688487451225,-1.2448029107154102,-1.287180646237472,-0.844293423717279
463,Cambridge_Buckner_sub58360,-1.0484678744447888,-1.7738071121284475,-0.6371217165696043,-0.8867085969145377,-1.438019078121079
464,Cambridge_Buckner_sub58470,-1.2634178601431294,-1.0875342772354553,-0.6702140581352252,-1.4639982473883695,-0.8815495485870596
465,Cambridge_Buckner_sub58682,-1.1928793343365929,-0.8294003718781613,-0.6460733602892301,-0.7959281768167311,-0.923821047865985
466,Cambridge_Buckner_sub58874,-1.961748274438507,-1.2674165878178534,-0.7301010071032226,-1.732171811905086,-0.8576130475694029
467,Cambridge_Buckner_sub59434,-1.0238736413459533,-2.1801827186909706,-0.8969383321282455,-0.9148630620719093,-0.8958159095524036
469,Cambridge_Buckner_sub60578,-1.0862195880006227,-0.8468141751107016,-0.8907823241063862,-0.8078719795210284,-0.8336038238391136
470,Cambridge_Buckner_sub60797,-0.8248146248741745,-1.167130830056048,-0.6948877115559237,-2.846414382794675,-0.8550910585214943
471,Cambridge_Buckner_sub61185,-1.1033043094562467,-0.938528082327976,-0.7476504564117337,-1.0238891461757187,-0.7527971546779006
472,Cambridge_Buckner_sub61209,-0.9918004033568418,-1.0297739649019573,-1.2854658807284334,-1.1784122138919007,-1.4562308589419908
473,Cambridge_Buckner_sub61436,-0.982634561464271,-0.8586995581555588,-0.9311271103363625,-0.8926210374394835,-0.8075413501003733
474,Cambridge_Buckner_sub61753,-0.8460497914151509,-1.16245085236819,-1.7476396512850634,-1.1866319034625046,-0.9615882835417995
475,Cambridge_Buckner_sub62383,-2.902952749662547,-0.8423319699100895,-0.7227279183461867,-0.836357430856129,-1.9915922380278523
476,Cambridge_Buckner_sub62424,-0.8908385239584181,-1.1116828173014828,-1.1161643437707225,-0.8600876299293154,-1.0097165007197895
477,Cambridge_Buckner_sub62732,-0.8478723819120296,-1.2309913613941534,-1.5533019594295339,-0.8260142830259257,-5.938851236217968
478,Cambridge_Buckner_sub62908,-0.8113022208736764,-0.8011946062581448,-1.3667564192514987,-1.4309385611622705,-1.0058832887572715
479,Cambridge_Buckner_sub63412,-2.0513227491297337,-1.6854543543017284,-0.7165701481137313,-2.0609436280292206,-2.4840378348539653
481,Cambridge_Buckner_sub64308,-1.0073464353322579,-0.997376142212429,-3.3248585002319637,-0.9709537833479637,-0.9704707225865764
484,Cambridge_Buckner_sub65682,-1.0073890583593443,-0.8427533028548102,-1.4248595500773142,-0.8103282789051373,-1.5293526814712475
485,Cambridge_Buckner_sub66351,-1.0549215632372488,-0.9017363799450803,-3.024586110736312,-1.5171690806679972,-0.9944461351068362
486,Cambridge_Buckner_sub67117,-2.071997821033476,-4.307324109507274,-0.6489740596469461,-0.8951164570286032,-4.395445712482801
487,Cambridge_Buckner_sub68101,-0.784975821066627,-1.8169449441728693,-0.8428767216507286,-0.926256868571696,-2.548379156713611
488,Cambridge_Buckner_sub68425,-0.8962278892326061,-1.6197685054442381,-0.6546719680461927,-1.1949028439661407,-1.1159026051063476
489,Cambridge_Buckner_sub69287,-1.6414579804118306,-1.583576827307571,-0.6993915230921909,-2.3251253154685854,-0.9521650695061318
490,Cambridge_Buckner_sub69315,-1.2208290971481177,-1.4337274713565564,-1.049054279935746,-1.2217143436804137,-1.981799809832102
491,Cambridge_Buckner_sub69397,-2.2290887929316825,-1.9386377331001008,-0.8804223916022491,-0.7967252640181265,-3.4939581270318727
492,Cambridge_Buckner_sub71849,-0.7829981523842013,-0.9705115990082219,-0.643220879444769,-0.8450251306851551,-1.8251621981751494
494,Cambridge_Buckner_sub73317,-0.7985006879975088,-0.8750647588173094,-0.6696863149286908,-0.9690314547238973,-0.8415940611513056
495,Cambridge_Buckner_sub73399,-1.4821678274477579,-1.6141582860257704,-7.121205505015968,-1.5320768207350957,-2.337405897480715
498,Cambridge_Buckner_sub76745,-1.9709483258646991,-1.0755168750000357,-1.5641663522053928,-0.9859495480082368,-0.9297222747578702
499,Cambridge_Buckner_sub77337,-0.8003275210689544,-1.374744323864841,-0.7367428199625117,-0.980096484608268,-0.843692069571223
500,Cambridge_Buckner_sub77435,-4.166667243416817,-1.9925242631296114,-0.8501053595777839,-1.1862747212070672,-0.8473676193912071
503,Cambridge_Buckner_sub78547,-1.024033196010436,-1.579320707296502,-1.2355577532587552,-1.2255154549565577,-0.8321603167740926
505,Cambridge_Buckner_sub78614,-1.4678201770128587,-0.919312946547274,-1.5864586412174846,-2.3251676131779138,-4.672891658647371
507,Cambridge_Buckner_sub81289,-1.1021262280630553,-0.9803186948999829,-1.0488571795188588,-0.8866633950308788,-0.8403556677157135
508,Cambridge_Buckner_sub81524,-0.9089533250775723,-0.8536247549330722,-1.14001071292208,-1.1599315196871196,-0.7753397530114607
509,Cambridge_Buckner_sub81562,-1.4068583108552866,-1.340591502078556,-0.797851964893049,-0.9057664398147405,-0.8140207817980665
510,Cambridge_Buckner_sub82113,-2.1115790091395494,-1.0129866175100966,-1.6495961797608583,-1.2156020009566821,-0.9489962200019998
511,Cambridge_Buckner_sub82213,-0.9332768732586725,-0.9598775381012093,-1.1141288840141492,-0.8317947870767444,-0.8632363640666653
513,Cambridge_Buckner_sub83409,-1.0098722724518059,-1.020504635199573,-1.194142511180582,-1.2849479660000152,-3.887239665828234
514,Cambridge_Buckner_sub83683,-1.0682577243621536,-0.9612706816711108,-2.177297869602962,-1.9243217312824472,-0.8147137657344578
517,Cambridge_Buckner_sub84504,-1.5984187575707662,-2.8080072799951266,-1.237446365192446,-0.8272490489957204,-0.878589851513396
518,Cambridge_Buckner_sub84845,-0.8848023918350056,-1.2751089129275823,-0.6471186817094564,-1.8090583319294176,-0.8697146285924758
519,Cambridge_Buckner_sub86115,-0.7941111374193647,-0.8565278729378677,-1.8190483746835315,-1.1172875417242984,-0.8526193999938425
520,Cambridge_Buckner_sub86637,-0.9866728824207575,-0.8642108983908992,-0.9917649961558331,-0.7956972255147734,-1.3833497214406922
521,Cambridge_Buckner_sub87846,-0.7938246702893507,-0.893790249277141,-0.7611799649680951,-0.7973258266148083,-1.0548045829991128
522,Cambridge_Buckner_sub88445,-1.1625804501489645,-1.1290188697264245,-0.6798032029039834,-0.8352177838930654,-1.065000919127504
523,Cambridge_Buckner_sub88464,-1.0233484744758328,-1.0728764444226206,-0.7733768018543792,-0.8133353529118861,-0.9546971029506636
524,Cambridge_Buckner_sub88853,-0.7326586502416657,-2.168047109132915,-1.993217404368951,-1.4555920688057051,-1.465410252103454
525,Cambridge_Buckner_sub89107,-3.4288349785880716,-1.8683003188996978,-0.6593899763116683,-0.9840608463258966,-1.639596661870768
527,Cambridge_Buckner_sub89894,-0.996355790895129,-1.317782168139433,-1.3586302060362643,-2.734256714106028,-1.1091098948096298
528,Cambridge_Buckner_sub90059,-1.5017640071171054,-1.081341168416333,-0.7877161742745477,-1.5704798526003145,-1.2945425542367297
529,Cambridge_Buckner_sub90674,-4.336441934460837,-3.86440093056585,-0.6472173442289386,-0.7973069309275694,-1.0348412677065608
530,Cambridge_Buckner_sub90681,-0.8473345972771551,-0.8403229954388459,-1.1041970210198144,-1.0470528348630792,-1.1832724565546604
533,Cambridge_Buckner_sub92393,-0.7854793058094092,-0.8614901350651544,-0.7483156859847321,-1.0533775584858887,-0.8159601184845288
534,Cambridge_Buckner_sub92440,-1.717848779980011,-0.9178419092856348,-2.4508447135388076,-1.2201289949395555,-1.0085947268553153
535,Cambridge_Buckner_sub93269,-0.8592456535443843,-2.003712324316244,-0.8917912662165912,-0.8407754275530565,-0.8044067578930783
537,Cambridge_Buckner_sub93609,-1.1835914436217212,-1.7156511600617483,-4.4369592176274155,-0.9636694885901685,-0.8229177937905306
538,Cambridge_Buckner_sub94304,-0.8137049213367218,-2.0290483665493713,-3.567082776817941,-0.8115290892153506,-1.1126146278546099
540,Cambridge_Buckner_sub95644,-1.9593106131363438,-1.1585384231954121,-0.6472173442289386,-1.1543454610538815,-1.1984897830746086
541,Cambridge_Buckner_sub95959,-0.9715163817259336,-0.8432240096579412,-1.1921314349428622,-0.8193142107234224,-1.0873650348279562
542,Cambridge_Buckner_sub98528,-0.7996685423569447,-1.2137680809113114,-0.6774921366486045,-0.8211459100940605,-1.7153122944244346
543,Cambridge_Buckner_sub98624,-1.1339900661462226,-1.5006144272730817,-0.8070234606545875,-0.8266325177853447,-0.8431137802961807
544,Cambridge_Buckner_sub99085,-0.9731774431834194,-0.884147247444514,-0.9746814109221191,-0.8937439475422251,-1.4487660296120333
545,Cambridge_Buckner_sub99330,-1.5763100889254182,-0.9142604617172931,-0.7897872634885094,-0.8086378570822691,-0.885011998540166
547,Cleveland_sub02480,-0.9092524478856238,-0.9577150945177395,-1.536941399378551,-0.7471599483869406,-2.0254134855287846
549,Cleveland_sub12330,-0.9585319638170596,-0.9014890730063894,-1.3557299921834216,-3.8382763167021823,-0.7725084309285378
551,Cleveland_sub17946,-1.4213019619863658,-1.7917469250452878,-1.021986888233729,-0.9138210572193649,-1.1914326804709865
552,Cleveland_sub18011,-0.9737911457410274,-1.4807765363720988,-0.9975409162561261,-2.2323087487093822,-0.8960605557827019
553,Cleveland_sub18566,-0.7393307985626874,-0.8704258094164113,-1.370048574460765,-1.4186932568613941,-1.5169239966339998
554,Cleveland_sub19005,-1.0501389876731873,-1.0260683946800593,-1.4355865626966164,-1.0010032762309709,-0.734768668524465
555,Cleveland_sub20003,-1.825684609867119,-1.4415585689823696,-1.0952658706754181,-1.8717141015377816,-1.0324327786087848
556,Cleveland_sub22736,-1.8145853753476648,-0.8190332247683523,-1.0020447578940979,-1.0046141059475295,-1.4362854428068712
557,Cleveland_sub22935,-2.448837049636377,-1.8438282814279434,-1.1076444043535496,-1.7073177844293286,-2.2927020366225377
558,Cleveland_sub26557,-0.8201019657305775,-0.9928402520608007,-1.803974201181392,-0.9019431150618389,-1.0147428459516619
559,Cleveland_sub28596,-2.051388484469728,-0.8955002928013959,-0.8899194582069199,-0.8325811043866473,-1.1679837702231728
560,Cleveland_sub34189,-1.1044101642923885,-1.2029612584221714,-2.3689248866669983,-0.740672838504421,-0.8087336715285254
561,Cleveland_sub46075,-0.995392877199683,-0.8928506752057883,-0.7313354273865246,-2.13852952342136,-0.9262621059380496
563,Cleveland_sub47482,-1.1417032830346823,-0.9869916620220794,-0.6644309797463662,-1.0671113349962686,-0.7998919944463642
564,Cleveland_sub50092,-1.1379611596421386,-3.5954094900826,-0.7760613113628586,-1.7664375192154855,-2.2665001370397375
565,Cleveland_sub58811,-1.253613188262538,-0.947176003524444,-2.7882005882463856,-1.258599079773501,-1.0539719270669086
566,Cleveland_sub61868,-1.5146601743970158,-1.0569842667520133,-1.118957920014731,-4.396497586841766,-1.8526711826714397
567,Cleveland_sub64706,-0.91681924753499,-1.3613242857312844,-1.3049205391390446,-2.3546911081413517,-0.8979351908354615
568,Cleveland_sub65858,-3.113081121923097,-0.8961435599206145,-0.5842534956499289,-1.344719088563663,-0.7643992731991873
569,Cleveland_sub67936,-0.8522070880337117,-1.3919942674682342,-1.7797296721574856,-1.0028996007709459,-0.8408052690793031
570,Cleveland_sub75398,-0.7095341305986159,-0.8775784218370477,-0.7528556798216427,-1.637347873072635,-0.7309522081914509
571,Cleveland_sub76139,-1.896043204977782,-0.8715485540685578,-2.052105051802615,-4.334876778343063,-1.9084961132899467
572,Cleveland_sub80263,-1.291536086829447,-0.9195853330087549,-1.0145939882143635,-1.0114612616917291,-0.6878891049209936
575,Cleveland_sub92232,-2.447937362074907,-0.9719244350885171,-0.7422545823515546,-0.8397629633802544,-0.9928243714584853
577,Cleveland_sub99664,-2.422579316512134,-2.005119097309331,-1.010592542476302,-1.7519416214058696,-1.422271892221425
579,ICBM_sub00623,-0.9680199950734736,-2.3002799594785275,-0.6910693877156397,-0.8083201700417103,-2.0123905776340147
581,ICBM_sub02503,-1.3360954398565532,-1.0977006688049007,-0.8009767861743469,-0.9811921387841857,-1.1345513159867642
582,ICBM_sub05208,-0.9825055166084817,-1.3071373213912907,-1.5099745173600998,-1.6439992609420555,-0.9692873038900801
583,ICBM_sub07286,-0.7391109264514643,-5.739780567164907,-1.0764183124514997,-2.989727649330181,-1.9161310340551123
584,ICBM_sub08255,-3.6854274322349654,-0.8890039406351775,-0.7520162482658956,-1.1207552001812429,-0.8973811511338634
586,ICBM_sub09539,-0.8077711926670536,-1.6991645958498505,-0.7492534843334498,-0.8311202665334774,-0.832097744585255
587,ICBM_sub10582,-0.8058028846360695,-0.8708921294779784,-1.2306779960075214,-1.5105233885258251,-0.8357162995124466
588,ICBM_sub13384,-1.0397296565928207,-2.573443525741488,-0.748939987398649,-1.0964565389389958,-2.1814446733105735
589,ICBM_sub13478,-2.5280582992817524,-0.8968380245960599,-0.6907246028964819,-0.8356241907630566,-0.7806999124534444
591,ICBM_sub16607,-0.9435530819308483,-0.9058350470518589,-0.7125104798588864,-1.3217264501029484,-0.8441661980630544
593,ICBM_sub20718,-1.1101560227498164,-1.8101612182493787,-2.1445691440453025,-1.0977822295529296,-2.672404388178649
595,ICBM_sub26183,-0.8198056946029441,-0.8163653601864201,-1.9774947562999174,-0.9176990027145272,-0.7686531966131246
596,ICBM_sub26796,-0.7136241108114412,-1.1762767560151264,-0.6963968824842998,-1.5513118250414224,-0.6902339241732557
597,ICBM_sub28422,-1.4057632552496007,-2.8695610502623463,-3.716387971771371,-1.0996583017542654,-1.6468274805048952
598,ICBM_sub28795,-1.1254980348262302,-0.8377753553911295,-0.6516117868582606,-0.834547869047781,-0.8295278344491298
599,ICBM_sub28808,-0.9495890370780409,-0.9457789453583053,-1.2579696938830414,-0.8085730025401696,-0.8500001711176325
600,ICBM_sub29353,-1.9169742482216467,-0.8931632915196195,-0.45246417795205346,-0.6398764439605116,-1.6411486146431944
601,ICBM_sub30003,-0.7316393253083634,-0.9650704910312548,-1.9584026539450778,-0.8316986227663983,-0.8326014160694638
602,ICBM_sub30623,-2.451519828936274,-0.9569881823610813,-0.6588284053108601,-0.8641909812933121,-4.204867416322697
603,ICBM_sub32549,-1.0619103279016195,-2.4099724014188064,-0.8571516397406557,-3.735326827591125,-0.9097123044941146
604,ICBM_sub33677,-0.7250629265644563,-5.784654060536764,-1.3149236077884507,-1.1274703748686175,-0.7058372418126636
606,ICBM_sub35262,-1.4451407848394644,-2.7445239759286046,-1.2354539827953863,-1.8246663659213693,-1.4142199479567035
607,ICBM_sub35370,-1.0078527342090495,-1.2048068124137967,-0.4704659480187429,-0.6503340049951387,-0.8364106124479828
609,ICBM_sub40217,-1.0442132764368808,-0.901173934864726,-0.7748310875626797,-1.3747644344861136,-1.1401359816611674
611,ICBM_sub41546,-0.8058028846360695,-0.8708921294779784,-1.2306779960075214,-1.5105233885258251,-0.8357162995124466
612,ICBM_sub41764,-1.6352916279156897,-3.5464169099740994,-1.5512501470190478,-1.4093719429546088,-1.542220938903446
613,ICBM_sub44077,-1.762298211189994,-1.2437146761374827,-0.9177487974358293,-0.8372897695734559,-1.6576985693478525
614,ICBM_sub47658,-1.7078207121514142,-0.9888090647966977,-1.724418486718302,-1.168409567079866,-0.8157989701013844
616,ICBM_sub48210,-1.2206904842391997,-1.1030359226741768,-1.1324468078445868,-0.7174247166100711,-1.2032287637126
617,ICBM_sub48830,-1.7725301806078484,-1.3963007157143836,-3.1432592849857026,-2.9533199958243572,-2.9752257688825647
618,ICBM_sub49215,-0.8985470282060615,-1.1631697938578043,-1.7111032820083183,-0.9512772552796678,-1.993695057747727
619,ICBM_sub51677,-1.0457608791732937,-0.9319468362416208,-0.9006685952431819,-1.0365847282610932,-0.6808065889190339
620,ICBM_sub53282,-0.6991916683895248,-1.7134541583403542,-0.6672406123012736,-0.861529485141821,-0.8395688501959446
621,ICBM_sub53801,-1.7007960157517086,-1.2272560611787213,-0.5548708177217467,-0.5930265230989156,-1.3091662662091879
623,ICBM_sub55114,-1.5546729064142337,-0.8795270838392676,-0.5239169696567592,-0.7035184307685546,-3.9627063492884864
624,ICBM_sub55656,-0.9766379533096472,-1.2358979277629474,-0.6473257144011075,-0.8547030888901366,-1.488699619896408
626,ICBM_sub59589,-0.7447597073602239,-0.9346774698172498,-0.7221418001383783,-1.5670184724368479,-2.603110845765054
627,ICBM_sub59739,-0.7969241848656212,-1.1603198804195172,-0.5381868779539175,-0.7067182115156573,-0.9842219626542476
628,ICBM_sub59914,-1.439102837910684,-1.248671711062043,-1.368977228929848,-0.9433528281601989,-1.0594118749754522
629,ICBM_sub62937,-1.0723644104141192,-0.93682994191425,-0.742636286743637,-0.8234019222909404,-0.8399497056590601
630,ICBM_sub63280,-2.143960081568763,-1.0670242155169212,-1.4281493627176065,-0.8119027103884345,-1.7555306984685985
631,ICBM_sub65921,-0.8585864123931282,-2.079884688885221,-0.86648649636807,-1.4297537923567518,-1.9330410441694597
633,ICBM_sub66794,-1.0189745066652265,-1.8647936935676699,-0.7550597495523551,-1.8729113682094385,-0.9438173859675362
634,ICBM_sub68850,-2.373349729404066,-0.8579836765168146,-3.10606782723308,-1.61656324567869,-2.220329392598476
636,ICBM_sub71932,-0.9955311279113634,-0.8515038493269463,-0.9664218241371287,-1.2874783639030019,-0.8801777646316694
637,ICBM_sub72135,-0.71768516220357,-0.8754495743914372,-0.7890828498407091,-1.3876245117824355,-1.5375303352405838
638,ICBM_sub73490,-1.1796748462537099,-0.897688346321889,-0.7445767720391142,-0.6102792325767349,-1.0484601766552248
639,ICBM_sub76325,-1.0148681704351963,-0.9174450973361653,-0.5967635291776641,-0.6920785881855034,-0.87879934239991
640,ICBM_sub76678,-0.7369394509761119,-3.1502533477844863,-0.7631189093801715,-0.7763572882549056,-4.669565611809026
641,ICBM_sub77431,-0.9503858743099757,-1.194981285137219,-0.9019889215084838,-1.0558145665072958,-1.763921254678808
642,ICBM_sub78297,-2.9355102029580737,-0.9352340145023862,-0.68570954591577,-0.7320684861035947,-1.203429887101051
643,ICBM_sub82221,-1.285729172713989,-1.3617880962753086,-0.5293922881767745,-0.8550851799382356,-1.8972180317468401
644,ICBM_sub82228,-0.9656326561188333,-1.187251842356303,-1.316791932002145,-0.8433401092333334,-1.0934312018699601
645,ICBM_sub82754,-0.7313566948217978,-0.8286526013698924,-0.7372543099065092,-0.8735785935387008,-0.8073061172074516
646,ICBM_sub85442,-0.8915881100964071,-3.6491272381219546,-0.9788255770839849,-0.8685036371662406,-1.0105913760212246
647,ICBM_sub86203,-1.598467229795656,-1.2970155556556695,-1.3773071620666713,-0.8281050893348821,-1.525118880521273
648,ICBM_sub86516,-1.5474638896686495,-0.9313974605234935,-0.7442311351758911,-2.813121635640612,-1.7407020806199265
650,ICBM_sub87217,-1.2268826140532765,-1.2897011029460024,-1.9224541955626013,-0.7208574839546795,-1.345502617187353
651,ICBM_sub89049,-2.471582601655257,-0.8523317080826405,-1.1332488660135178,-0.8517130692743954,-0.733997797467841
652,ICBM_sub92028,-0.9313046160444046,-0.9000781939520133,-0.6324657662071208,-0.6901061923450319,-1.1922642679161413
653,ICBM_sub93262,-1.3618077774511446,-0.9441999757501912,-2.231890797888491,-1.0383015091736874,-1.6046636041203077
654,ICBM_sub93975,-1.0059878100793624,-0.8644931135579912,-0.5555229684182059,-0.7361313076764067,-1.0235768813453994
656,ICBM_sub94169,-1.5076646606836799,-1.5645703909837816,-0.8128085299292818,-0.8830211154879721,-0.6865915059457689
657,ICBM_sub94945,-2.4118804383703756,-1.3546621964523293,-0.7092453163427029,-1.3254999348380487,-0.8598274160236675
658,ICBM_sub95400,-1.1384274223895576,-1.903566704325231,-1.2528855612591545,-0.8794098605139667,-0.7561755410450353
659,ICBM_sub95971,-0.8920151327695025,-0.8735843732347465,-1.0156420653696863,-1.218240879666555,-0.6930922971615332
661,ICBM_sub98317,-3.772663626341329,-2.7723074247056245,-1.4549999161162481,-1.1495549420197502,-1.5314032788322387
662,ICBM_sub98802,-0.8861480110898887,-1.074330952851636,-0.8600621434021635,-0.7152028826534123,-0.9632359473244078
664,Leiden_2180_sub08518,-1.1736213034216876,-1.266525731261538,-0.6919960212720503,-0.9425597611733879,-0.8596098257223714
665,Leiden_2180_sub09796,-0.8142684997471947,-0.9258213497432551,-2.8994246851409375,-1.1987362704664322,-0.8332943636880327
666,Leiden_2180_sub10481,-0.8917953145740839,-2.4530814155155456,-0.759862764250806,-1.0463078849648884,-0.8534284632269631
667,Leiden_2180_sub12255,-0.9385278480914916,-1.156119712980923,-1.3296264428449533,-3.4565121485458508,-0.9537437164268248
668,Leiden_2180_sub19281,-0.8547683366762873,-1.0410834978273118,-0.7921215349778027,-0.8548386292096509,-1.0342346751751281
669,Leiden_2180_sub28473,-1.203258564799437,-0.9383593385047452,-1.2216738438621046,-0.9713230831174481,-2.4106675019044785
670,Leiden_2180_sub38454,-1.022977867277636,-0.9940086686995838,-0.7236477473495123,-0.8353408749732059,-3.0443599929764016
671,Leiden_2180_sub52853,-1.5437598330263063,-0.8475083003256086,-0.7893932124850064,-0.8766999457634619,-2.4798934037065616
672,Leiden_2180_sub56299,-1.1786905364176332,-0.904533980514261,-0.9589946968055354,-1.8097530252637504,-1.0261239159739775
673,Leiden_2180_sub58194,-0.9431396857728608,-1.3683877317265338,-0.7128932093858986,-1.259805942000263,-3.265736385398829
675,Leiden_2200_sub01787,-1.1120658585712604,-2.0949747177260143,-0.9972738940584581,-1.2722060590092794,-1.3764110315116598
676,Leiden_2200_sub04484,-1.254882248062355,-2.2188032864195493,-1.0246178236824275,-1.1367969818104338,-0.8259233886843271
677,Leiden_2200_sub13537,-1.4682744444135885,-1.0566589717919292,-0.9231088186662573,-1.9426887091461722,-1.0920400363690312
678,Leiden_2200_sub18456,-1.037462819712646,-0.9307173599799836,-0.8308620025583686,-0.8727224832317144,-0.9662325442922857
680,Leiden_2200_sub36743,-2.1701702264292173,-1.203850588448184,-0.7894255343871748,-0.9107179804775594,-7.643470684114747
681,Leiden_2200_sub39335,-0.8646975962755479,-0.9013880317543745,-0.684373433195573,-0.9032556392278128,-0.8400724317003591
682,Leiden_2200_sub40907,-1.2378693095853843,-2.925533954137784,-0.9549766168184606,-0.8233600247454603,-0.8523745291711505
683,Leiden_2200_sub52922,-0.8954852372378438,-1.1035220666553691,-0.6982606748022674,-0.8779943313138818,-3.1145505322994254
685,Leiden_2200_sub64642,-0.8575291108165101,-1.0235425846126323,-0.8759266140661296,-1.5351974054651298,-0.8561009510123571
686,Leiden_2200_sub66131,-0.8974982226118523,-0.9122884179705546,-1.054985608576921,-0.8422125434684444,-1.0535427499658025
687,Leiden_2200_sub68050,-0.8905130625401102,-1.1730643823271463,-0.6628380409667501,-1.0026874393153253,-0.8726613265508594
688,Leiden_2200_sub72247,-1.3329992326661604,-1.686029461135944,-0.6762672259336395,-0.8250531512277022,-1.194117159615557
689,Leiden_2200_sub86034,-0.8402486716555773,-0.9990356887353159,-0.6760168051921207,-0.8349203966968257,-0.8378659106011469
690,Leiden_2200_sub87320,-1.1987988805228489,-0.8921399819313602,-0.7689586603575588,-1.1875676638408836,-2.3069062982233004
691,Leiden_2200_sub92061,-2.267475219496661,-0.9642264425986755,-0.7364481155835718,-0.9200076944607424,-0.7898024393308478
695,Milwaukee_b_sub09931,-0.6974517663581025,-1.8420510978273081,-0.704040721141078,-0.949552401343616,-0.7015545186359704
696,Milwaukee_b_sub14692,-0.8837781551327136,-0.8884992556550148,-0.8131110995145514,-1.0610038850363033,-1.2000021849276634
698,Milwaukee_b_sub17004,-1.1756537587891889,-1.1444402381661563,-0.6285270431700269,-1.0396087506979783,-1.1196720765685173
699,Milwaukee_b_sub17987,-3.8166886551446435,-0.9278596761803983,-1.2243707716640724,-1.865937306208467,-0.9349620391428595
700,Milwaukee_b_sub18955,-0.7504439539624965,-0.8889249809665561,-3.0806105611048338,-0.7699909067450271,-0.814175083626073
701,Milwaukee_b_sub21350,-1.640227632045468,-0.9084580976993665,-0.742795099569308,-0.8895904107660865,-0.9234747319191832
702,Milwaukee_b_sub23607,-0.7031202301376476,-1.0706996142143588,-1.8146110900130534,-1.5799186454904908,-0.7664127892426472
703,Milwaukee_b_sub24237,-0.7777500378571511,-0.9107829149856622,-0.8010971886021466,-0.7985495640013025,-1.2006689867026663
704,Milwaukee_b_sub28782,-2.085454157739439,-1.0442501735667835,-1.3945835623661262,-0.9229895594825356,-1.7494801951509336
706,Milwaukee_b_sub36386,-1.1606003686432451,-0.9466279906675331,-0.5357515312615267,-0.9497563588173596,-0.8775932821885456
707,Milwaukee_b_sub39259,-1.0142370303748383,-0.8883054697357617,-0.5833659654538704,-0.8425992880587198,-0.7746199929675179
708,Milwaukee_b_sub44912,-1.3878076330297062,-0.9428237177751951,-1.735779616060965,-1.2249764912307306,-0.9547321590557304
709,Milwaukee_b_sub45019,-0.7192850967100854,-4.420548519050292,-0.8556994779391642,-0.839255978873534,-0.7786161254916242
710,Milwaukee_b_sub45852,-0.9446153469823242,-3.744952064866664,-0.5358354157922604,-0.6398084005699641,-1.0275545832963942
711,Milwaukee_b_sub46312,-0.7358043959465097,-0.9757058833504729,-0.7382446626342528,-0.7634576191248723,-0.9187429890900117
712,Milwaukee_b_sub49975,-1.232283480859512,-1.301141250334984,-2.980963099541306,-1.817526112439741,-1.2706096672453293
713,Milwaukee_b_sub50771,-1.5768629401489156,-0.8880824918422354,-1.483176956701811,-0.795008781975889,-0.8689688300911854
714,Milwaukee_b_sub51182,-1.3177279701793565,-1.23684878233726,-1.7090178827163884,-2.761692324444822,-0.904146497378847
715,Milwaukee_b_sub53971,-1.5374131386020864,-1.644406182534371,-0.7362688485183336,-0.8153361139916185,-0.8091882697286812
717,Milwaukee_b_sub56084,-1.4965144396072807,-1.0836259150539527,-0.5816533470037818,-0.8545016566745188,-1.2330114120023696
718,Milwaukee_b_sub56108,-1.3013387685994915,-2.297356837029104,-0.9390308794044774,-0.7752084011262317,-1.2897192350175941
719,Milwaukee_b_sub56333,-1.0254624805307564,-1.0933080125229877,-0.7112051980060456,-0.7462383926134145,-0.7758651490753607
720,Milwaukee_b_sub56582,-0.8138895451782717,-0.8839852183254352,-0.7600915985930962,-1.1443345815444632,-1.2234925797389475
721,Milwaukee_b_sub58677,-1.1747881697609481,-1.4172062265277678,-1.0168538818881976,-0.8700558640343917,-0.7004255968893816
722,Milwaukee_b_sub58967,-0.8873041353671569,-1.132334645838751,-0.5761661127281541,-1.29161988810166,-1.1567582193565722
725,Milwaukee_b_sub63196,-1.3878076330297062,-1.2254289324477121,-0.6802888359031195,-1.4273642238708104,-1.6979516442202807
726,Milwaukee_b_sub64463,-0.7487966266051322,-2.4340501353678663,-0.7070084800502395,-0.7566897369512606,-0.9465883082042648
727,Milwaukee_b_sub67948,-0.7024282311770841,-1.1898191116407342,-1.2177195641529988,-1.7894371955147765,-1.9226869120396346
728,Milwaukee_b_sub73547,-0.7815042009653586,-1.159444822640563,-1.4257593122468266,-1.2908816912445946,-1.0688341775601775
729,Milwaukee_b_sub75919,-0.7622756728461157,-3.305100951096228,-1.3197333037488235,-1.0055288093506307,-0.8438227709236333
730,Milwaukee_b_sub76042,-1.3503883099224092,-1.4077324260680644,-0.49061374993258616,-1.5662005901475098,-1.3015894495968379
731,Milwaukee_b_sub76378,-1.0661148046787636,-1.0012091853896965,-1.807596326541569,-1.6848176310068,-0.7299000382367137
732,Milwaukee_b_sub77073,-0.8820565404077966,-1.035968960919468,-0.6931128250180469,-1.011841431956441,-0.7968663069776029
735,Milwaukee_b_sub87910,-0.6889637930771547,-0.9017661501194006,-1.2431899798309687,-0.8182748923185278,-0.7384721720273192
736,Milwaukee_b_sub91468,-0.9243508883231785,-1.098345591230289,-1.1159426732654916,-0.8515475232861339,-0.7476837817008755
738,Milwaukee_b_sub98971,-1.1672740842968439,-0.9729889452625526,-0.5027952818692649,-0.6956743129147849,-0.9529539832304272
739,Milwaukee_b_sub99479,-1.1059173436629661,-0.870907031362987,-0.5755622655025336,-0.7537962230408565,-1.4891190549064965
741,Munchen_sub26223,-1.0130495794199426,-1.1436579730309904,-0.5631438680759374,-0.7219242942771245,-1.0703699814383432
742,Munchen_sub26670,-1.1416557975395383,-1.5630346717749923,-0.5015899039985887,-1.1628345129003865,-0.9878050898112987
743,Munchen_sub28697,-1.1166814399921958,-1.3454693817643466,-0.9992450023770324,-0.8184165966564179,-1.3791302451491674
744,Munchen_sub28902,-1.2900726493656005,-0.9834434850231808,-0.5686205477023696,-0.7106609135210864,-1.4532747728565598
745,Munchen_sub31272,-1.9922672709302627,-0.884535140188185,-4.010315770630119,-0.6894028925017639,-1.6274402105465333
746,Munchen_sub36052,-0.9953714649711833,-0.976524840407774,-1.0707259395742388,-0.628241308656152,-0.9524016143475084
749,Munchen_sub66933,-1.1875004186317475,-1.428171929562717,-0.8781706919603876,-0.8211428760370761,-1.2793020148727643
750,Munchen_sub70942,-1.1153708178317678,-1.5234488746904729,-0.8193098083119802,-0.6000050111821492,-1.190314200236069
751,Munchen_sub72095,-1.1045279525421865,-3.3436119183888775,-0.8181278362930758,-2.375347154372115,-1.1823563053495405
752,Munchen_sub74607,-1.1481532189486139,-3.174954434222186,-2.419922870688041,-0.662826873284136,-1.0173173215124047
753,Munchen_sub81737,-1.1946779464883874,-0.888410254250365,-0.5645960299626709,-2.0360517927556923,-1.162385173956592
754,Munchen_sub96752,-1.4066841192759736,-1.2377079212493873,-2.202994800573599,-1.4897770059322537,-1.8894677428361006
756,NewYork_a_sub02503,-1.0437789581169519,-1.6440729889934365,-0.9127659907746353,-1.1876896661197347,-1.5361388444494368
759,NewYork_a_sub07578,-0.7908942762348822,-1.0016438990940797,-0.7116476126767433,-0.9123157576541826,-0.9148378063065113
760,NewYork_a_sub09539,-0.8082899886853362,-0.868513746468138,-0.7190287446769823,-1.3641234806644194,-0.8196578481490994
761,NewYork_a_sub10011,-0.719529174396418,-0.9480807772811561,-0.8635287728503511,-1.0896474972383277,-0.6812077567426604
762,NewYork_a_sub10582,-0.9412331912155263,-1.6326287801149442,-1.3970163680879553,-1.5007033194621955,-0.7019686069458553
763,NewYork_a_sub13384,-1.066433765812713,-0.9584175386388211,-0.7098444151171402,-0.820409965827046,-1.03297718298694
765,NewYork_a_sub16607,-0.9588485405389263,-0.962771515455697,-1.0487186026775033,-1.0119319196760117,-1.1410943594563474
766,NewYork_a_sub17078,-2.47850346442901,-1.3780488733090472,-0.9898342364337542,-1.5443113669256787,-1.3962921430281277
767,NewYork_a_sub18638,-2.5902612863543646,-0.827346789141481,-1.7449292021119147,-1.103490310204619,-1.0490842008701937
768,NewYork_a_sub19579,-0.9487819260635495,-2.0154937240587225,-0.9576247665453479,-0.8895721440883763,-0.9821319982241234
769,NewYork_a_sub20732,-1.1859623550539489,-1.4782774438004596,-1.0289979816396964,-1.9426480550789584,-0.9321920250616219
770,NewYork_a_sub21212,-0.8531923602468724,-1.2207076116739712,-0.7019589084645397,-0.8301400311462753,-0.803176224989653
771,NewYork_a_sub26267,-0.8799369932240713,-1.5951839678705262,-0.7830758508514517,-0.9509768679616248,-0.8631712410982347
773,NewYork_a_sub28795,-1.0013789086379425,-2.5063399265493738,-1.6670601581105169,-1.091159818368224,-0.7940878060029342
774,NewYork_a_sub28808,-0.8616479313761224,-1.1778462191500518,-0.716825728159619,-1.2376353942071159,-0.8139390702876524
775,NewYork_a_sub29216,-2.1646831369676485,-2.2087507445436776,-2.1207261316065695,-6.0185439002355805,-1.3815733527822796
776,NewYork_a_sub29353,-0.7878303554981448,-1.2070379728327212,-0.8128275460719749,-0.8074191611722178,-0.8105638271700503
777,NewYork_a_sub29935,-0.8526249418621625,-1.5396599347504407,-0.9181156043559356,-3.1189536493056664,-0.8479118450704675
778,NewYork_a_sub30247,-1.1774711170591075,-0.8734614211058666,-0.7945898361530088,-0.8487706712080173,-0.7834065000655405
779,NewYork_a_sub30623,-1.291812857253173,-0.8104240839792884,-0.6399090433453485,-0.8135037093580648,-0.9692088296158284
780,NewYork_a_sub30860,-0.7766297687546627,-0.8373637456120996,-1.186455147659748,-1.1517847077237429,-0.9543710765121541
781,NewYork_a_sub31671,-2.4061432863094594,-2.3542540085364334,-0.8076211313128027,-1.5499538014198355,-1.131045851006489
783,NewYork_a_sub33581,-1.4585682276587122,-0.9529806866207213,-3.0189114011832734,-0.799989660260546,-0.7195338697174629
784,NewYork_a_sub35262,-0.7618638186745016,-0.8336575864282403,-0.8346462627729121,-1.0257805139461234,-0.840835625396149
785,NewYork_a_sub37864,-1.7528537973860479,-0.8675558712232353,-0.7601335625331146,-1.7021392053424522,-1.0249667138255694
787,NewYork_a_sub41546,-0.8665986566456807,-0.9319800037871803,-0.6394569345126554,-0.873304355998763,-0.7884798989957599
788,NewYork_a_sub44395,-1.0543215131637773,-1.2376635930012598,-0.675551801116036,-0.8267298368187344,-2.1943622099668456
789,NewYork_a_sub44515,-3.1513797032450346,-0.8657632121934902,-0.6866219260573287,-1.0297740008716323,-1.0990794165473143
790,NewYork_a_sub44979,-2.227564831935419,-1.302051014624081,-0.698262580661031,-0.8328931140452092,-1.3245214695682275
791,NewYork_a_sub45217,-0.6715621581686273,-0.9337684638518675,-0.8367779390791164,-0.8856711641860694,-1.400998521969085
792,NewYork_a_sub46856,-1.176538100530505,-1.3092596743185183,-0.8117824933114549,-0.9718524954981556,-1.8224159071867452
793,NewYork_a_sub47087,-0.8860830964570912,-1.0301500329720525,-0.6616010552770788,-0.8160321259671725,-0.7667487652179311
794,NewYork_a_sub47633,-0.7694461915918177,-4.010696683315741,-1.2076098077417234,-1.6626954100660132,-1.2197011497658683
795,NewYork_a_sub48830,-0.7944956061654804,-0.9222702763865384,-1.2495077792155127,-1.0422196692089405,-0.8056774991249283
796,NewYork_a_sub50559,-0.845775590203687,-1.3790124523068086,-4.0153332030749604,-0.9164081558226156,-1.0842693040351334
797,NewYork_a_sub51309,-1.0204472788521226,-1.6381730531239045,-0.8997262186524824,-1.4542394980838165,-0.7449759429471737
799,NewYork_a_sub53710,-1.019163625775619,-0.9633359318641743,-0.7090009636702762,-0.9259081945452232,-1.7069908492335104
800,NewYork_a_sub54541,-1.0827486317308346,-1.4532152006955341,-0.8396693818663193,-1.0102027694910094,-0.7448412874409861
803,NewYork_a_sub55656,-2.5415452368392093,-0.9805081341045064,-1.3888479821970556,-0.9479303169000894,-1.6244155300264183
804,NewYork_a_sub58313,-0.8644963101661597,-0.9565515464881383,-0.6762666483466179,-0.947609960567814,-0.8488188731179277
805,NewYork_a_sub58451,-0.7025344888659145,-0.9462939898096651,-0.770287556657693,-1.130252266239151,-0.9254462067489169
806,NewYork_a_sub59589,-0.8553610183832693,-1.002468587703869,-2.989141526536112,-0.8331588312464668,-2.2808863957688095
807,NewYork_a_sub61001,-1.018137007108082,-1.325440717774476,-2.3794497037047018,-1.0219276656676157,-0.9615085430138272
808,NewYork_a_sub61241,-0.8788287372144677,-1.1260247841413469,-0.7184181292096247,-1.0390928475379388,-1.7015262729408442
809,NewYork_a_sub63280,-0.8200629662083085,-1.9099429161227517,-1.6865951173810503,-1.0269552918162466,-1.0758256073959214
812,NewYork_a_sub66794,-1.2658443752813642,-0.9517176829343538,-2.2723359406529773,-0.8779909756175154,-0.8341904287498172
813,NewYork_a_sub66941,-1.160304961983608,-1.371544993658949,-1.2435593948503194,-1.0536199834233733,-0.8389547193573118
814,NewYork_a_sub70566,-1.2198548897553294,-1.1837450128712983,-0.642086271536051,-3.786368591512046,-1.57431860739379
815,NewYork_a_sub70752,-0.8575693658655549,-1.7902090440779506,-0.9161730957598385,-1.1418824376356937,-0.9186316585485955
816,NewYork_a_sub73490,-1.6584782954912052,-1.2480810375118558,-1.3494377895823806,-0.9908443075642034,-0.8058022865195177
817,NewYork_a_sub80566,-0.7547458478480076,-0.93307590591993,-0.6442793742677043,-0.8154719146181106,-1.1086405932625512
818,NewYork_a_sub82228,-0.8489197165668667,-1.193615319001152,-1.4095698321536085,-1.1851491811138772,-1.119154162928921
819,NewYork_a_sub82716,-1.0708913611123803,-1.8437530691379937,-0.8058115679838482,-0.838450183620368,-0.7108049213775702
820,NewYork_a_sub82754,-2.3402771252142442,-0.907906644433188,-0.7315081291118971,-0.8060146302986767,-3.370398196962902
821,NewYork_a_sub83782,-0.7579921084641916,-1.9345564647320808,-1.203733545911438,-1.3211256329807248,-0.7911524348449217
822,NewYork_a_sub83978,-1.055110728209041,-0.8104029939576595,-1.1340368302423065,-0.9974525346314838,-0.762534260873312
826,NewYork_a_sub88286,-1.6445572973109113,-1.5554877961326572,-0.9920215794469468,-1.7567848521012035,-0.8501420822155651
827,NewYork_a_sub91196,-2.657910340620658,-1.930925554785787,-0.8227158578851654,-0.9467427984814074,-1.4478515770573535
828,NewYork_a_sub91953,-1.0049972906492113,-1.7768268277214647,-0.9492098294541839,-0.8625424694968576,-1.2390198415564322
829,NewYork_a_sub93262,-1.5851746795933408,-1.097855875947671,-0.6447306916224377,-0.8434861858259577,-0.810280020952334
830,NewYork_a_sub93975,-1.0736387568823984,-5.288747919143086,-1.2968334504438557,-2.834266253534015,-1.0447836946266047
831,NewYork_a_sub94169,-1.4700268622810333,-0.8170743089740842,-0.6735014560520233,-1.135528908612922,-0.8444550239672147
832,NewYork_a_sub94945,-0.8763640023899393,-0.8067340594553695,-1.0950948456503633,-1.2147016725474797,-0.9740998093932288
834,NewYork_a_sub97008,-0.9129866272423205,-0.9583156864445596,-0.9308191902612851,-1.1436934726157857,-1.472527952754315
835,NewYork_a_sub98061,-1.7979582817781539,-1.2833256861247004,-0.8661143710381071,-3.1957831827522205,-0.8415906380741713
836,NewYork_a_sub98076,-1.6991173256712957,-0.9238697320650754,-1.289222227417093,-1.722855631159201,-1.9180191538920268
837,NewYork_a_sub98802,-1.0033984892392942,-0.9176088177388996,-0.9321546087915956,-0.8037594475870066,-1.4819623359998926
838,NewYork_a_ADHD_sub03951,-0.7225126677380099,-0.9708774809372617,-0.9967003938567282,-1.657290928842609,-0.9148946836899982
840,NewYork_a_ADHD_sub12486,-1.8330651271457976,-2.280864855929209,-1.4916461638357326,-2.1825544198582483,-3.8547936745011158
841,NewYork_a_ADHD_sub14299,-0.9006522129012006,-1.5530986316263118,-2.0759574326764336,-1.5877575365417582,-0.81341697106826
842,NewYork_a_ADHD_sub14465,-0.7173108277364275,-0.9142474441936941,-3.0006277524395992,-0.8304529946757294,-0.9629223602215854
843,NewYork_a_ADHD_sub15758,-1.706954704173069,-0.8562387224985782,-0.8286900920286295,-1.6214441854448662,-1.3285357089358925
845,NewYork_a_ADHD_sub20676,-0.7176408341987363,-0.9033302955196343,-0.7444810627528401,-1.6183973777637723,-0.8896986765712854
846,NewYork_a_ADHD_sub20691,-3.7050467415826596,-1.7302396473845225,-4.927468264851942,-1.1311384477937696,-1.8537257697729568
847,NewYork_a_ADHD_sub22349,-0.9217308088193817,-1.3175054768543208,-1.0941667771528345,-2.6450035433980035,-0.9771737947436039
848,NewYork_a_ADHD_sub22608,-1.5129818152901269,-0.8406554246717817,-0.7979014990499245,-1.7125339024962265,-0.8210601975535778
849,NewYork_a_ADHD_sub23844,-1.7080262853834705,-0.8744098340103672,-0.6652527307286126,-1.1790480135670673,-2.2917658316454004
850,NewYork_a_ADHD_sub24528,-0.7973683571057163,-0.947392817979364,-0.9922193577739589,-0.8582278610260381,-0.9355331976979103
853,NewYork_a_ADHD_sub53461,-0.7957210528883502,-0.8217222742542549,-0.7805492304657233,-1.1429922769690757,-0.819932999228097
855,NewYork_a_ADHD_sub56734,-2.1949361318583067,-1.035828131354036,-0.7295163309128392,-4.211580111012717,-3.4196273247752864
856,NewYork_a_ADHD_sub59796,-2.8908120370156065,-0.8528052799219294,-1.5264579939509544,-0.8538803548485463,-1.1682332831110382
857,NewYork_a_ADHD_sub63915,-0.6942342137921681,-0.8955088400866289,-1.2322064876144623,-1.2299790460021756,-0.7200745830318305
858,NewYork_a_ADHD_sub69779,-1.2621826306613477,-1.1555115778126932,-1.109894847440919,-1.9779658284266606,-0.8349649513081581
859,NewYork_a_ADHD_sub73035,-0.8235913145856405,-3.850061592819313,-0.6877343251423298,-0.86997774193324,-0.8014107013618426
860,NewYork_a_ADHD_sub77203,-1.250975133082386,-0.9445701183541455,-0.8832961005446883,-0.8666248503751521,-0.8201829829414091
861,NewYork_a_ADHD_sub77903,-1.0474371957659196,-0.8323396495442094,-0.74740103608803,-2.0288582113463933,-0.8972891419075785
862,NewYork_a_ADHD_sub84371,-0.7767661286782991,-0.9700988815836386,-1.4746487651352669,-1.853153665722118,-0.8614793789079163
863,Newark_sub13411,-0.8000601964152642,-0.8798269492047274,-0.6726453246744554,-1.0305067246803175,-0.8131290569127063
864,Newark_sub32580,-3.66535774620679,-1.0369308728728919,-1.106874921286854,-1.1888630218538039,-0.8022606712040627
865,Newark_sub36023,-1.0219941715254148,-1.3012976087322297,-0.7869586580223257,-0.8601287922448828,-2.440794095591558
866,Newark_sub41006,-0.8273164949755994,-1.8226397183004013,-1.409597012819346,-0.8719379255305366,-1.4569199661197647
868,Newark_sub46570,-1.0918924788485365,-1.5771968477411165,-1.2868555839195415,-1.2819410985970174,-0.9284107953505689
871,Newark_sub54933,-3.5017661902299144,-1.5364816804954642,-2.528538406471179,-1.87266045855415,-0.8741562977918734
873,Newark_sub58526,-1.0944838657032008,-2.0883945638410757,-3.6793945796262975,-1.4778919515889466,-0.9909236732305767
874,Newark_sub59397,-0.8006836406338055,-0.8817538122742831,-0.8928653310889915,-0.8452909237472754,-0.823672424451679
875,Newark_sub59799,-0.8069704965868747,-1.0012590299921829,-0.7159759738012913,-0.8366853697886104,-1.2600219619905306
876,Newark_sub62985,-2.900088803303403,-1.0101529596698429,-0.7580386756720394,-0.8348564874316624,-1.6207008798598816
877,Newark_sub71042,-0.8197189956708855,-1.2035865694412313,-0.7501968155370732,-1.6237900989823681,-0.8850393345638031
878,Newark_sub71743,-0.8703020480780621,-1.0916207826850994,-0.8522956007581473,-0.8309240117807415,-1.1944317421908488
879,Newark_sub76647,-1.3435118533135328,-1.0395132520849188,-0.6863316749201749,-1.1394599595090042,-0.8960341773572333
880,Newark_sub78225,-0.9101559522740428,-0.8786227683417002,-0.6623872376802036,-0.8258516716389002,-1.6272905268432842
881,Newark_sub86204,-0.8190983270965029,-0.8616461466163683,-1.0146850911531224,-0.8950636577670072,-0.8412509766706633
882,Oulu_sub01077,-0.7887501521535035,-1.198422819956132,-1.7826214948470567,-0.8020429884562758,-1.1889523466399001
883,Oulu_sub01241,-0.929566126016248,-1.4248724314573389,-0.7017790527797751,-1.444531222681244,-0.9515830783131801
884,Oulu_sub01261,-0.875511293482091,-1.4508832622713141,-0.9821146306242032,-1.0392654858601527,-0.8335954976820096
885,Oulu_sub01679,-0.8617714795361736,-1.4766098771003484,-0.7619303025911812,-0.9059155614177637,-1.7244148411154323
886,Oulu_sub02036,-1.2584777358557502,-1.0396258152237199,-0.6721406090879349,-0.7994032562456855,-0.8132952947533801
887,Oulu_sub05081,-1.0346981638904296,-1.2194190134531044,-0.6980513681940735,-1.3174668793173698,-2.5807284547370086
888,Oulu_sub06307,-1.2420709058228039,-0.8608521731396646,-0.6427708283776848,-1.595657253884494,-0.9927474045095276
889,Oulu_sub07552,-0.7792802126667213,-1.020723487681884,-1.4041332672413165,-0.8691965298606721,-1.294336397825098
890,Oulu_sub07876,-3.3788150549923697,-0.9051772874942628,-1.7532008009477829,-2.6079259598549624,-3.656182855231378
891,Oulu_sub07946,-1.1666618750320692,-1.0354728136481053,-1.1952351014879914,-1.0642206986896807,-3.2685046015462484
892,Oulu_sub10958,-7.330243667616715,-1.6492422528645885,-0.6802327039612344,-0.8149998782926385,-4.980920502646179
893,Oulu_sub12060,-0.9415403866549023,-0.9284038493232727,-0.6443350517467689,-1.5578616163243535,-1.9396147340274672
895,Oulu_sub12152,-1.0654334495490896,-2.1200456199957176,-0.6501908802985292,-0.9510667524767366,-1.376477520937955
896,Oulu_sub12379,-0.8342782183253964,-1.2225357194052016,-1.2438403509583622,-0.9206191120577129,-1.1131036963755574
897,Oulu_sub14473,-0.9903566660777238,-0.8814993475679166,-1.5213263349316206,-0.83348435227961,-1.0805565418325325
898,Oulu_sub14725,-0.8223362700272467,-1.0763648549047702,-0.6474773560667216,-1.003837694048322,-0.8199049860708225
899,Oulu_sub15128,-1.4277200869997178,-1.1419738958092607,-0.652988812465874,-0.9571255933664077,-0.8290055489246314
900,Oulu_sub15422,-0.9018312103992919,-3.5833698492623505,-0.9511959322927052,-1.0624560384464106,-1.663172788173256
901,Oulu_sub16378,-0.8385370988591433,-1.0677563870632076,-0.6422841848623199,-1.0960570872965771,-0.8785826079702425
904,Oulu_sub19971,-0.8264567435078832,-1.0743476350147132,-1.3705773827021428,-0.9364673663230031,-1.0949366877010966
905,Oulu_sub20495,-2.1251454077251295,-0.8768494623389828,-1.199402147949767,-1.0733599688626578,-0.95709808937235
907,Oulu_sub21499,-1.3073176291184683,-0.9084886183549651,-0.636486226329855,-0.8267200024857184,-0.8053851544875591
909,Oulu_sub22180,-0.8388843411866916,-0.9474304800334288,-0.6640995539876376,-1.1431632535711782,-0.8288548874566303
910,Oulu_sub23392,-2.889184540734324,-0.8317113614044298,-0.8848313781501704,-0.8071098005093877,-0.9024502746867075
911,Oulu_sub24781,-0.9907031117284965,-3.2395846328568987,-0.8678548773049328,-2.0201712516206065,-0.9056711381720495
912,Oulu_sub25331,-0.7876305562787831,-0.8360612854533355,-8.282135369481416,-1.5368049595352091,-0.8251894395052994
913,Oulu_sub26554,-3.603909752604745,-1.1499268424523315,-0.9543199332482017,-0.8626390116467677,-2.175631105757611
914,Oulu_sub27274,-1.1124424984497607,-1.3191370075402982,-0.7235961872678324,-0.870536907602273,-1.0247103581502957
915,Oulu_sub27392,-0.7900370589888763,-0.8795736369500036,-3.505878726502421,-0.8297604837387551,-2.3522736843756746
917,Oulu_sub31444,-0.7849532610209213,-1.1568980187649855,-1.2757417256989279,-1.0517466574048127,-1.8603876807323767
918,Oulu_sub32052,-1.1896547888216034,-0.9816993958822465,-1.2978138963962293,-0.9859762689389278,-1.0757942745877236
919,Oulu_sub32596,-1.0674298212948228,-0.9988096948384759,-0.7947181501397537,-1.779914661070081,-1.7663427404611682
920,Oulu_sub33176,-0.8588376379147461,-0.8322221441439971,-0.6400194348108039,-0.9775802449376964,-1.5754212593158423
921,Oulu_sub35020,-0.8228829630095965,-1.0157558712265176,-0.6533222690922377,-1.1658261686549893,-1.6482682634198487
922,Oulu_sub35232,-0.8798053918666604,-1.344303552722358,-0.6735262655468174,-3.3015405451403117,-0.85187534148232
923,Oulu_sub35967,-3.253482089651749,-0.8334285073564035,-1.387261743641569,-2.3922656619805793,-0.8046698594187074
924,Oulu_sub39346,-0.9569400921565467,-1.0957728725483937,-0.6360288886168028,-0.856368812440866,-1.3935279183721598
928,Oulu_sub41724,-1.57808798810103,-1.58330453524526,-0.7337810227591027,-0.8502256756710653,-1.011002763742908
929,Oulu_sub41731,-0.7817688036212626,-0.9999680584501798,-0.6954114740218201,-0.8172942158910802,-1.1895261905349317
930,Oulu_sub42178,-1.4680353660584233,-1.6157776601607587,-1.2395119994722659,-1.8971725391298242,-0.8739050062965131
932,Oulu_sub43803,-2.4996462719554904,-1.7243950371805632,-1.063440377508734,-2.67239146338465,-1.362166572787654
933,Oulu_sub45566,-4.726680909132746,-1.2733376713865392,-1.7210939253806652,-0.8425752256628861,-0.8063755435029873
935,Oulu_sub47094,-1.4225075263736509,-1.0389043654301056,-0.9910801185124869,-0.9476502337801761,-0.9404248750554383
936,Oulu_sub49227,-1.99061190988507,-0.8505729582771369,-1.196437784644001,-1.0624560384464106,-0.8359907918521929
937,Oulu_sub50637,-0.8904532747297673,-0.9492345992580656,-0.7020838249921708,-0.7981580115878428,-1.1184885893821406
939,Oulu_sub57150,-0.8283566510515157,-2.2836439410601996,-0.9570771915693898,-0.8558528144336686,-0.848890021964748
940,Oulu_sub58867,-0.8531803668025926,-1.3910263940348235,-0.7498862770732911,-1.5549528391259366,-0.9040250382346651
941,Oulu_sub62124,-0.8157801680247273,-1.1322118986971021,-3.014821987152612,-2.0777426032233204,-0.8802560864516037
942,Oulu_sub63516,-0.8042022966375495,-0.9157020121655463,-0.6510714121623936,-1.5985835445569532,-1.5850156014519958
943,Oulu_sub65041,-2.8843553777058957,-1.0582893614242677,-0.6957522479634167,-2.1669677196342394,-0.9668249345008958
944,Oulu_sub65461,-0.7976561549679232,-2.6322809799133777,-1.247055249797424,-1.7894252555423824,-0.8352099006425474
945,Oulu_sub66467,-0.7852664426293615,-1.02749879725116,-0.7431733309712267,-1.2804433213573636,-1.1591175564863592
946,Oulu_sub68752,-1.0715529566659918,-0.9173064226832127,-0.643067805717405,-0.8438986964820905,-0.829730466911431
947,Oulu_sub69925,-3.1069081164141585,-1.861830392350944,-1.0228334602296936,-0.8252576617540074,-0.8392302990663301
948,Oulu_sub72000,-1.640996484663272,-1.5276727020761773,-4.980060933694332,-1.30724560991507,-1.6087302805195574
949,Oulu_sub72795,-2.17540030246002,-1.0639644476327788,-0.6392576156045461,-1.1096324439289877,-0.9438044410622574
950,Oulu_sub73221,-0.8569737596764428,-0.85981080140101,-0.6362980371348035,-0.836304645403308,-0.8186071504506227
951,Oulu_sub73709,-0.8618628597732322,-0.8924752589448908,-0.6483988619324231,-1.612410720940601,-1.1605470218396734
952,Oulu_sub73853,-0.7891561061622193,-0.8453405586433448,-1.264495763741955,-2.185324416102209,-1.3699283452418103
954,Oulu_sub74941,-1.574841731149942,-1.749211107926132,-0.7467029329612048,-3.1240706649832797,-0.817239874560253
955,Oulu_sub75293,-0.8256810367330719,-0.9377632179816574,-1.2193663922903417,-0.8488484210434015,-1.027212479734694
956,Oulu_sub75361,-1.9632987677927392,-2.1018934604196153,-0.9121557130418475,-0.8000099242694552,-1.1367620751671823
958,Oulu_sub76935,-1.312722728252012,-1.5475335351035897,-0.7340587462091324,-0.8117009427773373,-2.2507435649950565
960,Oulu_sub78282,-0.8322673884602705,-0.8375326347668056,-0.66343456981212,-1.441906995992024,-1.0594701282637768
961,Oulu_sub78327,-0.9642683269941378,-0.8345630356027645,-0.6514068750778441,-1.0098993323527161,-0.8813325347581548
962,Oulu_sub78648,-1.4025753324171535,-0.9950423255378755,-1.1201168788275604,-0.8349946249876363,-1.1975272662512817
963,Oulu_sub79784,-1.7583515745566964,-2.5531295636661824,-0.6431202762777911,-0.7992481656000653,-0.8148037634667528
964,Oulu_sub84631,-1.0111251829226846,-1.3555543907894643,-2.565242107352461,-0.8078101161666829,-1.1169233356698767
965,Oulu_sub85532,-0.8943032853558979,-0.8439929386517827,-1.527474486928566,-1.4544375967831995,-0.8880034324757928
966,Oulu_sub86362,-1.234945167796376,-2.7741243367390767,-0.7574949944727973,-0.8041168323931547,-5.543120237790197
967,Oulu_sub86410,-1.5115424699383657,-1.4057142438927763,-0.8632126482147714,-2.188465507856931,-1.1228247191037541
969,Oulu_sub89213,-0.9569400921565467,-3.0170875028874913,-0.7033415263753048,-1.3215157248280403,-2.720278273830049
971,Oulu_sub91105,-0.8070049671634741,-0.9193135854359535,-0.7220570456720485,-1.4555608053934372,-0.8038635423197956
972,Oulu_sub91222,-1.7746243792394518,-1.1314230553214777,-0.993305574992999,-0.8839298427631072,-0.8586564784789585
973,Oulu_sub91232,-0.8637836503241544,-2.148006391924209,-0.636486226329855,-1.0344340602413502,-1.0933656436335197
974,Oulu_sub94314,-0.7852165000023744,-1.3712054823669666,-1.271662578524784,-4.710402282393956,-1.7096493334388816
975,Oulu_sub95854,-0.8991842511689334,-0.9302219211148371,-0.6903024298376428,-2.5714184401933,-1.0060086174657314
978,Oulu_sub98146,-0.871479974742007,-0.9043707688744398,-0.7475584425521615,-1.4921953009110167,-1.1187629536859556
979,Oulu_sub98207,-0.8041528870402201,-0.8672650287723298,-1.0886227987695665,-1.062422418853102,-1.3553726854451273
981,Oulu_sub98661,-1.1278390073680553,-0.8607149999912498,-0.8186756320392039,-1.0442232031956566,-1.6052382122969011
982,Oulu_sub98739,-1.405604665257296,-1.3041939755273093,-0.7663663120323827,-1.093543183951011,-0.8056951807389376
983,Oulu_sub99718,-1.509847397717999,-1.0075667637635368,-1.345901771281111,-0.861838463064089,-1.2451401758771696
984,Oxford_sub02248,-0.828804737668271,-0.8889208491053135,-0.675202074955504,-0.824631046648413,-0.8470012834341408
985,Oxford_sub07210,-2.1478590674911606,-1.555862891485116,-0.9282417481264673,-1.680723558026581,-0.7251059387385215
987,Oxford_sub16112,-1.9722230711233226,-0.8663577229717873,-1.8479867474254195,-1.0331953412489534,-1.7855708226772238
990,Oxford_sub24528,-1.7474384695380019,-0.8240596318105671,-1.2641660568017226,-0.9567385170868209,-1.614315428970783
991,Oxford_sub40095,-0.9674606825559561,-1.0630530813916221,-0.6726683815587075,-0.9596635979531065,-1.048747396832817
992,Oxford_sub40451,-0.9480404906115959,-2.6142251518322124,-4.370956090851968,-0.856981528842219,-0.708217762758971
993,Oxford_sub47141,-5.86060354449287,-0.8223767903013566,-0.7152493728245929,-0.8576873196131001,-0.9690725547884358
994,Oxford_sub48778,-1.3732827670198207,-1.650199274507373,-2.3121048929746966,-0.8885778043119741,-0.828855013264733
995,Oxford_sub56945,-0.7613519357961674,-1.113442808816805,-0.841430999911185,-0.9608680089562213,-0.7302580080249833
996,Oxford_sub57368,-1.145445955658395,-0.8263532147660912,-0.8689685988729975,-0.8483605360834907,-1.1592409944107502
997,Oxford_sub66945,-0.7373540164559144,-1.1879261770283445,-0.6899982761736198,-1.1772730808314658,-0.7267081085531628
998,Oxford_sub68195,-6.1667634211769,-2.027434223118217,-0.8930649225343885,-1.5003538323978112,-0.9310473723118823
999,Oxford_sub71633,-1.419953185295274,-0.8530049953679654,-4.649512596763193,-1.1302370188260653,-0.7735886848777997
1001,Oxford_sub76621,-1.0084235432874942,-1.7658458676212971,-0.6848382060347159,-1.7347822715694092,-1.1631134229253965
1002,Oxford_sub79611,-1.2314451119261745,-0.8360383042987362,-0.8436262914900735,-1.8711288189039001,-0.754146582152989
1003,Oxford_sub80089,-1.6975959095917066,-1.251806280455811,-1.4448246464919863,-0.8499784613123889,-0.7222589498999927
1004,Oxford_sub82071,-1.3510632959645148,-0.8586150982788306,-0.7391942117105432,-0.9177758911825423,-0.8716251904050052
1005,Oxford_sub85152,-0.9954257785741973,-0.8616399743911244,-1.2670194912440162,-1.3044868977768702,-1.168536705471674
1007,PaloAlto_sub15213,-0.8917384880995602,-1.4340622726150063,-1.657792007815798,-0.9245033427033102,-0.7881840787109333
1008,PaloAlto_sub20732,-0.8544523469321392,-1.0125478223267377,-0.9939154539509406,-0.9230118692868342,-0.7403568158228602
1010,PaloAlto_sub38088,-1.8510357361401724,-1.2038021849291085,-0.7831073318921101,-2.1655374170609027,-3.099358433724093
1011,PaloAlto_sub46856,-0.8095429524005996,-2.2147876072787627,-0.8060185676814536,-1.3262047722792576,-0.84929029792787
1012,PaloAlto_sub54541,-0.956321713720962,-0.8835066611184955,-2.5272311243867587,-1.2927296733999392,-0.912335237770771
1013,PaloAlto_sub58313,-0.9831144820997065,-0.8401306793096498,-2.510060096466476,-1.8456149568312772,-1.4362365142687188
1014,PaloAlto_sub61001,-0.7440364189725277,-0.8674326167967424,-0.8191316391534526,-0.9780307012006557,-0.8637096991450881
1015,PaloAlto_sub61241,-1.9181212235293652,-1.0199412300598683,-0.7825465171509349,-0.985938719250025,-0.7594954314091784
1016,PaloAlto_sub66941,-0.992607983446123,-0.9169756353198416,-2.141443316224595,-2.236071270560803,-1.1916024618349716
1017,PaloAlto_sub70752,-0.7335110951185602,-1.0097501077359348,-1.0889070652390973,-1.3003872209862009,-1.2512897433469352
1018,PaloAlto_sub84978,-0.9571384191135656,-0.9149177441123418,-0.7539794537206918,-0.9564594683295076,-0.8665734998023492
1019,PaloAlto_sub88286,-0.8370932788620995,-1.181004614290812,-0.6649662091947364,-5.281465437452103,-0.835377462746081
1020,PaloAlto_sub91196,-1.955389445535852,-1.5443805730818354,-3.1032137828101143,-1.5987453053599185,-1.1365350858046013
1021,PaloAlto_sub96705,-1.657149501564314,-0.8243628892761664,-1.2641571646300438,-0.8949187428538835,-1.1721916333120241
1023,Pittsburgh_sub94205,-0.9669809916093494,-1.07448701865754,-1.0381554878629133,-0.9537606548965487,-2.3034174052605136
1025,Pittsburgh_sub97823,-1.7837714665715314,-1.4921499222833745,-1.0560077282708873,-0.9969988332703679,-0.9497726773910891
1026,Queensland_sub02459,-3.8863863889639263,-0.8270565382093849,-1.1084968457427953,-1.1393450457965604,-6.20162762369519
1027,Queensland_sub04117,-0.9126213301745617,-0.9275944669715543,-0.7654625140074921,-1.8180490497550295,-1.8163257089301679
1029,Queensland_sub16849,-0.7790954973209929,-1.7743992935726864,-0.7620142840459005,-1.0730911350719152,-1.4210663687264344
1030,Queensland_sub36229,-0.725092003051874,-1.8687612160101685,-0.8995036682354526,-0.8647959578665199,-1.4642006505244711
1032,Queensland_sub42533,-2.101492964211933,-0.9460864488947706,-1.3170825052199293,-1.156866469119516,-5.332793005545889
1033,Queensland_sub47468,-1.5015838587464758,-0.8558083298859455,-0.7573400622108629,-0.8370013532865636,-0.9810875363713634
1034,Queensland_sub49845,-3.193150395687548,-0.8951869928032846,-0.6960265677390821,-1.4759849281500113,-0.8235630586989208
1035,Queensland_sub56353,-1.7513503512047146,-0.8749418783563604,-2.0475250438419508,-1.0539000860183991,-1.8805623582595727
1037,Queensland_sub68733,-1.1170731161598493,-0.8984926787042952,-0.7495860312423885,-1.5982483168111223,-0.8590138312637432
1038,Queensland_sub70014,-1.3039939757519077,-0.8804871135565266,-0.66179128360305,-0.84009163646879,-1.6608958321032565
1039,Queensland_sub72118,-0.780128534289815,-0.8391219259348129,-1.7013044407466373,-2.0128731031341505,-2.7119498179363437
1040,Queensland_sub80254,-1.349808560086702,-0.9536996621447109,-0.87839347483195,-0.8796023100942804,-2.2083880927030903
1041,Queensland_sub86245,-0.9929772927845741,-1.15804879566105,-0.6743884351664416,-1.617750650013359,-0.8199257595924508
1042,Queensland_sub86850,-1.123072651874675,-0.8568171550492044,-1.4292508309161303,-3.3698273332030197,-1.4985160442775984
1043,Queensland_sub88169,-1.468945584009411,-0.8902185364255338,-1.525955690614144,-2.302401274596528,-0.7764519377971228
1045,SaintLouis_sub02115,-0.7845935377608577,-0.8346804492630882,-0.65591248620949,-0.8434190578966558,-1.5897524645764776
1046,SaintLouis_sub02142,-1.7903123211521252,-1.0559720010988387,-0.6802939242763469,-0.935738486864975,-0.9503065515119609
1048,SaintLouis_sub12941,-0.8026797179811688,-1.4223083937195904,-0.66366830617484,-0.9262832918040697,-2.1979552188845877
1049,SaintLouis_sub16236,-0.7771271483765861,-1.4979032614502361,-0.7394102708589896,-1.0427950822229297,-0.779403108883776
1050,SaintLouis_sub26219,-0.7527616530625704,-0.9204432600520389,-0.7145864375772796,-0.8387811756944975,-0.8163800853062068
1051,SaintLouis_sub26678,-0.8237862290760771,-1.2229441601740962,-0.6928071798383161,-1.1248045647174585,-0.9888873585235428
1052,SaintLouis_sub28304,-0.8021100248308436,-1.9501755231487004,-1.2889442273877174,-0.874977507971041,-0.8771748883939735
1053,SaintLouis_sub35127,-1.8737380743018508,-1.4759769856048852,-0.6775242810165856,-1.1176622172333295,-0.7499691401398287
1054,SaintLouis_sub35575,-1.5833425480119194,-2.245449839032195,-0.9120547215074809,-0.8151319595619193,-0.8050546577567317
1056,SaintLouis_sub46405,-1.7556729104551854,-0.8951612220872738,-1.475267723339307,-1.1292901602110537,-1.0807787858124327
1059,SaintLouis_sub53324,-0.8220478546771086,-3.092729367780606,-1.481809811905369,-0.8294308706043398,-0.7933928920798943
1060,SaintLouis_sub58674,-0.7515204667751086,-1.0755368946178587,-0.9556751602900517,-1.3203780068081044,-0.7648917655605071
1061,SaintLouis_sub61357,-2.747680511164682,-1.0287826815804182,-1.542451719548524,-0.8553041364292947,-1.4778385137904542
1063,SaintLouis_sub73125,-0.8442315999385569,-1.420646656085198,-0.8770843781891883,-1.9242202015536805,-0.7770596354371738
1064,SaintLouis_sub73471,-0.9004401100600857,-0.983160015095045,-0.6633031322235157,-0.8347229865184463,-1.0264321563187397
1065,SaintLouis_sub74078,-0.775368564313752,-1.0433300354670503,-0.6525853346703006,-0.8241512049606521,-1.274105359992908
1066,SaintLouis_sub80832,-0.7817958723551129,-0.8737093147144848,-0.6797588159763868,-0.9179959466040503,-0.8296951672965324
1067,SaintLouis_sub82830,-1.2074181332368121,-1.3718415988108308,-0.7080433900518617,-0.837632999834455,-0.8022753049877859
1068,SaintLouis_sub88150,-1.0422409135491122,-1.4761650066732173,-0.6741849098325926,-0.8937972505460696,-1.180114159017227
1069,SaintLouis_sub88823,-0.923533496856722,-0.8764973981552422,-0.6897137658999644,-1.9916396308544138,-1.8062766582192726
1070,SaintLouis_sub95001,-0.8422975108158393,-0.8144300284066852,-2.1931451118022496,-0.8291939026019375,-0.7416262752456149
1072,SaintLouis_sub95786,-1.2136448369211055,-0.8616712633093259,-1.6751450488528359,-1.1581641708355663,-1.4518255340672734
1073,SaintLouis_sub95967,-1.3670664119085132,-0.8212092310037505,-0.7252887804337339,-0.8288951168767827,-0.8845618940477933
1074,SaintLouis_sub97935,-0.7446573952705898,-0.8154988998550596,-0.6712154513564227,-1.6685715142308875,-0.9122495890343482
1075,SaintLouis_sub99965,-0.7964611103618525,-1.8020554711763974,-0.6528635225816718,-0.9913644028745131,-0.8486693056203191
1076,0,-1.104991620030753,-1.4048597848909792,-0.7831719166928995,-0.8533468169706334,-0.9575171913385969
1077,1,-1.3078955084848263,-1.0352694888722342,-0.7166131472585968,-0.9159382427893556,-1.238268419237527
1078,2,-0.8967086751891296,-1.2128915869719592,-0.734383990381648,-1.4510575114718032,-0.8577478113746935
1080,4,-1.3317563314088674,-1.5676844398711103,-0.7251672755432406,-1.156471827008188,-1.1531717648391049
1082,6,-1.773933758873314,-0.9987942304070574,-1.793520831211777,-0.9088330028078759,-1.4215772335634331
1084,8,-1.5263362436147208,-1.582723378855675,-1.689406967016469,-0.8426506432392808,-1.0914879651330682
1085,9,-0.8493469114496964,-1.9814348132771975,-1.146055827247162,-1.039406948973319,-1.1254364115250646
1087,11,-0.9162494744358469,-2.9611591292767723,-1.1655189054855861,-1.3471947722044202,-1.2480599096401876
1088,12,-1.118582861680209,-1.111858112854321,-0.7026239157429333,-0.8735689660569879,-3.177973851984788
1089,13,-1.447483839270898,-1.1253189535731036,-1.9732892752198987,-1.186920709279316,-0.9715501636225032
1090,14,-1.2766020401127933,-1.2996086438334304,-3.024535631965303,-1.2661159899099546,-1.328500504160621
1091,15,-0.9517745450423696,-1.143568359856907,-0.9764697597334457,-0.9180808926777853,-0.8401787272940471
1092,16,-1.4506566558878407,-1.3165712292557734,-0.7388121443532131,-1.155818854087834,-2.2809759207364997
1093,17,-1.307834109182212,-1.4600611511653578,-1.199725701952964,-1.2457907072978027,-0.9476800125690094
1094,18,-0.976269837369073,-1.316225098564305,-0.814677699203664,-0.9291319210626011,-0.9311009934184441
1095,19,-1.0192297997081363,-0.9024123072147571,-0.7771956892694297,-1.7614268850977421,-0.8398053946949896
1098,22,-1.0276791346887226,-1.06761131533261,-2.0685375314243646,-4.124914066220605,-0.9066835841539154
1099,23,-0.7109179665583725,-1.4540826384339796,-0.8280692479321007,-1.0278821472511355,-0.8432375471188326
1100,24,-0.7060656362372474,-2.0189356573422503,-1.0529510817343684,-1.0958207706169734,-0.9958465033827213
1101,25,-0.8193620393759699,-1.1246021429672028,-0.689480625936336,-1.2772099173401579,-1.5571571943812574
1102,26,-0.7424260837315169,-0.9310463309333405,-0.7409738472382343,-1.1888190667205714,-0.7724158840571477
1103,27,-0.7574527808512637,-2.084805877885577,-0.7771924455601263,-0.8213987719222053,-1.0944706718962027
1105,29,-2.1189759802362427,-0.8532131457308288,-1.0044018237720251,-0.8126334557688771,-0.795453341735559
1106,30,-0.7410068510543942,-0.9126948699283174,-0.8232590446395743,-0.9692128880171761,-0.7310509575919788
1107,31,-1.3683248382194235,-0.8734498837434099,-0.7655940107528226,-0.8119596508162149,-1.0024708305505876
1108,32,-1.058600977467801,-1.1346824583621964,-0.8120673017862954,-2.1137153248571936,-1.5672054492545824
1109,33,-0.7531739848438322,-0.9048258847149049,-0.6784991510742949,-0.8336991668908607,-1.4488417198776633
1110,34,-0.8726448156292983,-0.9218029941068903,-0.6931720828436566,-1.3319175364430578,-1.1973620870835096
1111,35,-0.6775929210270389,-1.583827684041502,-0.907266219493581,-3.0861370024708674,-1.7577355449979741
1113,37,-1.5421006139423437,-1.1386049958076823,-0.7347510430333882,-1.1895629191512984,-1.4499994679342978
1115,39,-0.7037897017063149,-1.2636626717784516,-0.7750280002615925,-2.7011328711973426,-0.7312933909140639
1116,40,-0.9775061718455066,-1.6414435909949738,-0.9328866176095088,-0.9693995843376162,-1.7417189224545895
1117,41,-1.564194773875778,-1.566110767951448,-2.5205287459481838,-1.5248856813938962,-0.9398190413339255
1118,42,-0.8581673348944174,-1.9693367320788178,-1.0464488127017766,-0.8468555140588397,-0.8725270599452318
1119,43,-3.3448335359273424,-1.2757646623151426,-0.6537561347078046,-1.1801353499280387,-0.741894406160203
1121,45,-1.0491412997852096,-1.177494046228216,-0.9981084559317022,-0.8643976264506973,-0.8457115484116539
1122,46,-1.113708517510005,-0.8130452508257796,-0.6533235997479421,-1.2926154818685527,-3.40023458937631
1125,49,-0.778113963676153,-0.9800446672522648,-0.6978723037347645,-1.0127310795006623,-0.8621255663642285
1126,50,-0.7512639264792778,-1.0719553041966763,-1.5894559416459169,-0.863776307470403,-0.693364532097816
1127,51,-0.7903345774573589,-0.8376475228046314,-0.7817803175858516,-1.1591115947824404,-0.8536932065247327
1128,52,-0.9563652548015465,-1.1054847900986884,-0.765208187042928,-1.643376905627967,-0.8412104686119313
1129,53,-0.7296608810677181,-0.8692708426931354,-1.218573382982117,-1.236772313131284,-1.1157634621489516
1130,54,-0.8459867775827334,-1.030166928781624,-0.7287322533737414,-1.3454915761775579,-1.0399675107825104
1131,55,-0.8937507454031957,-0.830138116191864,-1.9671538174700394,-4.183209961295817,-0.7664401704669237
1132,56,-0.8556879976760626,-1.3073055331203116,-0.7691626332931968,-0.9226672857400015,-0.7310430965920535
1133,57,-0.8331225297251049,-1.3590072270583757,-1.1762144842329205,-1.412448556396016,-0.985038609216381
