observations,subject_ids,lh_G_and_S_frontomargin,lh_G_and_S_occipital_inf,lh_G_and_S_paracentral,lh_G_and_S_subcentral,lh_G_and_S_transv_frontopol
0,AnnArbor_a_sub04111,0.22608254253065035,-1.5999496873670236,-1.4963205934902974,-0.19789200903620913,0.611434469032736
1,AnnArbor_a_sub04619,-2.035991924487189,-0.035432313677817975,-0.7339355846406691,-1.619287448208517,-1.3698260431056706
4,AnnArbor_a_sub20317,0.5849721043521293,1.1939736583792806,-0.1140657693330478,-0.23516270741145495,0.305548153073488
6,AnnArbor_a_sub30421,-0.3291043423684973,-0.6157739693897286,-1.2965023895642929,-1.0417213457490688,1.0562009589368067
8,AnnArbor_a_sub38614,-1.128805207721722,0.4109059843310451,2.892875316952941,-0.048993404735337344,-1.6294658053933602
9,AnnArbor_a_sub45660,1.7646912929832266,0.22944944356695,-1.2957139071092134,0.1641372464265574,0.564738347108783
10,AnnArbor_a_sub46727,-1.6387890209020697,0.09887219580862529,1.0780471937184306,-0.147294886114339,-0.5032208761836513
11,AnnArbor_a_sub47191,-0.42134663633414016,-1.6210661220939049,0.5229467558377012,0.5717322763914097,-0.9327649982998265
12,AnnArbor_a_sub47659,-0.07981196574124688,-0.005504268350039631,0.3737184522405399,0.7630957093645525,1.3925020628550777
13,AnnArbor_a_sub49687,-0.8940135085866006,-1.5903994323557549,-1.284356069312998,0.6638733253869824,-1.1264865091841532
14,AnnArbor_a_sub51248,0.981333498003025,-1.0515585474062878,-1.4175867078226572,-0.7713698002620926,-0.0065100547382728495
15,AnnArbor_a_sub56028,-0.39776981754328955,0.6834791853355966,-0.32723257191419136,0.5599942128035155,0.7341214912438596
17,AnnArbor_a_sub70106,-0.6646325969429445,-0.5402687098769527,0.8998539606852739,1.2707239987762604,-0.7990876777411978
18,AnnArbor_a_sub75922,0.6565417867122207,0.7955785667718146,0.3238571728079801,0.6621164357398859,0.7602943667304347
19,AnnArbor_a_sub82334,0.30227984197253915,0.892865027905464,0.875787924953753,-0.5293336782168406,0.4323050369271353
20,AnnArbor_a_sub86367,0.9082362359141939,1.6897591213523349,-0.13212069519312777,-2.0901761354024972,0.3520018238924288
21,AnnArbor_a_sub96621,1.4143603555277395,0.06166682906307398,0.285791974360162,0.15787096406988285,-0.18612670256471622
22,AnnArbor_b_sub00306,0.6183926460870931,-0.038046531857996994,0.7332838668324114,-1.133246913724074,-0.014693241414013578
23,AnnArbor_b_sub07921,-1.5638433780262342,0.45199587272705183,1.2224905003843403,1.3196340769577903,-0.2990100052370333
24,AnnArbor_b_sub11043,-0.7795616324351832,0.4123487949666282,-0.3434826812567109,-0.05569264140628342,-2.3395239706183384
25,AnnArbor_b_sub18546,-1.227461766175878,0.34363918158746976,-0.2605932061924234,-0.5244730080556991,-0.21079579137634596
26,AnnArbor_b_sub26099,-1.0169452083367168,2.0545499870238912,0.9514650687973587,0.8218995229293038,-0.28829854971490637
27,AnnArbor_b_sub30250,-0.08266771173314147,-0.9515127594151369,1.5525148720411828,0.016608516003458782,1.066918909750383
28,AnnArbor_b_sub33437,1.4817869076848729,0.562799185790909,0.5422361832957561,1.0652338483905202,0.9584335807622165
29,AnnArbor_b_sub39635,0.32183006058786556,-0.15742234912416006,-0.2592515764422875,-0.9637630965240881,0.53435456744482
30,AnnArbor_b_sub39923,1.2238729123735215,-0.1217581021041584,-0.01442391616807962,0.07507073788079781,1.8318940848387544
31,AnnArbor_b_sub42616,0.16837605641832087,1.8573763546453315,-1.344659578737297,-0.9257173274964177,-1.3542580175980454
33,AnnArbor_b_sub45569,1.115705493483198,-1.6552113852982844,-0.3042165700553844,0.3982323663078863,-1.449786344353343
34,AnnArbor_b_sub50859,0.4766728360099706,-0.8100982870174548,0.6585463550726582,0.3138591792871093,-0.3791182950263299
35,AnnArbor_b_sub53269,2.7659369879047433,-0.5520526246729589,-0.9365191815286873,-0.5518145374350467,3.735012182015131
36,AnnArbor_b_sub53959,-0.07641160403223922,-0.10770841087845859,0.5796587667576268,-1.3445799590232954,-0.3401040200466096
38,AnnArbor_b_sub57196,1.2420864113110026,0.3311272529959535,-0.22138456643613416,1.8401379609128623,2.0918380063237696
40,AnnArbor_b_sub62819,-1.1376190240665218,0.3848746153535561,-0.36813906826161225,-0.0027481241160206937,0.5174387164081685
41,AnnArbor_b_sub64831,-1.6934728400666232,0.024131979595531504,-1.1960053177258556,1.0042016997549856,0.6054904215034629
42,AnnArbor_b_sub64969,-0.8882423865712543,-0.47249186933002474,-0.3434826812567109,-0.7392834661913895,-0.2986159250762926
43,AnnArbor_b_sub66506,1.0755986719726411,0.22470653268598692,1.0883131492311209,-1.1254604045328547,-0.6320049921832832
45,AnnArbor_b_sub73168,-0.7117544034413498,-0.18452011616248057,0.45387137105472936,0.39482651436953253,1.0863333915916475
46,AnnArbor_b_sub73812,-1.5144480321035965,-1.9771873142808638,-0.5424603886264758,-0.8685333483787148,-1.4499425276061457
48,AnnArbor_b_sub85257,0.45009295382966313,-0.09367347167753629,0.1403146616724877,-0.20534992826831006,-0.27232622408181634
49,AnnArbor_b_sub90127,-1.4187653189968348,-0.8750366066573595,0.6555029716842236,-0.060206558471051816,-1.0153224588481087
50,AnnArbor_b_sub90950,2.195954322812263,0.7893183038469883,0.12357540622848993,0.5747490094600815,1.7576235478540034
51,AnnArbor_b_sub97518,-0.23615786175482803,0.39325151444224204,-0.22770031896303947,-0.5528496048863615,-0.2584009882183182
53,AnnArbor_b_sub99692,0.45756595318989,-1.4766597825928696,-1.2765561678841013,-0.22618899525527153,-2.136319811626917
55,Atlanta_sub00368,1.3403870610486983,0.5102915098645584,0.8642000594391488,-0.563944769084751,1.505136893914687
56,Atlanta_sub06870,-1.7045016739831726,-1.5956742662268641,-1.0844639270212184,-1.4032782459786528,-1.0417138137304942
59,Atlanta_sub16563,0.4457339031393432,0.3371884238393193,-0.31146485801505946,-0.4010793676064975,0.2675773605131223
60,Atlanta_sub18219,1.4105203154863517,0.10203609190866653,1.160482755948807,0.9396814797774075,-0.5781151739922148
61,Atlanta_sub18702,1.1871603076932065,0.24866239017941602,0.27442039111303634,0.7806860077324463,0.09921126020288394
62,Atlanta_sub24972,-1.6224814545588846,-1.0416333351448186,-0.619014316320518,-1.728956003172112,-1.6808804993351718
63,Atlanta_sub26938,0.21649506377241956,-0.5242400404151061,1.25428140845732,1.2276157561025414,1.110602223129269
64,Atlanta_sub32093,0.0606850728623539,-1.0405647805911915,-1.8620204273623184,-0.4214814166213088,-1.6264409413909555
65,Atlanta_sub49816,-0.35290315916779413,-0.7503609958993026,-0.649606572819072,0.21763292716079657,-0.7268447045585104
66,Atlanta_sub52783,0.22885912977175638,-0.17235360581607856,0.3682613084807292,1.6613117369940973,0.6589092377036087
67,Atlanta_sub53122,-0.39418505160647493,-0.6080871921725227,1.0061241663773923,-1.6143486280485422,0.5060645772623316
68,Atlanta_sub55652,-0.6463528026491707,0.7998074748215905,0.3351082032063778,1.5756840390779026,1.108552580606371
69,Atlanta_sub58250,0.009003090969187274,-0.3203278337028268,-1.4884130257888155,0.9384234338963153,-0.02474580176607201
70,Atlanta_sub59806,0.4333866480362608,-0.7645474316123854,0.9398242955644206,-0.6777596684939201,0.7934263682887603
71,Atlanta_sub60499,0.36891011250923883,2.388428964619379,-0.9031935863874089,-0.773482846668023,-1.2020144199587333
72,Atlanta_sub61442,-0.641343867637662,2.625338456677498,1.0212112021870303,1.4729312634633756,-1.7490653987825295
73,Atlanta_sub61902,0.5020169841658131,-0.6504521667401981,-0.9321074192377369,-1.1914415423643343,-0.0245749119939053
75,Atlanta_sub72096,-1.541178284210534,-0.8915191131606722,-0.40425150220927686,0.30935992657724176,-0.03489042634363889
76,Atlanta_sub72971,-0.3736076736367912,1.0010699226486046,-0.7648143693359453,-1.470154427504551,1.0655182669253958
77,Atlanta_sub75153,1.7382656494780568,1.297146164281695,0.6315541371711146,-0.11518435229036449,1.925329000928812
78,Atlanta_sub76280,-1.81168120673655,0.036837282163789634,1.3717064094968057,0.035431112201456914,-1.006630885739545
80,Atlanta_sub86323,-0.044349682352907406,-1.2944504209000303,0.09668998513156564,0.7126771593416288,-0.4884762445155422
82,Baltimore_sub17017,0.8295595175727418,-1.8293910658069448,0.38552312386238646,-0.6633281364567344,-0.02675277157537196
85,Baltimore_sub23927,0.6203165704599923,0.830766468202943,0.05225594185649037,-0.46655052147038223,-0.025506420319387733
86,Baltimore_sub29158,0.02786974595512969,-1.0933865959807199,-1.6275212049081056,-1.1236188198228174,-0.44197291420508167
87,Baltimore_sub30072,0.04167581871458201,-0.40903911580319635,0.8118733835435182,1.1579564179669803,-0.15696971543166088
89,Baltimore_sub37548,0.4698391871526966,-0.11390615853099019,-0.8348506985869019,-0.14338558614452576,-0.31884753160505197
90,Baltimore_sub52358,-0.9544922850680457,0.6757113355885982,-0.22917377620606647,0.7458323272538028,-0.8646500117243536
91,Baltimore_sub54257,-0.6347338800711041,1.3492554259004443,-0.5900090049000655,-0.8314848165189669,-1.074396548658635
92,Baltimore_sub54329,-0.10431790586789214,-0.29118321364688315,-0.19379303870232814,-0.41752490197618186,0.09426687158620735
93,Baltimore_sub73823,-0.9459395095155019,0.06879548886706684,-0.4233558706321345,0.280477650399736,-0.1104347462051966
94,Baltimore_sub76160,-1.125038997997732,-0.32905000543282364,1.1979510094616523,0.21329662008960187,-0.37737136858900583
95,Baltimore_sub77572,0.49437094342474075,0.1195346559803148,0.4170314952166426,0.012024299164248471,-0.0854409946089703
97,Baltimore_sub81887,-0.9261853528676273,-0.1415415096693896,-0.9979792093534879,-0.6282569258914648,0.023946915471613848
98,Baltimore_sub85922,-0.8108006460710125,-1.055392245418395,-0.6079253502158767,-0.392171431850931,-0.004509468453860283
99,Baltimore_sub86414,1.888440055336737,0.6558576105000651,0.4772079957776755,0.9078878968030298,1.1919933334457424
100,Baltimore_sub90658,0.6802283077767534,1.4035170736162608,-0.2239778633448628,-0.1715254338903917,0.4667248585738482
102,Baltimore_sub91622,-0.6284555279529549,0.2183278269146687,0.6698543933628285,1.370880851606378,-0.5330218845952055
103,Baltimore_sub94042,-0.3858834695518127,-0.6670759620708221,0.49197774352930584,-0.6198727303880801,0.43126951852995815
104,Baltimore_sub96234,0.5520904508598418,0.4232778593811492,1.2278275260926252,0.5230069537431511,0.39737857533914217
105,Bangor_sub00031,-1.5671540703009392,-0.36733189126697174,-0.4457590586077971,0.830666616900038,-0.3661057017486672
106,Bangor_sub01903,-0.1293919229674368,-1.2477047696039303,-0.9812322177190838,-1.0399795296718817,0.23162322597801088
107,Bangor_sub03557,-0.06901372622517696,0.044544545879665935,1.8997053852352317,-0.19481269175574217,0.07076347854612382
108,Bangor_sub04097,-0.4862534766653784,0.12769375831741225,-1.8097928587617773,0.3990522268331938,1.1382681971497393
109,Bangor_sub14388,0.601184257613923,1.1394552959445867,-0.4568062238006859,1.0729375651184583,-1.0552547534770746
110,Bangor_sub27519,0.03414742112274389,0.4548993994087896,0.25046945380877933,-1.7765937577437758,-0.14571943179177763
111,Bangor_sub36736,-0.3007125319151575,-0.4818031529776362,0.9819133540882685,-0.7882314280267217,-0.30891942197868527
113,Bangor_sub48632,0.7143361037598914,0.5498190692741319,-0.6454079960283188,0.6960555835497175,1.2178310784460855
114,Bangor_sub61418,-1.0350648741013557,-0.6875178742218823,-0.30697022553828374,-2.3139442485895754,-1.6484250721321523
116,Bangor_sub63767,0.8371146507971488,-1.3930663662414493,-0.28400427255468486,0.37430077167533454,0.6207566748719513
117,Bangor_sub66585,0.5099473349492742,-0.8513612801514903,1.2179433780468487,1.441540754933177,0.2953006879074376
118,Bangor_sub68050,-0.5888584756521444,0.20641874612764513,0.5612995782490869,1.2358617616791128,-0.3680199501855382
119,Bangor_sub73082,0.42666838182436145,1.4077951584282542,0.3895148532756016,0.6411107674897928,1.3111178593421227
120,Bangor_sub77520,-0.4665114535936763,-0.5949659676485316,-1.0085576295368635,-0.3393596148132897,-0.37317770736040656
122,Bangor_sub82625,1.5068572087478467,0.5092450386397785,-1.1787433063377006,-0.7851865858883393,0.3422143023374302
123,Bangor_sub87568,-0.20788357873237848,0.8466303279039679,0.7895568526547333,0.2650574994633305,-1.3719473812335985
127,Beijing_Zang_sub01244,-0.4522579399991181,-0.06502874296536873,0.3124126370587174,0.40968612313330255,0.17565020524490566
128,Beijing_Zang_sub02403,-0.38130869576552806,-0.9580730792070854,0.5483394468449122,-1.778163933863994,-0.6543760220305045
130,Beijing_Zang_sub04191,-1.3359808101270398,-0.4522873224424536,0.09220361874026031,-1.0339171808689394,0.021323235726398396
131,Beijing_Zang_sub05267,-0.14728325975548243,-0.2536952680392828,0.3563201023738471,-1.030570989201904,0.3166090482394962
132,Beijing_Zang_sub06880,-0.8242272839221838,-1.2856056629212498,-0.6108773572423574,0.014133720767139403,-1.4505636060913853
134,Beijing_Zang_sub07144,-0.18946700207492226,-1.0583725441995187,1.5173397059727995,0.1167801573868788,-0.6494026286201063
135,Beijing_Zang_sub07716,-0.3280292676273274,-0.4344200737513143,-2.229818713293739,0.037345563831845355,0.4194638726124981
136,Beijing_Zang_sub07717,0.07273099194776592,-0.8034026046418395,0.46880730815174554,1.3082480986841225,0.8172229388002851
137,Beijing_Zang_sub08001,-0.1688563099029442,-1.8390060510848234,0.4081426804774931,-2.857221199979549,0.6654003891925574
138,Beijing_Zang_sub08251,0.4125483674744851,-0.3997280812038719,2.439283778530077,-0.39644558145103664,-0.5225843851172529
139,Beijing_Zang_sub08455,1.1047457627429245,-0.8947535954292828,1.409423801839229,1.7688861009871155,2.998701691063339
140,Beijing_Zang_sub08816,-1.8594458186862681,-0.20937144633703034,-0.6679522161342932,-0.38386530666616403,0.2330898179693607
142,Beijing_Zang_sub10186,0.26440047351607315,0.3095149167892525,-1.233747190965095,2.321082855138191,-0.19906210450151468
143,Beijing_Zang_sub10277,0.4131065823537744,-1.8737106602280529,-2.375586312220105,-0.877814780290378,0.7815987604570411
144,Beijing_Zang_sub10869,-0.4700678169919576,0.8913710170231196,0.3139296231810152,-0.038130163741744265,0.8557911219550698
145,Beijing_Zang_sub10973,0.83472022758777,0.4876905396451534,-0.4505121803505528,0.6611993840933154,1.466752946324522
146,Beijing_Zang_sub11072,0.14892409547265187,0.82766566531587,0.6759266490783041,2.162904234245467,-0.2803674436813723
147,Beijing_Zang_sub11344,-0.17489412957716896,0.7009322586588063,-0.6202771257780721,2.238637675691256,1.3691617842070558
150,Beijing_Zang_sub15441,0.043068633101465234,-0.3029411849565512,0.1542643646247629,1.1597529299260916,0.7554815155098253
151,Beijing_Zang_sub16091,0.09884583557989966,1.5233573360173362,4.523066416109283,1.4750746231249667,1.387040110966288
152,Beijing_Zang_sub16943,-0.28676659984505676,-0.028921298010525415,1.4152529930148312,0.20054456821033043,1.1096336427581046
153,Beijing_Zang_sub17093,-1.2592061092690514,0.8066718196321431,-1.7837835016334045,-0.7079093316991413,-1.594143536106384
154,Beijing_Zang_sub17159,-0.22337625192984478,-0.3922393992818426,-0.43899462248535953,0.32311032834154957,-0.1842686505485815
155,Beijing_Zang_sub17315,-0.9461146096560933,1.3707717628297678,1.0096562699143963,-0.39370545731020773,-1.5268075025921268
156,Beijing_Zang_sub17586,-0.794431930500681,1.2944332551346458,-0.8161653329503165,-1.2653398792980195,-0.7365575981247238
157,Beijing_Zang_sub17603,-0.45133536302239197,-0.7281696537408967,0.06710308637410262,-0.5630496384763783,-0.5691282321102814
158,Beijing_Zang_sub17642,1.8162971438587998,2.576438953930784,0.1608316935879138,1.2065169840755494,1.1352878822619492
159,Beijing_Zang_sub17688,-0.29004717939818775,-1.3309497006045532,-1.4958574936594347,-1.2849712177691819,0.1933302652983943
160,Beijing_Zang_sub18326,0.7307788215567492,-0.10751928354029328,-0.5862234898093451,0.7658101713815183,-0.01322667028571426
161,Beijing_Zang_sub18758,-0.788972294858069,0.019846704469088254,1.043003914791317,-0.6163457533265774,0.5292916096434634
162,Beijing_Zang_sub18960,-1.643259754755807,-0.903523320839811,0.47115831669606884,-1.1285663211310335,-1.210387394645223
163,Beijing_Zang_sub19642,2.0651369695607267,0.8537105028539161,0.26511740940883777,0.34944121446695353,0.9921467511635729
165,Beijing_Zang_sub20127,-1.78699198259555,-0.9796284274873536,0.3264139541525481,-1.7634758803233783,-1.4509106629581914
166,Beijing_Zang_sub20246,-0.3226291051616258,0.07314743449022151,0.27782390637725335,0.6562799571861806,1.173745119252262
167,Beijing_Zang_sub20765,1.3452665474499268,0.34581996569448076,-0.5561853240491073,0.09814136304670484,0.9172162956542593
168,Beijing_Zang_sub20948,-1.473313397871363,-0.5420000157472757,-0.9063087304692012,-1.842812921849177,-0.995843703821904
171,Beijing_Zang_sub22595,0.18737505087639564,-1.1196751513328689,-0.3750909468032338,-0.7815908774502276,-1.747495822285729
172,Beijing_Zang_sub22661,0.42888783784544343,-0.2857605684345825,0.12209213834018305,-0.533012395710184,-1.2397822444538464
173,Beijing_Zang_sub22715,1.2982014266269417,-1.657203900181461,-1.7922059090247613,-0.2177312345113456,-0.5956539455246688
175,Beijing_Zang_sub26713,-0.7122600805833004,-1.2406245946539938,0.5920323147086212,-0.651087174536708,-0.7169880653002136
176,Beijing_Zang_sub28206,-0.26024545736325644,-1.0322509800885955,0.3931224460227328,-0.8954005035553048,0.46305997632880924
177,Beijing_Zang_sub28403,0.260161967512438,3.198086001416674,1.4224725477365037,0.7939896850798156,0.22591461160938067
178,Beijing_Zang_sub28698,0.8374968933018383,0.7001389786140519,0.0586002925244852,-0.7729325012202304,1.2584105361591489
180,Beijing_Zang_sub28801,-0.07922239662634335,-0.06192413239838494,-1.001251894684664,-1.2628599464733843,1.005522167186006
181,Beijing_Zang_sub28907,-0.37696807645071284,-1.3661112450520758,-0.5091455292139389,-0.1921158177831883,-1.1484943085468242
182,Beijing_Zang_sub28965,0.7093002581007692,-1.6941383378694084,0.3226441460823336,-0.056404260297954055,-0.5759293402540862
184,Beijing_Zang_sub29785,-0.31019154725898895,2.4075215621167896,0.6876068174111171,-0.12635566564289535,0.25232525364311537
186,Beijing_Zang_sub30310,-0.1460818875989526,-1.3127660768786522,-0.08502894966104284,-0.5983465145123879,-0.5721200165862607
187,Beijing_Zang_sub30556,1.3930074103230519,0.7537449921847806,0.4546598080019305,0.04237078827750472,1.6844603766686266
188,Beijing_Zang_sub30616,-0.5781295761811406,0.09301340880779815,-0.03505782153208022,-0.320685618779841,-0.5942625676465171
189,Beijing_Zang_sub30988,-0.5618280835358062,-0.2618411320694269,-0.2550579237457719,0.023886425883939313,0.9073686937037282
190,Beijing_Zang_sub31058,0.5239442963370201,1.1106033862617517,-0.3393461052232878,-0.16901468916243623,-0.9229392661918211
191,Beijing_Zang_sub31729,0.8568104769901715,0.9052217009626481,0.29787019154285954,0.14690219422891734,2.5475401726150215
192,Beijing_Zang_sub32517,0.6475478176867635,0.7423209466369997,-0.7569949040690994,1.5250096081399536,0.7378572157737895
193,Beijing_Zang_sub32587,0.38478714032248756,-0.04595818018828817,-1.7008339654083462,-0.7229908239865878,-0.6365700821314564
194,Beijing_Zang_sub33747,0.780505348521905,0.24349971232816112,1.278413295352697,-0.5011358652271999,-0.3732244293646049
195,Beijing_Zang_sub33943,-1.4077336850991187,0.8630057213055974,-0.8809106692232259,-0.03335543340020509,-1.0891488824773865
197,Beijing_Zang_sub34895,-0.8815362882976382,-0.010343021285796271,-0.8508272320688478,-0.679081791292701,1.2039997322412257
198,Beijing_Zang_sub34943,-0.5915036870987737,-0.7631925815442887,-1.4035107530587978,0.23758089768393578,0.3135196916853054
199,Beijing_Zang_sub35309,0.5906935186517592,1.456537631093796,0.6255969246108145,0.7193050320508534,-0.00514351046812088
202,Beijing_Zang_sub36580,0.3754661092088423,1.5788146950034665,-0.13896086012904257,0.7629396624523644,-0.08599633052439039
204,Beijing_Zang_sub37602,2.403254871317392,0.8855393037278972,0.953000855977129,1.7104084019936718,0.8815556748041555
205,Beijing_Zang_sub38602,-0.3645944756564419,-0.7041734192010992,-0.5692042921611061,-0.1451881994412393,-0.40779398525329247
207,Beijing_Zang_sub40037,0.18095534077621778,-1.4814942728924207,-0.9418966995179832,-0.12654940510106671,0.9051818750909427
208,Beijing_Zang_sub40427,-0.1930075885998479,-1.979052774930333,1.3207801244393826,-0.2844339139701461,0.037042000786751204
209,Beijing_Zang_sub41170,-2.426892682830458,-1.46895683976837,-2.6901629013011594,-1.4623296661467717,-2.984011771837815
210,Beijing_Zang_sub41621,0.4475664054224729,1.703829929422188,0.7806371516469256,0.688181774533093,0.5335797062158371
211,Beijing_Zang_sub42512,-1.088724941249638,-1.547332436037612,-1.7013674484729684,-1.1320190634046907,-1.271076804919465
212,Beijing_Zang_sub42555,-0.31829239694308886,-0.016998205987354457,-1.0852006118546502,-0.8967208639282309,0.6897186754845599
213,Beijing_Zang_sub42843,0.15098007613706074,0.7752436894372214,0.433677094908313,1.0476946383298054,-0.4426077391260551
214,Beijing_Zang_sub43290,-0.6031256540952927,0.06372772040327648,-0.43421326345958466,-0.10688537469519307,-1.231289657636306
215,Beijing_Zang_sub44573,0.7985277078774635,0.36803443304125033,0.43040720621517947,-0.7327365752694871,-0.13705687298376323
216,Beijing_Zang_sub45552,-1.008227840609703,-0.5955290439851294,-2.3427127172539426,-0.09209650632622386,-2.070397855203327
217,Beijing_Zang_sub46058,0.5097614802141626,-1.1460305399825144,0.6069494734186315,-0.5831424213147712,-0.002530742567751127
218,Beijing_Zang_sub46259,-0.705204480723983,0.949711836713757,-2.3315833660684606,-0.4090659392423151,-0.9485971047834206
219,Beijing_Zang_sub46541,0.4362241290888465,0.2967177344012722,-0.961316719881459,-0.7184111895639044,0.6624542091650933
220,Beijing_Zang_sub48501,0.7411677013868352,0.35059921829610563,0.9857462448536001,-0.17456666091825054,2.6094285614095747
221,Beijing_Zang_sub48563,-0.2866587875946349,-1.0740276963606823,0.25749522961233234,-0.39370545731020773,-0.5719159677963218
223,Beijing_Zang_sub49782,0.8580126743952592,1.045165790653704,0.31590895482403064,-0.8754488986121097,-0.408270195454187
224,Beijing_Zang_sub50498,0.7609679199278785,2.177788619211493,0.19701013747138454,-0.19121698331763187,0.4241107680447265
226,Beijing_Zang_sub50972,-1.2634540623000856,-1.2966333849195515,-2.2338736022675443,-0.6512617383715682,-1.031973603793054
227,Beijing_Zang_sub50985,-0.48634756890691044,-0.8446462710465217,0.24182185098269865,-2.048171903471007,-1.9172024986532883
230,Beijing_Zang_sub52044,-0.5897857822353519,-0.8549837157544292,0.4141074308369014,0.8114156261899124,-1.3863869501461417
231,Beijing_Zang_sub52259,-1.0973820681645912,-0.08522787608649182,0.3259107197364278,0.2448304271787491,-0.7702029164001428
233,Beijing_Zang_sub53998,0.2229207112710388,2.135555183397033,-0.4336797803949681,0.4326144251041107,1.059357070813181
234,Beijing_Zang_sub54890,0.6220980674206775,0.0006986394312390315,-0.49087330909690724,0.5855907721199921,-0.09365654400165702
235,Beijing_Zang_sub55301,1.352902811679153,1.0347081203001567,2.0620238938596915,1.3882513976490087,0.9279997224031914
236,Beijing_Zang_sub55541,0.24325810366481862,-1.6353593267440887,1.4985876161081733,-0.26830395769955917,-0.2729598134426419
237,Beijing_Zang_sub55736,-0.03302435907290078,1.183629942070791,-1.0788377920241292,-1.0357591852251116,-1.4515745391831227
238,Beijing_Zang_sub55856,-0.2798008695441671,0.7311354509576646,0.332057614864636,-0.4741383963888376,0.37955446201184917
239,Beijing_Zang_sub56136,1.4416324946667731,0.21214332550260231,0.3999599306870892,1.7005491652269065,0.6055566897017903
240,Beijing_Zang_sub56659,1.2244384385177718,-1.8776412053742333,-0.31675536859325437,-0.14976002506797886,0.3142266185941144
241,Beijing_Zang_sub56703,-0.33057896953787097,0.07391612828340913,-0.20532600137571602,-1.016705367651954,0.07933762472450764
242,Beijing_Zang_sub56757,-0.1132174612657297,0.03572156723463428,-0.46413363473804314,-0.8302715063469216,-0.5339401623595593
243,Beijing_Zang_sub58029,1.1612280903370147,-0.3810752869849179,-0.397873001008508,1.1053430218534595,-0.40546047441075106
244,Beijing_Zang_sub58332,-0.18567129735644297,-0.08522787608649182,0.3872072644801403,-0.581693024606883,0.6775348104868321
245,Beijing_Zang_sub58614,0.6867437357924198,0.3587608337065216,-0.028147955728884715,1.0366719450546364,0.8364796722037541
247,Beijing_Zang_sub59448,-0.9448436709816888,0.2329830675779998,-0.7594720916983139,0.688369850485503,-1.4749859347456482
248,Beijing_Zang_sub61961,-0.2231966869709817,-1.7053250874141128,-2.234419470695746,-1.825620500758397,-1.0186000917350049
249,Beijing_Zang_sub62083,1.1281737033735906,1.0134549187942385,-0.36591752451189824,1.0166299810961892,0.5023370088489606
251,Beijing_Zang_sub62843,-1.2239611537275685,-0.9923840217983256,-0.04779137312432484,0.09871783029184729,-0.620309702112885
252,Beijing_Zang_sub62966,0.03835760074845362,0.2787362187159601,-0.10223505957021667,-0.8061784911522027,-0.6132788151836204
253,Beijing_Zang_sub64923,-0.9779241462492482,-1.8199087705604355,-0.9880563942403253,-1.129600751886279,-0.7622298692654316
254,Beijing_Zang_sub65467,0.4181106700661693,2.734803881348164,1.367951980379484,1.0029947964858754,0.28543917612160824
255,Beijing_Zang_sub65659,-1.7856935110263619,0.5449823812183165,0.012617268824138845,-0.016176978648290995,-1.1371642152291288
256,Beijing_Zang_sub66158,0.6341737067691332,-0.1011535233654954,0.530735769964912,-0.5143690095796865,0.5749167812621203
258,Beijing_Zang_sub66781,0.15848442407444527,0.5704454219175009,1.0069834391109707,0.6425559979628108,0.28041230901436603
261,Beijing_Zang_sub67844,-0.5564361693470518,-0.1838699445528754,-0.7995959621635352,0.010135086726864943,-0.2884325434038169
262,Beijing_Zang_sub68012,0.1649218855997508,3.3614293698497106,1.0602739904199203,3.099299322281361,1.1750361653994443
263,Beijing_Zang_sub68597,-0.35548064256776213,-0.5122363318549447,0.8816650205214682,-0.35423867423037353,0.30674674560420656
264,Beijing_Zang_sub69518,0.48926603458770485,0.38901001009380237,0.026741957627745252,-0.8126631876677326,-0.7320686666219558
265,Beijing_Zang_sub69696,2.9085003728382204,1.3358621967561592,0.5061679704261592,2.081399377990765,1.5938988549337958
266,Beijing_Zang_sub71693,-0.25462105439224914,0.18453559949044396,1.341777816210543,-0.012267707868699858,-0.17883595967198065
267,Beijing_Zang_sub72654,0.7352477661308859,2.355940451004205,1.1115308666011547,-0.8591835625718497,-0.9283618000187116
268,Beijing_Zang_sub72678,-0.9700948213674192,-0.265363259859226,-0.4201273292183519,0.30835579616962683,0.039811421682243345
270,Beijing_Zang_sub73245,-0.2229560657696035,0.5692196790500865,-0.6760163032257652,-0.5769932025170531,-0.49852574488870854
272,Beijing_Zang_sub73421,-0.5696265220318268,-0.573793728001535,-1.145627548227689,1.4079482748697756,-1.8383040775709785
275,Beijing_Zang_sub75878,-0.14771978450347015,-0.412867891513521,-0.9921199638527022,0.17294652676690198,0.18344954578556152
276,Beijing_Zang_sub76377,0.38792119595897057,0.5003489250068298,3.2422322542476656,-0.08080430406935377,-0.41275688475459305
277,Beijing_Zang_sub77440,0.7867579663664903,-0.915578885939838,-1.1975896720679462,-0.2984861930626287,0.17612890019620167
278,Beijing_Zang_sub80163,-1.3065516124522403,-0.4556855251022486,0.799487305998834,0.7474623535550973,0.8037146165542615
279,Beijing_Zang_sub80551,0.7864556864871945,-0.9549220816821731,-0.8267008645167616,0.17167130434169542,1.0245433169404135
280,Beijing_Zang_sub80569,-0.41219884593736505,1.637071519987859,0.7555091332335692,0.5329928548655295,-0.25451275887083563
281,Beijing_Zang_sub80927,1.3993258697071909,0.6696656741595257,1.8515325617170753,-0.596229135550464,0.5878223707099216
282,Beijing_Zang_sub81062,1.8049996216926165,0.2733530898334399,-0.6593776614668944,0.6437346667231187,0.053847688587896264
283,Beijing_Zang_sub81074,1.769644366651559,0.7564375397511401,-0.7657148342220043,-1.0895537793433177,1.4771221172863434
284,Beijing_Zang_sub82352,0.2080194357518993,0.891145031636389,0.4083072793671973,-0.9297687478259907,-0.8018588411284389
286,Beijing_Zang_sub82714,0.29486134640501555,0.06687871792819543,0.6843974416756654,-0.18867871956830992,-0.7509581305705378
288,Beijing_Zang_sub82980,0.7577513605224446,0.33955124913245566,-0.2241502702220702,-0.6474104105601969,-0.39078617127957643
289,Beijing_Zang_sub83430,-0.44212696375504545,0.4410053740942141,0.6940452394017829,-0.9586150452822353,0.8465991887741046
290,Beijing_Zang_sub83624,0.04306912343609579,0.38031454602953363,-1.0367638577542766,1.4204705251332679,0.1343058964797437
291,Beijing_Zang_sub83728,1.0883086539052735,1.0224143943280262,-0.32110836366938755,1.0775683410078778,0.4312183222317559
292,Beijing_Zang_sub85030,-0.0839795266172873,-0.21340084117625197,-0.4068632597068479,0.9428796446732479,0.10681819289636205
294,Beijing_Zang_sub85818,-1.2347367048573534,-0.6788217961480854,0.36877179637877894,-1.8304096039240418,-1.8520313948496898
295,Beijing_Zang_sub86114,-0.49861374909088785,-2.3443882991304137,0.6876068174111171,-1.0889685811004168,-0.16498654980632232
296,Beijing_Zang_sub87089,-0.9987119685083077,-0.8236002137723135,0.4837981616996161,-0.5955603364806821,-0.707720983674727
297,Beijing_Zang_sub87776,2.318725395878225,0.33808392869543336,0.9666223103646192,1.9030567253422126,-1.1392449023089153
298,Beijing_Zang_sub88306,-1.9437292485928892,-0.025932902296907003,0.10038283455833914,-0.5465900665617255,-0.990146050936195
299,Beijing_Zang_sub88947,0.42888783784544343,-1.2087957937800102,-0.3206051292532701,0.10707719477041229,-0.028307271607454023
300,Beijing_Zang_sub89088,-0.4149656090855581,-0.38296579994711427,-0.06799694689923086,1.569275249083169,0.40536977195708945
301,Beijing_Zang_sub89238,0.23684065160780385,1.176022534303741,1.1525557745872859,1.3517209400273555,1.8401457740848768
302,Beijing_Zang_sub89592,0.8045311292166398,0.9969513536288421,0.802661623298614,-0.13425175747481347,-0.16195199642332253
303,Beijing_Zang_sub89742,0.3939593913692655,-3.000746036143091,0.14202108550530398,0.31318950965725934,1.4868604147535136
304,Beijing_Zang_sub89941,-0.35837343734387067,0.5946195605715092,1.0345906104609701,0.7259168063381451,0.4320025533831224
305,Beijing_Zang_sub91145,0.6716990963836676,1.4107257649905856,-0.1304080022445151,1.7735880898799903,0.9942274382433623
306,Beijing_Zang_sub91399,-0.8075667238017343,-1.0910179837042737,0.6596363522299566,0.48719444687528546,-0.3429192122841948
307,Beijing_Zang_sub91952,-0.3588166316027052,0.3055912842788077,1.0568309892863101,-0.8281315330409575,0.2370577486388675
309,Beijing_Zang_sub92490,-0.31536311355938135,-1.616288318219896,0.9887941100848581,-1.2190001036588218,0.01703208837279842
310,Beijing_Zang_sub92544,1.1316475819755902,-1.1612037578700591,0.14013551344158134,0.7503570615817458,0.9668876414689863
311,Beijing_Zang_sub92602,0.6945053832554559,-0.27125491649623557,0.3406924044642366,0.47244757467306286,0.9183428141289623
312,Beijing_Zang_sub92799,-0.4823025191978045,-2.073100891661108,-1.4684410057462707,2.703003097713528,0.36064643316791095
313,Beijing_Zang_sub92859,-0.7484869986286522,0.15984264380114283,-0.5862234898093451,-1.303605689104312,-0.6315313244770236
314,Beijing_Zang_sub93689,-3.633102297698278,-0.31525266418586684,0.6391981352225692,-2.6872749167009937,-1.271221676041907
316,Beijing_Zang_sub94536,-1.0600206152848926,0.09195358417630005,-0.8944631203998387,1.401831730793093,-0.7410113437497471
318,Beijing_Zang_sub95755,-0.2930079562682545,-0.7465181057319389,-0.8220760637611385,1.6469910757350614,0.6529563379377034
319,Beijing_Zang_sub96163,0.3110992836753974,1.882081797772649,0.7828590718909918,1.6694971356960193,1.0177793248164786
320,Beijing_Zang_sub97442,1.3100813539586904,0.728487945117392,-1.0091378052150066,-0.3668180887578775,0.4638015766652343
321,Beijing_Zang_sub98353,0.15244660440021973,-0.9255082191595738,-0.4164585443818268,-1.4517177106970187,-0.8405790559015904
322,Beijing_Zang_sub98617,-0.11280225268752343,1.2579348647132855,-0.054211147449782573,-0.6484356466258987,0.9897295630676554
323,Berlin_Margulies_sub06204,-0.47629029319499566,0.1619709903991402,-1.4934734978725377,0.625312123291101,-0.43620146280003264
324,Berlin_Margulies_sub06716,0.7747949199722253,0.24790028194068323,0.28366747365854794,0.24900740047178957,1.2070924946989505
325,Berlin_Margulies_sub12855,-0.7679689768594421,-0.9577062504182657,-0.052363315906912664,-0.4372253324446684,-1.3671688532773172
327,Berlin_Margulies_sub23506,-0.05352780205719872,-0.6976893784780773,-0.9470297035747193,-0.8726464651588101,-0.37409284869812326
329,Berlin_Margulies_sub27711,0.30305132746488156,1.5005775108801669,-1.337957765073952,0.12260219723703665,0.7560333784532727
331,Berlin_Margulies_sub28092,0.6088777922016115,-0.7651679653513305,1.4330461125843554,0.10413692267289044,0.10593980335599465
332,Berlin_Margulies_sub33248,-1.3785593741208908,-0.5953939525743897,-0.12284114613517645,0.8082680028350919,-0.6499897739278958
333,Berlin_Margulies_sub38279,0.09350399228860512,0.05273515269890573,-1.1836818880694442,-0.953361852979608,-0.5445201127579805
334,Berlin_Margulies_sub40143,-0.7548515031725659,0.6104499269995923,0.7527045304326567,0.625312123291101,-0.9507611731163683
335,Berlin_Margulies_sub47066,0.25312047607929267,-0.57247993364836,1.337258324220857,-0.43751113120870755,-0.03374972517730331
336,Berlin_Margulies_sub47791,0.5012836400206372,-0.44130435092653236,0.402864233104868,-0.09951741451010213,-1.01688637807552
337,Berlin_Margulies_sub49134,-0.9030048892627947,-1.001085004922198,-1.0027387451594691,-0.08561637422219752,0.25954142784058226
338,Berlin_Margulies_sub54976,0.1811124890136412,0.3450380947124635,-0.0585614363651053,0.22814293146626805,1.4587557346200264
339,Berlin_Margulies_sub57028,-0.40149567429845645,1.1592779471963839,0.4503879359611211,0.19733962403428143,-0.18386799005518484
340,Berlin_Margulies_sub67166,-0.3797999327164307,1.1073096154722228,0.5681533358036231,0.03224510470425708,-0.21886961021559595
341,Berlin_Margulies_sub75506,1.0874071413364548,0.48343575759280794,1.5839944868349773,0.32640106453741696,0.7165419132127725
342,Berlin_Margulies_sub77281,0.1987643378169585,1.437900479588061,-0.4043129124429968,0.06861908514139356,-0.42980676404710716
344,Berlin_Margulies_sub86111,-0.12138889188472952,-0.6907487905744805,0.9064833171472289,-0.15418652242214373,0.07749169000899013
345,Berlin_Margulies_sub91116,-0.016379328088704032,-0.4879401720688169,-0.3268737411997552,-0.46981294774758925,0.8539219683303129
347,Berlin_Margulies_sub95068,1.303047379834993,0.30809256365221466,-0.3599228886924678,0.8438268847606495,0.6184692915677009
349,Cambridge_Buckner_sub00156,0.14384397686344208,1.0911306587055,1.323695278960793,-0.6041187955983353,0.46331891873717046
350,Cambridge_Buckner_sub00294,-0.4256860512805446,1.705464881784125,-0.5465429834119063,-1.3683093635453993,-0.7352688931679832
351,Cambridge_Buckner_sub01361,-0.07583081050114797,-1.5716865043614618,-0.7668194159410278,-1.17771385713472,1.2267461746086092
352,Cambridge_Buckner_sub02591,-0.5969369118270603,0.5594490180310204,1.832092164880842,1.2160722741016858,2.12095315513394
353,Cambridge_Buckner_sub02953,-0.7402683954937131,-1.9925577787651179,-0.4442359020872903,-0.7254569499855488,0.6091876046516251
354,Cambridge_Buckner_sub04187,2.2397719118853585,0.0999426764164011,-0.8088707655168963,0.8679632333829953,-0.3244547870079192
355,Cambridge_Buckner_sub04270,-0.7601380765646939,0.6867818012108633,1.3367142470727842,1.8261626361365288,0.6494221086643095
356,Cambridge_Buckner_sub04491,-0.23631409681919952,0.6778442323829019,-0.1509696032738286,-1.188007474200946,0.3994404979264988
357,Cambridge_Buckner_sub04665,-1.1834886520309034,-0.9960848604781287,-0.01191583863163881,-1.7681944889763497,-1.092994680295747
358,Cambridge_Buckner_sub05306,0.8806396861365867,-1.3100275808257298,-0.018651029889940975,1.9485308015552834,0.06582587935062059
359,Cambridge_Buckner_sub05453,1.8044736378727502,0.157091890963507,0.12430334983047345,-0.43015671509005515,0.8661637849791537
360,Cambridge_Buckner_sub06037,-0.8341251541757391,-0.07962458018247906,-0.018456026227435404,1.5124475175414394,-0.2587074642429277
361,Cambridge_Buckner_sub06272,0.7354957776341574,-0.5398306074406573,-0.3700504278627062,0.9749119382143652,1.4919751025860135
362,Cambridge_Buckner_sub06987,0.07284626852736095,-0.8912477556269652,-0.2028488948746808,0.059298466813517935,-0.40240592327329233
364,Cambridge_Buckner_sub07798,-1.6592896262938084,-1.1974897741261574,1.0384714129945098,-2.8258564763662997,-0.3452146662584675
365,Cambridge_Buckner_sub07902,0.024400492371683034,-0.8849528898061751,-0.3756831855900831,0.6078997269666764,0.3719307746077799
366,Cambridge_Buckner_sub08204,-0.03183083949996439,0.5712994434347369,-1.2294985289487115,-0.19829423118201495,-1.2854513384461725
367,Cambridge_Buckner_sub08588,-0.3269483015407443,0.8370448849881567,0.533212876465945,-0.9546939137284515,-0.6658836999298882
368,Cambridge_Buckner_sub08723,-0.4145928455381276,-0.8590315375651617,-0.4447902283495134,0.06714718145883986,1.0115144581586106
369,Cambridge_Buckner_sub08947,1.0650430823417507,0.6598090958650596,1.2408297354126963,0.04983641273611761,-0.07224635754341484
370,Cambridge_Buckner_sub09015,0.637569068144919,-0.1354995618288898,-1.707906975508657,-1.379379873653332,0.6645670379999205
371,Cambridge_Buckner_sub09397,0.09104817038861747,0.7446243101907004,1.1585191769685403,-0.4001315334313124,1.2410037009425126
372,Cambridge_Buckner_sub09633,1.7435311894052368,-1.2555300620901737,-0.6832534453239784,-1.978879552357534,1.3846854785756155
373,Cambridge_Buckner_sub10268,0.7781741520286343,1.9330013687010754,0.2202828935070666,0.367090847449276,-0.20881367563104325
374,Cambridge_Buckner_sub10619,-0.9562083149645182,-1.2823667424725063,-0.2077985415018905,-1.2645822278650138,-0.4745010299786115
377,Cambridge_Buckner_sub13093,0.535626880333374,1.6201044757518197,0.8905997899809435,1.1915349994770503,-0.47166961427258813
378,Cambridge_Buckner_sub13187,-0.953036210098629,-1.220414903393791,-0.09505960238006646,0.15003278375938014,-1.5291995123967879
379,Cambridge_Buckner_sub13216,0.27021261116185846,-0.5810363308101425,-1.156693262754995,-0.8898315170706296,-0.9568793562063869
380,Cambridge_Buckner_sub13902,0.06693310914155787,0.4043059119439835,-1.0901085963395685,0.08187751845446542,0.8618409771029448
381,Cambridge_Buckner_sub14183,-0.7797847771077042,-0.041430019133701146,-0.27726365958976407,0.30684188110224647,0.25905984780345254
382,Cambridge_Buckner_sub14194,-0.604266700441076,-2.56041337791901,-0.7368107829491177,0.6208539354720385,-1.1310527322570436
383,Cambridge_Buckner_sub14278,-0.8945033509179962,-0.22603706420279002,0.21991942555365668,-0.8676914451194381,-0.7965822447182983
384,Cambridge_Buckner_sub15172,-0.9952160794245377,-0.6390351124138951,0.4834433060107369,-0.33074981194246567,-0.6805615656536426
385,Cambridge_Buckner_sub15258,-0.830689188040166,0.3758392012823319,-1.5003902905727322,-1.6670532922732015,-0.36870414805189594
386,Cambridge_Buckner_sub15432,0.3683116281327812,1.053432780410151,-0.5337969879621665,-1.2515421417811068,-1.2042608103802201
390,Cambridge_Buckner_sub16846,-1.5581559364944038,-0.41399500094637354,-1.3729995239677122,0.8913397553009829,-0.7224394266548564
391,Cambridge_Buckner_sub17584,-1.1450924026203197,-0.9023212080190219,-1.2919277981256594,-0.914765367934541,-1.6503732806806346
392,Cambridge_Buckner_sub17737,0.7670627826694537,0.5380773690031879,-0.5316160708718075,2.029848899558217,-0.028245581646487213
393,Cambridge_Buckner_sub17772,1.279651920712252,1.6852455956987782,1.4813923437935619,3.3428665950587044,0.7702263076559747
394,Cambridge_Buckner_sub18295,-1.1166042072951887,0.012690189194077453,1.002649818418263,-0.5248609652755722,-0.6537492786356132
395,Cambridge_Buckner_sub18449,-1.634336933267389,-1.7748259116452005,-1.2248124215056166,-0.9357233958146302,-2.1708170832481857
396,Cambridge_Buckner_sub19717,-0.7361578648533716,1.382609339595838,1.174084832953424,0.5587246210047973,0.022774538954559248
397,Cambridge_Buckner_sub20389,0.8010342630547487,-1.909996676484153,-0.41744028969209057,-0.7774680217813131,-0.5966627356221536
398,Cambridge_Buckner_sub20543,-0.5276019510536785,-1.5354615807837293,-0.45167582517561006,-0.19406532011453448,-0.2429029455388947
399,Cambridge_Buckner_sub20563,1.4497432993527872,3.063332773188643,1.098200219099784,-0.68824699621014,0.975388364067127
400,Cambridge_Buckner_sub21755,-0.6275408136828754,-0.6493488689847144,0.26028055430001085,-0.9660877703641375,0.26616740199048416
402,Cambridge_Buckner_sub23869,0.5761432479650663,-0.3109822319939086,0.8338194038849472,-0.22474189613150955,1.7239980250234987
405,Cambridge_Buckner_sub25044,-0.9693427725668429,-1.051486517010057,-0.9885185710855512,-1.8426530924594586,-1.1077881342486833
406,Cambridge_Buckner_sub25058,0.08513527453697037,-0.6300975518876893,-0.2538131885686617,-0.4410606083941129,-0.1569154378727451
407,Cambridge_Buckner_sub25099,-0.6247596997038314,0.7041877411609255,-0.7916114964298699,1.0081037070088257,-1.376786799410252
408,Cambridge_Buckner_sub26348,1.7005546945726446,0.4572036226970145,1.811148470670696,-0.024669487215309108,0.7175005053238137
409,Cambridge_Buckner_sub27065,0.2841699571252739,0.5219510031777629,0.26709128149375494,0.8858219185991534,-0.14100883369647735
410,Cambridge_Buckner_sub27230,-0.9359914966810456,1.4202516148377078,-0.9785865629903351,-1.7887186900346435,-1.9483026917044801
412,Cambridge_Buckner_sub27796,0.4545805371057776,0.26930526802270954,0.5056201399958877,-3.0132141480052312,-0.17935093217271583
413,Cambridge_Buckner_sub29044,-0.4295912360025895,0.25776070908171234,-0.025266753421183105,0.8226422307128312,-0.3642716734951031
414,Cambridge_Buckner_sub29425,-0.20661523152532035,-0.13362935742902607,-0.3358630045409289,-0.9937867340439152,0.16370216721645617
415,Cambridge_Buckner_sub29800,-1.116695275891129,0.6700819991962942,-0.31624870088729323,-2.0179114018596036,-0.8426677956160789
416,Cambridge_Buckner_sub31522,1.3093008301745441,0.20683462768334293,-0.3045065683647461,-0.625327425422902,0.3143553859831642
417,Cambridge_Buckner_sub34586,-0.041872305282936235,1.4449862285231887,0.41692727975615596,0.07794185294402156,-0.10079389683850577
418,Cambridge_Buckner_sub34741,0.6213870612862019,0.45652976297122055,-0.10315352682689524,0.23694741320972704,0.2895402029708243
420,Cambridge_Buckner_sub35512,0.26199603435151647,-0.6636749212865611,-2.146971467513643,-0.8498717126847322,-0.9697158973546434
421,Cambridge_Buckner_sub37374,-0.8160116951530608,-1.0790489276254613,-0.7063394727957275,0.014762165057702406,-1.2389465501559835
422,Cambridge_Buckner_sub39053,0.018275783564361343,0.4595534203657426,0.4504477318599409,0.7327061078734413,2.16374532277291
423,Cambridge_Buckner_sub39065,-0.059222784844578893,-0.1896829709578436,0.7828367298480986,0.9619543054041482,-0.6738468182959979
424,Cambridge_Buckner_sub39142,-1.4559037125447105,-0.7536227767742885,-1.0772911469042203,-1.0264283187265681,-1.1043731502532512
425,Cambridge_Buckner_sub39737,-2.0174553020072703,-1.0835931229929778,-1.2536005111828008,-2.0453544889898714,-1.3383624969267431
428,Cambridge_Buckner_sub41773,0.23586739973146473,-0.8021271131798178,1.4385363588179787,0.24573232811854964,-1.2921614012559082
429,Cambridge_Buckner_sub41814,0.2441505443961768,-0.8298798908823438,0.9040701724975498,0.45935873189319426,-0.00814139041403969
430,Cambridge_Buckner_sub42146,1.0012414744431184,-0.9592544791997202,-0.37801396825018535,1.058043791448151,-1.9566324421516368
431,Cambridge_Buckner_sub42253,-0.4676514217753642,-0.36321158368471734,-0.45167582517561006,-0.9706817509550623,-1.2823421683114145
432,Cambridge_Buckner_sub43304,-0.5016917024797106,-1.2823875852561462,0.748581364964049,-0.48359225044538084,-1.299182550048874
433,Cambridge_Buckner_sub43358,0.5002329938282347,0.4678307948499863,-1.3397371018140531,1.7672404613249737,1.2443258008237572
434,Cambridge_Buckner_sub45344,-1.0018856334848902,-0.4138157425172603,0.06276946568139309,0.2395178660750486,0.5426450928890416
435,Cambridge_Buckner_sub45354,0.6605453100207435,-0.7375437966624656,-0.5709367130707748,-0.34727613917377276,-0.8119190551900336
438,Cambridge_Buckner_sub47231,-0.3510995802376488,0.4932938355491683,0.2880266974911099,0.9904327058873529,0.6963972861338921
439,Cambridge_Buckner_sub47278,0.2650159740944837,-0.03412060342221421,-0.8655590691269495,0.17973580275461765,0.9527991066983932
440,Cambridge_Buckner_sub47498,2.160803930567931,-0.4698091133375508,0.8226857210184466,0.6217023937069734,2.0255926880669692
441,Cambridge_Buckner_sub49259,0.5058843970744766,-0.029633740976715183,-2.551082943011814,1.086051977875991,0.001720912221247498
442,Cambridge_Buckner_sub49998,1.5287012031925087,-0.3694803002467448,0.354695019832906,0.1662847037954681,-0.3771845676195563
444,Cambridge_Buckner_sub50454,0.1678241885747683,0.32007852157620376,1.2898141510192567,1.0733726950172005,1.144673815961259
446,Cambridge_Buckner_sub51050,-2.0554988826221994,0.730847183498637,0.23443599123502384,-1.215388008028458,-1.716960881213039
447,Cambridge_Buckner_sub51172,-0.12487862580962257,-0.4906408873729906,0.8700416730747077,1.0845928681220034,1.3816207950158483
448,Cambridge_Buckner_sub51512,-0.7695156770109318,1.3335916640880041,-0.2047439487755906,0.21825103234763146,0.4204326997026344
450,Cambridge_Buckner_sub52036,-0.2278493046621071,-0.1939562365099935,0.015883740417563432,-1.405586952225758,-0.6407744183704813
451,Cambridge_Buckner_sub52300,1.309044223985557,-0.2203899564308075,-1.451960834596177,-0.47739059148281104,-0.8710887045349752
452,Cambridge_Buckner_sub52442,-0.27350061447724755,0.684456783555353,-1.0563252558509064,0.3121052053774199,0.9243910472718727
454,Cambridge_Buckner_sub53107,-0.844424342879475,-0.45437977438816535,-0.1937660026058138,0.5027929172583407,-0.22018089707273755
456,Cambridge_Buckner_sub53296,1.0623940914022207,-0.3496680653283524,-1.3063132960582926,0.005043122397063056,-1.456732184194786
457,Cambridge_Buckner_sub53615,-0.8550838718842644,-0.6052353848600444,-0.08656509885244028,0.8140537860383287,-0.5336748457903403
458,Cambridge_Buckner_sub54846,0.4628527207129218,1.1005170943046327,-0.8655590691269495,2.9196385707599903,0.6146083547915465
459,Cambridge_Buckner_sub55114,1.5581499083869887,-0.38198694164327707,-0.8771108870554805,0.2768046383360544,2.146215700100652
460,Cambridge_Buckner_sub55660,2.026290596202524,0.9344127446548253,2.2113808310289937,0.9739657918696137,0.63738768810099
461,Cambridge_Buckner_sub55874,-1.005033752477519,0.12425974938975284,-1.109752013735002,-0.7940277600724057,-0.018003693049329014
462,Cambridge_Buckner_sub57221,-0.11432614137365255,-0.24830597797256226,-1.101864884449079,-0.9909456185381486,0.2510868006687442
463,Cambridge_Buckner_sub58360,0.7462479225166221,1.3823794711215471,-0.11518286290071268,0.4218499580896247,1.1404365936628393
464,Cambridge_Buckner_sub58470,0.9724322195785963,-0.679798409310974,-0.2353700894144057,1.1551660398903132,-0.3402831800042618
465,Cambridge_Buckner_sub58682,-0.9129999600612071,0.06298082357235853,0.16374590677811734,0.011253528303239927,0.49750845634893326
466,Cambridge_Buckner_sub58874,1.5299721418669194,0.9061868808818028,-0.4183281802986916,-1.3672841274797034,-0.26070888543794507
467,Cambridge_Buckner_sub59434,-0.6939568300993578,1.635959033767079,-0.7204641615993355,0.48809634781509,-0.40743279038053903
469,Cambridge_Buckner_sub60578,0.7951867313400094,0.24219796778145414,0.7211602783651638,0.14277530477404138,0.3048799313345187
470,Cambridge_Buckner_sub60797,-0.23172918774618353,0.7644566693142585,0.3046381505085963,2.022989405038396,-0.21524974575509373
471,Cambridge_Buckner_sub61185,-0.8369658180925797,0.5247885392305706,0.47415570694491455,0.6572634902900606,0.08458057601502485
472,Cambridge_Buckner_sub61209,-0.6355129037546462,0.5896333337433547,1.1339609624881952,0.8745588887220251,1.1247802423196815
473,Cambridge_Buckner_sub61436,0.643002738937678,0.24996235135549041,0.7722820419057472,0.4397715358294903,-0.12337008049047474
474,Cambridge_Buckner_sub61753,-0.33576025736307336,-0.7832155933405097,1.4863246930801548,-0.8837007107009252,-0.526386369931399
475,Cambridge_Buckner_sub62383,-2.0617675776814757,0.17259068468660796,-0.42427777435644637,0.28451138817505206,-1.5432480458855153
476,Cambridge_Buckner_sub62424,-0.4496662629918713,0.7150076649838923,-0.9734451954752382,0.35888557864391674,-0.6109340579081136
477,Cambridge_Buckner_sub62732,-0.2840944974249968,0.8170798610178099,1.3382642655106125,0.22426374730138507,3.190649213885889
478,Cambridge_Buckner_sub62908,0.34265054589194965,0.033101837643679126,-1.2089725742993904,-1.115402867867908,-0.7159478759642635
479,Cambridge_Buckner_sub63412,-1.58203792770013,-1.2730931431377746,-0.3688809753216897,-1.5882528638921858,1.816384597114281
481,Cambridge_Buckner_sub64308,-0.6594931154659726,-0.5324669308594406,-2.315137861959999,-0.5916929327048831,0.5428932133034851
484,Cambridge_Buckner_sub65682,-0.6698055514024522,0.0636162705924461,1.2546467245868433,0.17115878359653763,-1.196650926218227
485,Cambridge_Buckner_sub66351,-0.7027732709320865,-0.10495366204114198,2.1743760377175794,1.1960023945592024,0.5579981002457574
486,Cambridge_Buckner_sub67117,1.6006418383264864,-2.6262182625763755,-0.11964077134857416,0.44586661889806045,2.671505592952468
487,Cambridge_Buckner_sub68101,-0.07335987522324844,-1.3973369363652646,0.6421845115658716,0.5119191285377814,1.862630455015065
488,Cambridge_Buckner_sub68425,0.4615817820385123,1.2353111396321164,-0.16029812487841433,0.8931976830622004,-0.7651092536303498
489,Cambridge_Buckner_sub69287,1.2903735663270226,-1.1716198945995382,-0.2938259138374025,-1.743971219755832,-0.47643278425716284
490,Cambridge_Buckner_sub69315,-0.9354696170684033,1.0885036587346115,0.9072996377058251,-0.9225865360596386,-1.5284241552964948
491,Cambridge_Buckner_sub69397,-1.695366333306402,1.470371371464212,-0.6893772038309685,-0.03150386643400355,-2.309746970520619
492,Cambridge_Buckner_sub71849,0.018505891459323784,-0.5093021451391989,0.11044455603760907,0.3140914105970605,1.4223468366571657
494,Cambridge_Buckner_sub73317,0.007448142623763856,0.01649431622048397,0.20304812525458343,0.5844730919654223,-0.1342515890611665
495,Cambridge_Buckner_sub73399,1.1606421153811592,1.1967407234538439,3.592421603380609,1.2083812308300017,1.7296994338770346
498,Cambridge_Buckner_sub76745,1.5359671947947564,0.6617069349627631,1.3570429238377053,-0.61551942242608,0.4604331590693061
499,Cambridge_Buckner_sub77337,0.06098461248977887,-0.9992027201982003,0.41857424552027533,0.6030877428362005,-0.14904504301409938
500,Cambridge_Buckner_sub77435,2.5938067218490977,-1.4946997692654878,0.6346625221654361,0.8812908182974559,-0.17580053521394337
503,Cambridge_Buckner_sub78547,-0.6719179399778702,-1.1869127885325557,-1.0828112487017898,-0.9243303161678345,-0.022934844366972573
505,Cambridge_Buckner_sub78614,1.170430977667332,0.3978074329272283,1.3777430484903859,1.7485970751944693,2.777520268533922
507,Cambridge_Buckner_sub81289,0.7795152430563321,-0.46053551400282305,-0.8942258934693125,-0.42173474265688055,0.1299308464799958
508,Cambridge_Buckner_sub81524,-0.5379567452765329,0.29559740537140644,-1.0093922568486164,0.8476162731936947,0.051641850194151545
509,Cambridge_Buckner_sub81562,-1.1166042072951887,-0.9994656785984958,0.5667632780185566,-0.4689308068840671,-0.05052522576604031
510,Cambridge_Buckner_sub82113,1.6194907352560144,-0.5252107698694782,-1.4133977767380999,0.9133319240158037,0.48214232564434795
511,Cambridge_Buckner_sub82213,0.5347933558468992,0.4548392884158724,0.9707980653042226,0.2667168430087589,0.28139099629509196
513,Cambridge_Buckner_sub83409,0.6358194274638262,0.4976826275398696,-1.0362931675571923,-0.9826727891016301,-2.4668542966182354
514,Cambridge_Buckner_sub83683,0.764565449796966,-0.5173066764442639,1.7568798335729232,1.5017509457858498,0.17180168292498355
517,Cambridge_Buckner_sub84504,-1.2558832309824015,1.9529911995121458,1.0768091605807726,-0.22655365779125985,0.2806719139831285
518,Cambridge_Buckner_sub84845,0.47842394798539944,0.9557029372667158,0.1791512636087466,1.4213728710859244,-0.4048084482759573
519,Cambridge_Buckner_sub86115,-0.08869214864757269,0.022297845636026253,1.5332247891336839,0.8010289474270392,-0.2408153117963635
520,Cambridge_Buckner_sub86637,0.6391028463354338,0.21956614803293578,-0.8425540166706377,0.03340555118820612,1.0683854520701246
521,Cambridge_Buckner_sub87846,-0.1518515309881873,-0.3278892269995232,0.4991592404972178,-0.06602584150781264,0.6963972861338921
522,Cambridge_Buckner_sub88445,0.8632503282032177,-0.7393345774063211,-0.2754939598796307,-0.2810463603686724,-0.695481745884825
523,Cambridge_Buckner_sub88464,0.6833987403682751,0.6585892159256461,-0.5126618554703711,-0.18785238866780798,0.5130528528411179
524,Cambridge_Buckner_sub88853,-0.0143585698819578,1.6537435494054677,-1.6350408341765437,-1.1257916201064713,1.221165776486566
525,Cambridge_Buckner_sub89107,-2.2961425647639557,-1.4226246826672422,-0.1874030272316443,0.6136157679596093,-1.2773687749010203
527,Cambridge_Buckner_sub89894,0.6134290394647508,0.9164567814328081,1.1838314674232662,1.9645003621403678,-0.7341489063585949
528,Cambridge_Buckner_sub90059,1.1852504796761056,-0.642169822547997,0.5263373056531202,1.2421907560661811,0.9604640034558305
529,Cambridge_Buckner_sub90674,-2.661840793361685,2.4514421526653067,0.10397467306555189,-0.057380828286603236,-0.6507212051912687
530,Cambridge_Buckner_sub90681,0.37688578059926114,0.1565143925792831,0.9700965663509552,0.7078644842487335,-0.8744881730723886
533,Cambridge_Buckner_sub92393,0.07284626852736095,-0.20374565674898762,0.4714130973061176,-0.7175092886241068,0.08017331902236628
534,Cambridge_Buckner_sub92440,-1.380082602963315,0.46324323690176306,1.9068864078490348,-0.9151961272667175,-0.6836806019068556
535,Cambridge_Buckner_sub93269,-0.40719370444314745,-1.5327669963579837,-0.7187621457448303,0.29797769444101446,0.08736464219521646
537,Cambridge_Buckner_sub93609,0.8872305399145456,1.310535738376433,2.753478878093541,-0.5792670698114348,0.0007933315704512909
538,Cambridge_Buckner_sub94304,0.2735574763688637,1.5492043926191787,-2.421295827169334,-0.17401315442848314,0.7896698723906138
540,Cambridge_Buckner_sub95644,1.5287012031925087,0.7776948306041563,0.10397467306555189,-0.8464231220205787,0.8661637849791537
541,Cambridge_Buckner_sub95959,0.6149515676385302,0.07951942418742507,-1.0536865596767482,0.21983941249323455,0.7416390900991119
542,Cambridge_Buckner_sub98528,-0.059222784844578893,-0.8237241512676858,-0.24091234141393483,0.21736827057310354,1.328200616667515
543,Cambridge_Buckner_sub98624,0.8383508955848998,-1.1490722895482202,-0.5837463833083103,0.25091172271073914,0.24900611358896213
544,Cambridge_Buckner_sub99085,-0.6055376391154924,0.23858520626985444,0.8154783598377702,-0.4425825779835025,-1.1182201857683878
545,Cambridge_Buckner_sub99330,-1.2381925785806973,-0.1863676285004447,-0.5151476537013056,0.12005375779114363,-0.3027274948123564
547,Cleveland_sub02480,0.45699657042206454,-0.36117040904017605,-1.419445884130605,0.30520571769918403,1.5662304313636783
549,Cleveland_sub12330,0.610168753421739,-0.11879091364935895,1.2584413448819518,2.4865528396153205,0.13863219783604022
551,Cleveland_sub17946,-1.1587483068307076,1.3954694558540257,0.8370222180560795,0.39890897278324294,-0.9560751722455655
552,Cleveland_sub18011,-0.6051689721512206,-1.0803089929436422,-0.9514690459425172,1.7361663833456433,0.4862271651932691
553,Cleveland_sub18566,-0.203476312795765,0.30721326855208714,-1.154339541096254,-1.0673860187940538,-1.275713192572766
554,Cleveland_sub19005,-0.7742369066398493,-0.6455416629898783,-1.235388152589833,-0.5745322709515562,0.019057337853502443
555,Cleveland_sub20003,-1.5060378997242108,1.0813878670846788,-0.8343694758638684,1.422637699165098,-0.8387385384473471
556,Cleveland_sub22736,-1.4538107731503596,0.06902138862269881,0.8209269644653383,0.5894048497608099,-1.1760400617918545
557,Cleveland_sub22935,1.8757476371921311,-1.4054292666016786,0.8481781390251445,1.30267051011409,1.793920721115262
558,Cleveland_sub26557,-0.4201016429256321,0.4370845272654206,-1.5267407363270604,-0.5082223352042253,0.7547862134272659
559,Cleveland_sub28596,-1.5921519878036674,0.3568566979958771,-0.6906354424178618,-0.16509045751721999,-0.8670742821774179
560,Cleveland_sub34189,0.7939372209676973,0.7823453860902071,1.9079952736976644,-0.22557954533946042,-0.24938062550814122
561,Cleveland_sub46075,-0.7420292352078518,-0.37126515899333107,0.235430324653143,1.6053032906061695,0.6690347263331333
563,Cleveland_sub47482,-0.8772662555662949,0.5832616553088058,0.02830943829333033,0.6872176533162733,-0.33432514881433695
564,Cleveland_sub50092,0.8145494033125825,-2.3174093473514357,-0.7103644855666861,-1.4555223578958247,-1.7106827742720097
565,Cleveland_sub58811,1.0522013390748226,-0.4699556594427676,-2.027283936603181,-0.8978884341773589,-0.8564030318651671
566,Cleveland_sub61868,1.27398238227818,-0.5691859549500201,-0.9179596510625619,-2.670813290054372,-1.5104671492477388
567,Cleveland_sub64706,-0.43154122204610357,0.9654562721001139,1.2651418034911905,-1.8204468816840844,-0.4217417595966154
568,Cleveland_sub65858,-2.163299820906586,0.04255053751177634,0.021284750895650194,-1.0941617077434602,0.16835604156304151
569,Cleveland_sub67936,0.24562311953639857,0.99645607699336,1.5951035959975768,-0.7931189671771761,0.2563421395079626
570,Cleveland_sub75398,0.24880174933661608,0.05419975144086229,-0.08685238731842433,1.2536195886753931,0.3136310215061705
571,Cleveland_sub76139,1.557438573279266,-0.11516060905070442,1.6083881413210652,-2.632370795654521,1.5659367430367244
572,Cleveland_sub80263,-1.1005395435391399,-0.277165915300635,-0.733677265180265,0.5793721141986254,-0.07583434477769366
575,Cleveland_sub92232,1.8745467272839638,-0.41500253894196565,0.10442858081201147,0.07850715729819026,0.7794109390214238
577,Cleveland_sub99664,1.7840929833071781,1.4862529943065816,1.0076106483642673,1.4541608458066828,1.1052410666312489
579,ICBM_sub00623,0.7428286287208581,1.678964673007543,-0.0920156671903553,-0.11818518807953564,-1.6193419047307074
581,ICBM_sub02503,0.7617501961558002,-0.691605872534409,0.4503919586729519,-0.8753107402301863,0.23251824720325964
582,ICBM_sub05208,0.5915448651066849,-0.9199609205952956,1.304424631257845,1.293109288648509,0.5074450797475899
583,ICBM_sub07286,-0.30108391284058916,-3.132802501262476,-0.8546457694020948,-2.0687529613889124,-1.5705811965740613
584,ICBM_sub08255,2.416841178416461,0.07531062334334897,-0.5945171615518485,0.8794873496096787,-0.5590806989909808
586,ICBM_sub09539,-0.24252595950924755,1.3202490097636672,-0.46888515256648794,0.22545387658040072,0.27198626580103175
587,ICBM_sub10582,-0.11757628059304057,-0.11001699000779752,1.075911332622848,1.1874588276042959,0.09316264077310173
588,ICBM_sub13384,-0.6814334183741275,-1.8371661231794463,-0.42651952212598937,-0.7607071907604687,1.6366787314880933
589,ICBM_sub13478,-1.902464828558242,-0.1388356444878088,-0.30194958957586865,0.3454575810192171,0.3792377098053487
591,ICBM_sub16607,0.7072312287001123,0.41145393687354265,0.0639246788929749,0.9760465851291658,0.5739396532123923
593,ICBM_sub20718,0.9344415181798977,-1.3886885566570446,1.6734742973295416,-0.7059135456323041,1.9991862323713239
595,ICBM_sub26183,-0.32715422294318774,-0.08586104037189198,1.6349836133514066,0.4621992678350709,-0.0053970721796744855
596,ICBM_sub26796,0.11136465135035527,-0.8536951536642917,-0.08313524369330046,-1.1924111907811685,0.004450442039399215
597,ICBM_sub28422,-1.211572563268083,-1.999296367726909,-2.433115657121667,-0.7148197343717485,-1.395524500028864
598,ICBM_sub28795,-0.8242980324547351,0.030397309190369582,-0.1347473116168936,0.244211302742583,-0.2047230162407846
599,ICBM_sub28808,-0.5314835377808732,0.3511593199189876,-1.0938656130774442,-0.05233377007058156,0.13477731521825903
600,ICBM_sub29353,1.428470541215962,-0.19514195993075417,0.06985240801549601,-0.18936447686249,1.2328433131359013
601,ICBM_sub30003,-0.28898110433002955,-0.39807729147816384,-1.5913288712140299,-0.2481979068677216,-0.5273363026036069
602,ICBM_sub30623,-1.8558151416749535,0.3741634100915053,0.27003859069164937,0.451639906554258,-2.6342283143125105
603,ICBM_sub32549,-0.5547558835721121,1.7455373609558218,0.8987099747980659,2.4877925066549897,0.1661076964130557
604,ICBM_sub33677,0.1416145262066446,-3.1517083111258803,-1.122056105973166,0.7634029182366097,0.129792438199341
606,ICBM_sub35262,-1.1354643396499748,-1.937364507082509,-1.079461887523355,-1.4271600754008875,-1.0784705703375417
607,ICBM_sub35370,-0.5574285775344127,0.8061866391767001,-0.12957420709161882,-0.09993898630830493,-0.0517789791828637
609,ICBM_sub40217,-0.7471726763741644,0.17865731263950974,-0.6669635896512349,-1.143353666647639,-0.8770964635490481
611,ICBM_sub41546,-0.11757628059304057,-0.11001699000779752,1.075911332622848,1.1874588276042959,0.09316264077310173
612,ICBM_sub41764,1.327608185590398,-2.3396888115033114,1.3438996371669383,-1.0863235554529826,1.2613549704665967
613,ICBM_sub44077,1.4724411721354884,0.8554084697725904,0.6127315490607677,-0.13325972965851637,1.3974600182786268
614,ICBM_sub47658,-1.438176082373511,0.50391773293006,1.3965634587316784,0.804147176615643,-0.5427462241310609
616,ICBM_sub48210,0.514155997903571,0.7021147868124092,-0.6684908460960797,-0.4321549615682034,-0.037773717743089186
617,ICBM_sub48830,-1.1085830658195284,-1.06408739969105,-1.8828830425727232,-2.0822644281522917,-1.7636895574322722
618,ICBM_sub49215,0.67607641024189,-0.7609371112722768,-1.3934458028669745,-0.48199122527133487,1.6215227304724482
619,ICBM_sub51677,0.8531556705988458,-0.44926747499354214,0.5898185738955997,-0.6151115767541809,-0.14208229415503762
620,ICBM_sub53282,-0.011363888422721792,1.2840243269960527,0.01477436646265897,-0.37910385987177925,0.5265262427732912
621,ICBM_sub53801,-1.1961805173064712,0.8511075367321819,0.2897428510953575,0.1435250011667451,0.7940884303219984
623,ICBM_sub55114,1.1976982227084185,-0.0037277323494920704,0.31564181516287887,-0.2976214926391835,2.498999336086857
624,ICBM_sub55656,-0.6083961693212697,-0.8790689545197706,-0.05643532084203228,-0.31862388108319706,-1.1555547520046217
626,ICBM_sub59589,0.24477520702505404,0.5004869009659628,-0.2759324788294928,1.2080868663357145,-1.9498392224648506
627,ICBM_sub59739,0.015921325821545772,0.743796240866602,0.24562695732823275,0.1980248918429638,0.6331139049566248
628,ICBM_sub59914,1.220437215102904,0.851609410473574,-1.1658857796246804,0.532459595937716,0.8541739306962279
629,ICBM_sub62937,-0.8867671125505852,0.3362149235818684,0.2198826917167342,0.06450896475598522,0.5619888856541184
630,ICBM_sub63280,1.6481821279797486,0.6783422124269,1.253734606068353,-0.12324814017549808,1.3759295149052528
631,ICBM_sub65921,-0.34538829185063474,-1.5580905158359843,0.6557853461478227,-1.1175387391303826,-1.4834030703220609
633,ICBM_sub66794,-0.6631260970257048,1.4132811345647094,-0.45551565033450175,1.460827811260166,-0.4738042080119113
634,ICBM_sub68850,-1.6220272144629186,-0.08376920935348241,-2.1759775255395857,1.42533123203127,-1.481425599778146
636,ICBM_sub71932,-0.6372867961232133,0.053526157929870075,-0.7993078193764045,-0.982536252286493,-0.3441484606581615
637,ICBM_sub72135,-0.31470842329998905,0.12889765288047209,-0.3094073058098079,1.0433669502948302,1.314370686535142
638,ICBM_sub73490,-0.5802851795671053,0.28815090948220323,0.5567090386907624,0.2464868419808765,0.06106840350465072
639,ICBM_sub76325,0.6313996002738806,0.26933434700332304,0.462072305589652,-0.1958948928874435,0.3983616910257649
640,ICBM_sub76678,0.23311525279323925,2.12320416860897,0.48336793853062376,-0.020670426785371315,2.807630232995238
641,ICBM_sub77431,-0.7196300096630507,0.7863313144705875,-0.6549096037547258,-0.7114848902116688,-1.4588344917332177
642,ICBM_sub78297,-1.9509575425819836,0.39453818902995674,0.4382162681970006,0.5497731530789594,-0.5548132806686648
643,ICBM_sub82221,-0.9852814698268559,0.9762213701152715,-0.20419720133008962,0.5785035970035172,-1.4876041830063804
644,ICBM_sub82228,-0.5624634853385354,0.7790232130505045,-1.147184986764394,-0.27052138449669044,-0.7105492957105095
645,ICBM_sub82754,0.035001293560280776,-0.21983612772879466,-0.3738987077246447,0.29957139376106323,0.43096074231024484
646,ICBM_sub85442,0.6684618743383132,2.3528762384153072,0.6872465263515213,0.2398528279129715,0.8241260369504542
647,ICBM_sub86203,0.9452869246890303,-0.9620040816831603,0.48274149440447855,0.48872319970134176,-0.5956149285003506
648,ICBM_sub86516,-1.3115597697477785,-0.3097129982028662,0.2830870507166497,-1.995226098473561,-1.4478226961944625
650,ICBM_sub87217,-0.43494404238159556,0.9347778928612277,-1.1407241206431205,-0.21602362880132356,-0.021184805816009726
651,ICBM_sub89049,1.8838946725120223,0.2511322243894666,-0.9187751836746191,-0.12737693756423846,0.3323539274567332
652,ICBM_sub92028,0.5171511799047946,-0.18360378776048436,0.49790571808409245,-0.07576876208971453,-0.901472342136208
653,ICBM_sub93262,-0.40044243664006796,0.26498772187177655,-1.0534706344191973,-0.16148237769047064,0.23226481870215268
654,ICBM_sub93975,0.16173264615105734,-0.11074815824725812,0.14152734092429192,0.5581584387592078,-0.09970999831543423
656,ICBM_sub94169,1.293257791133136,-1.178152532784253,0.3775989771366418,0.29389169946512295,0.1842918789750869
657,ICBM_sub94945,1.8067866599700206,1.0270594803333541,0.37431326034910817,1.0192662237891714,0.35966813777375817
658,ICBM_sub95400,-0.9351434396286481,-1.4202265985529838,-1.0802073020091147,0.4235209058046924,-0.33252411729358533
659,ICBM_sub95971,0.6699233226375523,0.15712484744861258,0.7356349661569889,-0.8643243515949112,-0.22515983172774223
661,ICBM_sub98317,2.4407027661629197,1.9600600834392716,1.2716564819383274,0.8310515969644864,1.1919921870794614
662,ICBM_sub98802,0.4217854699490074,0.6176266923794633,0.8364526867878406,-0.23585701469367767,0.5988024611575069
664,Leiden_2180_sub08518,-0.8361350528723568,-0.8796439863967012,-0.14543537173145785,0.46335994526255303,-0.1282989781301536
665,Leiden_2180_sub09796,0.07090128733647443,0.3681491069842916,2.10827981808162,0.8509782878365404,0.10890060219940678
666,Leiden_2180_sub10481,0.41369898552651124,1.7891673030891726,0.4135192605953774,0.6446096555713346,-0.27767599533079884
667,Leiden_2180_sub12255,-0.5242499596847544,-0.7879035991131456,-1.1432231521638385,-2.285612359923494,-0.5494087038609715
668,Leiden_2180_sub19281,-0.21767067843485763,0.5414983782853271,0.4587795195011509,-0.19294873274146906,0.5872168502292956
669,Leiden_2180_sub28473,0.8845089840252566,0.4007257213654392,-1.04514514078973,-0.5195883428910965,-1.7788385238016344
670,Leiden_2180_sub38454,-0.6308491839486664,-0.4786010953845534,0.29045116866825177,0.022133140173984038,2.09357628327277
671,Leiden_2180_sub52853,1.2281367175035065,-0.1277974694543436,-0.46206724689595874,-0.24033018188763206,-1.8420395388758684
672,Leiden_2180_sub56299,-0.8421728725465805,-0.22397068839270992,-0.7447793647810551,1.3955292517877043,-0.590770751996829
673,Leiden_2180_sub58194,0.5553708447285681,-1.0277333460382678,0.246515464423754,0.9069003474937829,2.226375869839047
675,Leiden_2200_sub01787,0.7706868206926691,1.5562593899478105,0.8064992605033012,0.9470308832746254,-1.027510675695367
676,Leiden_2200_sub04484,-0.952406571722685,-1.6507406731797376,-0.8503542201120398,-0.792052053651784,-0.0002041255078629237
677,Leiden_2200_sub13537,-1.149575507772598,-0.6162196631041514,-0.7158327923727952,-1.4964404820045947,-0.7129622281472832
678,Leiden_2200_sub18456,-0.6786255731829614,0.35774164363965066,-0.5728075213041446,0.31818243469769725,-0.5068606767501802
680,Leiden_2200_sub36743,1.66435962697856,0.8612977139613637,0.5050235257603447,0.4035122290014748,3.7004930568271837
681,Leiden_2200_sub39335,-0.35674928851217413,0.30289391020955014,-0.20763066166262786,-0.4007964815625964,-0.16814668055459012
682,Leiden_2200_sub40907,-0.9199181049558,2.0201444155378048,0.7522894557968458,0.015091166265988614,-0.09251271454113637
683,Leiden_2200_sub52922,-0.4030726144878856,-0.6660172705345849,0.229986602432601,-0.33180775868486434,2.127708380237497
685,Leiden_2200_sub64642,0.31631620149516965,0.5582518423037142,0.6468158807924077,1.193386515380027,-0.19224873607343887
686,Leiden_2200_sub66131,-0.3876635417740064,-0.16084151532595825,0.8676096738068665,0.18531629647878003,0.6264065445809484
687,Leiden_2200_sub68050,0.46199555603502745,-0.8249028350143098,-0.05053562468467743,0.5887113252457187,-0.40896831431078595
688,Leiden_2200_sub72247,1.017754929408172,-1.2678140604891603,0.09446209066646342,0.06581985390548223,-0.8314606989474366
689,Leiden_2200_sub86034,0.25723647632208874,-0.5143675003074126,-0.13692098090443397,-0.16033114265187925,-0.019254567347274144
690,Leiden_2200_sub87320,-0.8916252162930421,-0.27094595091799717,-0.46061759424378096,0.8537055114852679,-1.7203430226531111
691,Leiden_2200_sub92061,1.7320182477742037,0.5259923269151862,-0.3496481274510228,-0.3981137317589608,-0.25661499660184106
695,Milwaukee_b_sub09931,-0.08133936933261979,-1.375958931031836,-0.16667865119499292,0.5392677097513968,0.08194944683339415
696,Milwaukee_b_sub14692,0.5185809831267206,0.03094845320146176,0.6891878257423667,0.8071601828566389,0.9551145954267553
698,Milwaukee_b_sub17004,0.8473734256501978,-0.7217566436271154,0.5255863676426599,-0.853267901865761,-0.7975397339571887
699,Milwaukee_b_sub17987,2.494840490792131,0.28335609523156674,1.0141638290740547,1.446916526475666,0.6946242532510375
700,Milwaukee_b_sub18955,-0.06326269326425392,-0.04280823347946519,-2.2324816668502327,-0.2700120296092203,0.3809864791853028
701,Milwaukee_b_sub21350,-1.2210649745723725,0.25160281108584803,0.7640711805564288,-0.7289683201409747,0.31287517002461906
702,Milwaukee_b_sub23607,0.1387387341565559,0.6025855594084145,1.4962665111322782,1.2438443506043866,0.37145407800612806
703,Milwaukee_b_sub24237,-0.2926143053462032,0.20859147016189156,0.634340797154424,-0.31506851993474155,0.967596122401648
704,Milwaukee_b_sub28782,1.5037104455805128,-0.5905984283166862,-1.351800889516005,0.7994020622479482,1.2642703693115407
706,Milwaukee_b_sub36386,0.8295533113980255,-0.3559589458868591,-0.3033420379221356,0.7376635212942336,-0.39379512227660296
707,Milwaukee_b_sub39259,-0.7273234108843882,-0.02436906180923279,-0.13299052393192917,0.4659441403985064,-0.2587562789123179
708,Milwaukee_b_sub44912,-1.1679720488399044,0.32644544320577007,-1.4562138096265762,0.9299796523111289,-0.7062345214166699
709,Milwaukee_b_sub45019,-0.2923297777867527,2.655453339630822,0.47823497308098156,-0.02445111939726667,-0.44042883016552303
710,Milwaukee_b_sub45852,-0.20427904669810903,-2.3874480431943623,-0.39835214954526654,0.2621314049019796,0.46552159843696905
711,Milwaukee_b_sub46312,0.16350141159500486,-0.41349579566841743,0.47829942123015545,-0.0024086101690587317,-0.6289671197818886
712,Milwaukee_b_sub49975,1.0464482126547527,0.9098730780233412,2.119887857238408,1.4065365990957568,1.0770214520527166
713,Milwaukee_b_sub50771,-1.2838695361279275,-0.012076280695746379,-1.3442354140771033,-0.3502981572464271,-0.50481118587294
714,Milwaukee_b_sub51182,-0.999978418491546,-0.8395559022214358,1.5557109881503615,-2.037548692200109,-0.45590967791976866
715,Milwaukee_b_sub53971,-1.2997450156251458,-1.225999740397654,-0.23985824376412085,-0.03721488143261252,0.48401755499352506
717,Milwaukee_b_sub56084,-1.2193550050201123,-0.623032064035572,-0.1114206411181248,-0.48951685869860634,-0.9887962663648855
718,Milwaukee_b_sub56108,1.0730805945165347,1.6735915281179787,0.7927220101764354,0.15340509928769344,-1.0648111907846438
719,Milwaukee_b_sub56333,0.7412052089059962,0.6369780000969273,0.5198948773817799,-0.15499132687690903,0.25788192890226846
720,Milwaukee_b_sub56582,0.03827520159379544,-0.05582163300832996,0.735283801129151,-0.968825429746534,-0.9190026051508164
721,Milwaukee_b_sub58677,0.9906960960125915,1.0299355138400732,-0.7655769582426041,0.30340318081931683,0.16298340519683266
722,Milwaukee_b_sub58967,-0.04043063787416101,-0.7161561215173613,-0.5042371227635435,-1.152764210901784,-0.7472749914025343
725,Milwaukee_b_sub63196,-1.1679720488399044,0.8181274296692326,-0.14757718145299448,-1.123981362215282,-1.4059907749810854
726,Milwaukee_b_sub64463,-0.1630762107792627,-1.7527193387393214,0.462040427886517,0.12102485225440429,-0.6555340972878276
727,Milwaukee_b_sub67948,-0.12829905038164233,-0.7726619025034089,-1.0241101127058359,1.4011135928486007,1.5609106094531362
728,Milwaukee_b_sub73547,0.06905155051879162,0.736695977039069,-1.3358105547146737,1.0804996613350082,-0.7747612249744503
729,Milwaukee_b_sub75919,0.318488252054694,2.192224379761184,-1.1565877212436027,-0.672494395239858,0.5137157422029909
730,Milwaukee_b_sub76042,-1.0148431008684304,1.019897522575412,0.19256608457818133,-1.343278274430133,-0.9819283548361468
731,Milwaukee_b_sub76378,-0.8120754100376076,0.47263835591576087,1.5508626639525314,1.3650094077545074,-0.005694744583531324
732,Milwaukee_b_sub77073,0.5410887021832098,-0.5405648103490821,-0.43254793841524586,-0.7235580552944831,0.36481939228014326
735,Milwaukee_b_sub87910,-0.05429377288293601,-0.1670989842374506,-1.0315743167394182,-0.07935302819448675,0.30222101084976366
736,Milwaukee_b_sub91468,0.7030695101025088,-0.6610036526074854,0.8637454312260534,0.15769173439723655,0.36434048706399963
738,Milwaukee_b_sub98971,0.6945695923557516,-0.45079006160014085,-0.30573548187595523,-0.42716951206521664,0.26236097006792597
739,Milwaukee_b_sub99479,-0.5376367736609106,0.07109023352487473,0.41565761085832614,-0.5672195227694936,1.0169485409606727
741,Munchen_sub26223,0.24930103911760962,0.715077552526338,0.3189934643517797,0.48205391387196345,0.3972543737856759
742,Munchen_sub26670,-0.5867811059581921,-1.1612459472770826,0.10643116710508012,-1.0432546698990857,0.19171820668968317
743,Munchen_sub28697,0.19216397975016658,0.973133782380416,-0.4165752321672682,0.6037053071953762,0.5707368761507784
744,Munchen_sub28902,0.7814621313815999,-0.45087048217233305,0.3353325645382821,0.4584314942168763,0.9563840331448071
745,Munchen_sub31272,1.315703476973917,-0.18641281045857563,2.4408632947579743,-0.2935962534655083,0.8667328580889463
746,Munchen_sub36052,0.29410218284778605,0.407578297655411,1.0691142639751883,-0.10902038158913031,-0.08470152363947735
749,Munchen_sub66933,-0.4488069592638732,1.054158616263629,-0.27575881721421874,0.631744354579592,-0.43794190712675757
750,Munchen_sub70942,-0.34213693208598617,-1.1348846865754347,0.4686498149905506,-0.03731675396068215,-0.3698543729195453
751,Munchen_sub72095,0.26008929623995275,2.2116955008195927,0.30488271592092686,-1.8646650108776306,-0.24772532329457786
752,Munchen_sub74607,-0.5721903557365088,-2.1328938764917322,-1.9439719114785987,0.34031939594143623,0.22995573555223595
753,Munchen_sub81737,0.6022676628967907,0.1582271195542584,-0.04199347839271499,1.6862894232772188,-0.4957807444880507
754,Munchen_sub96752,-0.9471649853694566,-0.8328954421892591,-1.8441009190776851,-1.3094882706893045,-1.3636900249627628
756,NewYork_a_sub02503,0.29923424184212105,0.8470077970122537,0.5036343347422629,-0.699200419976238,-1.2132573127851387
759,NewYork_a_sub07578,-0.005103242151712408,-0.5478591861619975,-0.3657710376590527,-0.4694096351373522,0.4321732579440598
760,NewYork_a_sub09539,-0.2038486469675114,-0.21785481486942546,0.3910396208471401,-1.0599453218028867,-0.08563227726717856
761,NewYork_a_sub10011,0.3098586883441292,-0.4260341660122245,0.4837835812659765,-0.6921859438994985,-0.14850213331718676
762,NewYork_a_sub10582,0.6975237596397037,-1.2147536893835231,1.1832682882224248,1.1747425331244383,-0.06597090226959242
763,NewYork_a_sub13384,-0.8063383854528291,-0.5597538716433099,-0.3418113395682048,-0.021523198255189092,-0.7802552958201765
765,NewYork_a_sub16607,0.5823697383170368,-0.47997943172227664,-0.8997503253759693,-0.6468518112300771,0.8034741653027598
766,NewYork_a_sub17078,1.8845409548052527,1.059019912277251,0.7565020451408779,1.1839587477913651,1.1933873143362101
767,NewYork_a_sub18638,-1.9052181683242007,-0.10384221771387511,-1.4885540123538086,-0.772945656122587,-0.7208931443882276
768,NewYork_a_sub19579,-0.724397440319544,1.4987259900578072,0.6942397230688785,0.3697243150554108,-0.7620289632708738
769,NewYork_a_sub20732,0.7084805338771611,0.7878823113528584,0.752270929797727,1.4369911372436837,0.550259677776623
770,NewYork_a_sub21212,-0.5129379217899678,-0.9125334477611872,0.24440406607487133,0.009686742510348876,0.4441967631785047
771,NewYork_a_sub26267,-0.2933484019379367,-1.1268577173151426,-0.453792338718763,0.5153859091561133,-0.18203720155970549
773,NewYork_a_sub28795,0.3369516886846169,1.6101223292832991,-1.3447583122446707,-0.6238700695651662,-0.19107818477376626
774,NewYork_a_sub28808,0.4199371736707187,-0.8444221033899991,0.4017360076420951,-0.9307020840127431,0.2290045154672311
775,NewYork_a_sub29216,-1.6893980836019509,1.6757884236160836,-1.7092980359740104,-3.219861365266483,-1.1491301709318749
776,NewYork_a_sub29353,-0.1061962589030007,-0.8624402719979768,0.5887161558704062,-0.10201015801141915,-0.09255542663157297
777,NewYork_a_sub29935,-0.23714384475199363,-1.1042900523018233,-0.7021780855052957,-2.144151586894589,-0.03534638417336213
778,NewYork_a_sub30247,-0.903562077853087,0.33959149116158394,-0.563972058427628,-0.29300936530612537,0.1001024874733051
779,NewYork_a_sub30623,-1.0341003555292783,0.09692593335569823,-0.03435429143877605,0.05663589902207065,-0.6570982190039221
780,NewYork_a_sub30860,-0.4198577342530408,-0.1620265747153914,-0.9672863170496098,-0.7815398080266655,-0.7459771621425961
781,NewYork_a_sub31671,1.72364471846241,-1.5628271679994767,-0.4163145336506416,1.1617558588732932,0.8102229385913265
783,NewYork_a_sub33581,-1.2245368042418814,0.34906783313289186,2.160316461404407,-0.0936022722184523,0.1512239897032039
784,NewYork_a_sub35262,0.21666776877079913,0.2544417859025565,0.6002906265346938,-0.6385800102442152,-0.4819402952120305
785,NewYork_a_sub37864,1.4665991103076006,-0.09843187304148285,-0.16184348700471302,1.3046846510183172,0.8384434462047021
787,NewYork_a_sub41546,-0.4417125869959728,-0.48182753968992825,0.08799976568314101,-0.3672727382597652,0.14195903563379406
788,NewYork_a_sub44395,0.7354634477614513,0.8947781676858937,0.2654844882244267,0.2192135659705534,-1.6640604920676294
789,NewYork_a_sub44515,2.185577816475029,-0.3424747050449014,0.30936405368593484,-0.6607872968708092,0.8267566202713238
790,NewYork_a_sub44979,1.6634938780362611,-0.8176397457573794,-0.17917389190137628,0.16022386361278484,0.9775757836223626
791,NewYork_a_sub45217,-0.04325644737995763,-0.399540161680839,-0.42806037866413005,-0.27058045162429784,-1.2075540939458882
792,NewYork_a_sub46856,0.5504608290219863,-0.05383978859396604,-0.23218456968468823,0.13345683721858875,1.455722555272819
793,NewYork_a_sub47087,-0.5047746430280737,-0.667514967692094,0.21390445641535488,0.09752652355038538,0.14212233281913692
794,NewYork_a_sub47633,-0.4262865804103113,-2.514795595986216,-0.972209455423166,-1.2733750548793152,1.0462984814095817
795,NewYork_a_sub48830,0.16785003819390595,-0.42538230281538236,1.1048978025804739,0.6920807535065144,-0.07783877711811563
796,NewYork_a_sub50559,0.3702418249992629,1.0509843491908815,2.5978679459623804,0.47436585074550125,0.7599380711880417
797,NewYork_a_sub51309,-0.7409992512369743,1.2920074289394727,0.7095898273857557,1.1269938176226317,0.14131854084790718
799,NewYork_a_sub53710,-0.8047838960506036,-0.5375449241794705,-0.04655260962493813,-0.40689949450203977,-1.4315232715923745
800,NewYork_a_sub54541,0.13292105534006354,-0.36972237157387283,-0.19197641387039163,0.038354955302830895,-0.09629594121479321
803,NewYork_a_sub55656,-1.8779220351588635,-0.5550674280238252,-1.225739402805838,-0.536860543545366,-1.286961815781765
804,NewYork_a_sub58313,-0.25843638127557406,0.16116708323563222,-0.03066368074223368,0.5140373656719203,-0.04760979546911817
805,NewYork_a_sub58451,-0.2551426182688949,-0.4106152851624568,-0.21833106016447262,-0.7507789825024471,-0.7121575846757435
806,NewYork_a_sub59589,0.0008607297561764378,-0.028603352677654043,-2.137436727239994,0.08701801080299292,-1.6923096337160517
807,NewYork_a_sub61001,0.5348139457544758,0.7445393582271514,1.821577447911302,0.5977805985606466,0.5202162112921263
808,NewYork_a_sub61241,-0.26614462359191476,0.5513723621474598,0.26119148653682406,0.6589564935217295,1.3072165678231997
809,NewYork_a_sub63280,0.3512561056219616,1.4843344197163293,-1.4469229148673879,0.6557615202221241,0.7994010002279749
812,NewYork_a_sub66794,0.9941309426874234,0.5169483046847941,1.808079734412913,0.3815314049293308,0.3211504865416175
813,NewYork_a_sub66941,0.7800593985235892,-0.8558730749345196,1.0469992496868232,0.6686898292370298,-0.0005410480974709069
814,NewYork_a_sub70566,-0.9570391419818031,0.8654151240137948,-0.10108604717799667,2.4381750085738156,-1.2734284568653633
815,NewYork_a_sub70752,-0.18093604689559106,-1.2792198146856315,-0.6819238733263537,-0.7986842158872827,0.3832128449513377
816,NewYork_a_sub73490,1.2260608506400197,0.5375069225877424,1.1126358957756515,0.505744811777739,0.010674985730553789
817,NewYork_a_sub80566,0.020519942791036597,-0.5059962297701255,-0.08310307972450091,-0.06555855076715254,0.8470024704176452
818,NewYork_a_sub82228,-0.5590805606277707,-0.8641531165016307,1.1809330803148559,-0.8256682132146647,-0.9382710846559695
819,NewYork_a_sub82716,0.8284311441190512,1.4414652598669326,-0.5282921884982439,0.1476676805043799,0.036385057606074765
820,NewYork_a_sub82754,1.7683120718432546,-0.4109327715307641,-0.43632498169416106,-0.06806611512396338,2.270110601200792
821,NewYork_a_sub83782,0.04634306242209004,-1.5010787432797499,-1.0619038285127895,-1.0082919332538924,-0.2744063532902048
822,NewYork_a_sub83978,0.7683843952988622,-0.07831631006182029,-0.9953898877545709,0.6100858467431087,-0.09777299570615697
826,NewYork_a_sub88286,-1.2621830355550439,1.0759489973128722,-0.7828011720379409,1.3655813257160065,-0.10666259049872874
827,NewYork_a_sub91196,-1.772241756720534,-1.11422447735308,-0.3157344435502938,0.06617880540294258,1.1791044755434992
828,NewYork_a_sub91953,-0.7696410640533279,1.3268866416406082,0.7436842134832042,0.3688742665757232,-1.027031439212691
829,NewYork_a_sub93262,1.2692584272315002,0.7328035950411975,-0.11938138943145593,-0.2853125230192101,-0.14770658558785055
830,NewYork_a_sub93975,-0.599867637223512,2.8880852237638788,1.0730744785985966,1.9808262110278343,-0.6713807249503565
831,NewYork_a_sub94169,-1.1885405872017325,-0.11842380930334552,0.27162780320398816,0.8079586728136322,-0.3967285870182308
832,NewYork_a_sub94945,0.49247425752818824,0.06159842007718755,-0.953184359858052,0.8955788072488903,0.6689182065505604
834,NewYork_a_sub97008,0.5248335314248215,0.5195639341858207,0.7663943957393416,0.8233903679283822,1.1671584018811632
835,NewYork_a_sub98061,1.2545088053596618,0.209034187225872,-0.44476979870218974,-2.0961702588787627,0.4418738346857911
836,NewYork_a_sub98076,-1.3571421556711134,-0.43952509230867204,-1.141448709370447,-1.355430601215568,-1.4968358166414237
837,NewYork_a_sub98802,-0.6383411949788015,0.31112585951762334,0.7489876929160961,-0.002924008947433362,1.1392226735241318
838,NewYork_a_ADHD_sub03951,-0.24568001809060622,0.49590663992271317,0.7160480884900847,1.2614429693727938,0.6782916289878193
840,NewYork_a_ADHD_sub12486,-1.5142015643634459,-1.678593701746686,-1.2106376260450087,-1.6235768632733012,-2.513412193209375
841,NewYork_a_ADHD_sub14299,0.48803525566971945,1.2004677426953485,1.6851247931719524,1.2350314097083326,-0.22640253191951892
842,NewYork_a_ADHD_sub14465,0.18916698823649297,-0.1767224327553189,-2.1303873182572253,0.08621286204790658,0.7179199145465256
843,NewYork_a_ADHD_sub15758,-1.403108719925378,-0.2464973961465776,0.49981186556651613,-1.2417154796648915,-1.1163547857956089
845,NewYork_a_ADHD_sub20676,0.00660320546641149,0.004976407480654295,0.3551642708035702,-1.2717414581827091,-0.5821192655751969
846,NewYork_a_ADHD_sub20691,2.421271543516233,-1.3446140075867683,-2.919653896253709,-0.7785054507611469,1.4743705810188164
847,NewYork_a_ADHD_sub22349,-0.5503670952828842,0.9932471438256479,0.9339849096176261,1.9046474342940924,-0.6487951724058721
848,NewYork_a_ADHD_sub22608,-1.203148243953176,0.019554798457104852,-0.5345754114109219,-1.334857054221228,-0.19039535239761415
849,NewYork_a_ADHD_sub23844,1.3420098090647818,-0.07883627458854199,0.04118799843145061,0.8471022003216415,1.704629555636525
850,NewYork_a_ADHD_sub24528,-0.45943923949452886,-0.32442521245331624,0.7170961988130741,-0.2069620196432877,0.6885233152582642
853,NewYork_a_ADHD_sub53461,-0.25124880394594934,-0.0031291476323864116,-0.48884334800340123,-0.7909004483512198,-0.35548849529733545
855,NewYork_a_ADHD_sub56734,1.700353573720522,-0.5076829666594235,0.4059961630759454,2.6122646228358586,2.310898256359039
856,NewYork_a_ADHD_sub59796,2.0862377660837095,-0.19928028411777807,1.2690374327080793,0.0030821961118959306,0.9722412933232051
857,NewYork_a_ADHD_sub63915,0.1173146350228251,-0.09770146382345236,0.9862107160875507,0.8773987244439143,-0.23377619532958832
858,NewYork_a_ADHD_sub69779,-1.0752611751369883,-0.758118900090801,-0.8402670816441522,-1.4928743480112472,-0.5529637413702715
859,NewYork_a_ADHD_sub73035,-0.32388171717890235,2.4585947694579473,-0.2483622605116862,-0.2939816199801169,-0.2571498080995903
860,NewYork_a_ADHD_sub77203,-1.0641294940620352,-0.4001543735325181,0.5081107780515519,-0.12272776079267551,-0.5263989556529006
861,NewYork_a_ADHD_sub77903,-0.7311831892171103,0.050930609764159224,-0.4317591509807383,-1.5523151203757324,-0.4735362978300586
862,NewYork_a_ADHD_sub84371,0.41925839383816793,0.48277243685647425,1.2056318640070427,1.4069996563182305,-0.5980396453345161
863,Newark_sub13411,0.04823248935925938,-0.27163682110018106,0.16461767042627998,0.6406476609913858,0.03400888474058044
864,Newark_sub32580,2.40029943677959,0.6488220435888851,-0.9430217662518757,0.8426886461634355,-0.23221421849650134
865,Newark_sub36023,-0.6475654700582855,0.9330709000153562,0.49106713494042786,-0.26948120654328345,1.7898381933845404
866,Newark_sub41006,0.2108286141215206,1.3919007200805802,1.2222859659080618,-0.31000271104010185,-1.123383152830651
868,Newark_sub46570,-0.8758113037141556,1.1910275944427131,-1.0241547722074158,-0.9037753670229749,0.6775448502271203
871,Newark_sub54933,-2.3306487320049216,-1.1916808799188088,1.9306118846530447,-1.4408503082692283,0.4447427274725637
873,Newark_sub58526,-0.7837212385062113,-1.5859227784883512,-2.4563837675216345,-1.137871089951272,0.6383167066063967
874,Newark_sub59397,-0.12744846031475107,-0.3046244164387947,0.6848714429195908,-0.19142267564522306,0.21933371071381838
875,Newark_sub59799,0.0697104910813191,0.5439934010520482,-0.32935052207951937,0.16094264337578715,-0.932073577071152
876,Newark_sub62985,2.0548496093914177,-0.600652653792763,0.44486957369128066,-0.10075615098351218,1.2905279951870052
877,Newark_sub71042,0.13001479634770524,0.821658850114408,0.40984164303160175,1.264455850750151,-0.3084460774170029
878,Newark_sub71743,-0.36051612691713397,-0.690686641090175,-0.6169974088035449,0.11851529648614849,-0.8587463994236899
879,Newark_sub76647,1.0440212451383448,-0.626799032392844,0.2336129413520003,-0.7929913793847075,0.4084430479847518
880,Newark_sub78225,-0.45776629560456256,-0.2264566410768792,0.032563634310216374,0.0626216433305514,-1.2658798662036261
881,Newark_sub86204,0.2011662669323422,-0.1934529465854289,-0.8431072620826078,0.3739763256009413,-0.23935224552733095
882,Oulu_sub01077,0.08433792057930345,0.8427796851590983,-1.511604576607595,-0.09348090430509948,-0.8647093387095853
883,Oulu_sub01241,0.5371743961462652,1.0783128116265577,-0.35378095367086543,1.1369825803081008,-0.5228823754168254
884,Oulu_sub01261,-0.4056775908147376,1.0872953532530514,0.8201618098920559,-0.6926688864241737,0.11950039705859605
885,Oulu_sub01679,-0.4065178599130528,1.1359873511432796,-0.5016056767173144,-0.4622947188863314,1.3568369012446104
886,Oulu_sub02036,-0.9791836065037259,-0.6468276068009192,0.2715026211759501,-0.047243017626042993,-0.14654657846739108
887,Oulu_sub05081,-0.7053179851751358,-0.8664156749316306,-0.3406627336994943,-1.018400681335438,-1.8780558072935847
888,Oulu_sub06307,0.9550824252370443,-0.18527933622844855,0.07479162511897837,1.2623068886294257,0.5951628094716689
889,Oulu_sub07552,-0.03707259734424235,0.6169096154575047,-1.239581489646596,-0.37639453065345485,-0.9913485220357701
890,Oulu_sub07876,-2.2764495720431084,0.35261615169980337,1.491926115834149,-1.9018893589638952,-2.382823205098006
891,Oulu_sub07946,0.8807258696433776,-0.6403799679118435,1.0578133575768198,0.729057720646151,2.2199166971910125
892,Oulu_sub10958,3.6164624300015924,1.2692856168704436,0.2864274025412055,0.1861698876524446,2.8853335232962607
893,Oulu_sub12060,0.570740956952198,0.44282336545251005,0.13475292788883828,1.2321005990465308,1.5074331303261082
895,Oulu_sub12152,-0.74758272289472,1.5971335127144475,0.1428988970564309,-0.5523160280728606,-1.0586764688124086
896,Oulu_sub12379,0.33369367077658496,-0.885390245696637,-1.1028317963594891,-0.49439224287082817,-0.7877817886457981
897,Oulu_sub14473,-0.6402004403278316,-0.2775941056050059,-1.3277149423764698,-0.26748584152312843,0.7288075342875338
898,Oulu_sub14725,-0.2705949686308558,-0.6818086298625413,0.12246671547519747,0.6408606842793275,-0.0935179842210934
899,Oulu_sub15128,-1.1263548808289217,-0.7525563184578993,0.12952028294937448,-0.5632225621086654,-0.08152297309972843
900,Oulu_sub15422,0.48283401907822926,-2.3401004022389347,-0.7896674940705749,-0.7273560327421967,-1.3020467770400221
901,Oulu_sub16378,-0.32493534569889165,-0.6690771095129485,0.06798089792523372,0.7713643871928494,-0.354915073797908
904,Oulu_sub19971,0.30938112860472794,-0.6984087179135058,-1.2122315509891763,-0.5254442724017151,0.7644145534527231
905,Oulu_sub20495,1.640492812513923,-0.30510274568001816,-1.0618068883733598,0.741478532458503,0.555758651728006
907,Oulu_sub21499,-1.0278086908474355,-0.3953696901270512,-0.049859158048755216,0.2384356540581255,-0.07529822178090266
909,Oulu_sub22180,-0.34573650448340965,-0.4823700100141799,0.2368426670330703,0.8294697095985972,-0.22589445086240673
910,Oulu_sub23392,2.0538060294355014,-0.05364482900614959,-0.7062576858268755,0.13285875365310798,-0.44680751021759835
911,Oulu_sub24781,-0.650964287183648,-2.1942609401785744,0.6817517010372744,-1.5625820587333665,0.45397528503302015
912,Oulu_sub25331,-0.13432276603167276,0.10754614322068846,3.9090444626130267,-1.2147993279874256,-0.21270576681913306
913,Oulu_sub26554,-2.375833775833514,-0.798304315578785,0.7975164095102133,-0.3567178184813153,-1.6559507529269448
914,Oulu_sub27274,-0.8079609196369849,-0.9746335979031607,-0.40877000563695143,0.37985327845228667,-0.6464733660182005
915,Oulu_sub27392,0.15134960448765192,0.313870587671043,-2.3951163979226626,0.25085646587047944,-1.7598129405829055
917,Oulu_sub31444,-0.10868921830779789,0.8071577678005266,-1.1306542658380134,-0.7107109551334352,1.4535310996048445
918,Oulu_sub32052,-0.9062459799881496,-0.5501130234648156,-1.150694189009973,-0.6123899550881972,0.7389687117789725
919,Oulu_sub32596,-0.7590497214049841,-0.5790845933502822,-0.5631430386965112,-1.4000660107191394,1.3873719112531089
920,Oulu_sub33176,0.4005531617491907,0.062412670997172674,-0.09772155069924408,0.5986391966164234,1.2427963769191537
921,Oulu_sub35020,0.2728088020494967,-0.5863222272406022,0.16333107863766902,-0.8568246682044125,-1.289912355745746
922,Oulu_sub35232,-0.43361609983496224,-1.0000966386023455,-0.2589340073745484,-2.2364352418616296,-0.2694583329747198
923,Oulu_sub35967,2.2239938246385074,-0.07943538456244406,-1.2259065203178876,1.784826724696329,-0.065119885111403
924,Oulu_sub39346,0.5963745046760722,-0.7273802877989765,-0.002469296219370105,0.33884764301057047,-1.085963899435031
928,Oulu_sub41724,-1.2635349714710356,1.2262542955903084,0.4419672069637301,0.3202164252920379,0.6443533343797169
929,Oulu_sub41731,-0.0796195461449936,-0.5823512179101831,0.34671495248385753,0.19496281271488328,-0.879386818671283
930,Oulu_sub42178,-1.173683943878581,-1.2529056623738293,1.0988382655629538,-1.481846781953057,0.3776377600117834
932,Oulu_sub43803,-1.8544351246905892,-1.3367249679317872,-0.9250571950862477,-1.9352064131040139,-1.0575077103875115
933,Oulu_sub45566,2.808815842315105,-0.9401523711384048,-1.472528499055778,0.2953748016673271,-0.07830856915467777
935,Oulu_sub47094,-1.1279653623709676,-0.6245167882893754,0.8375930708184709,-0.5461015660293604,0.4996523344339858
936,Oulu_sub49227,-1.55191121113598,0.12344878540714543,-1.0552858546266477,-0.7273560327421967,0.20601335513390784
937,Oulu_sub50637,0.45868274038132495,0.46083407467134013,0.35453467447866205,-0.03133628387009064,0.7790762053600018
939,Oulu_sub57150,0.3154592641476914,-1.704240384608983,-0.801982471127852,-0.3391320952163885,-0.30431079684461904
940,Oulu_sub58867,-0.36849855498765405,1.0464840107525761,0.4703170367723327,1.230199510960615,-0.42234503327189576
941,Oulu_sub62124,-0.21510683579854098,0.7393982233044738,2.1759404106180567,1.5988775813513547,-0.33019264361946776
942,Oulu_sub63516,-0.22417379362412157,-0.41144598223437134,-0.17340641282825459,1.2641981230310217,1.2499643662148756
943,Oulu_sub65041,2.0479277862719707,0.6550010068446309,-0.33385200650574975,1.6538179973699891,0.5499210055064523
944,Oulu_sub65461,-0.19510412146131711,-1.8976695512811812,1.1056757502273107,-1.4073219110789232,0.2554977199777993
945,Oulu_sub66467,0.01188408448858972,0.6072465586916456,-0.45594186157704775,-0.982148976525744,-0.829521268958859
946,Oulu_sub68752,0.7652412943270541,0.41703280989621727,-0.1250714893566653,-0.30186965977932195,-0.23306244015812838
947,Oulu_sub69925,2.157134333665903,1.43575975436984,0.8800387563035802,0.23222524815194603,0.270765224982047
948,Oulu_sub72000,1.317139549942478,-1.1883389078283755,2.946994337979824,-1.0060855776715887,1.2789125041322384
949,Oulu_sub72795,-1.6666297849462677,0.6645384002648143,0.01399831479138687,-0.7895006531772122,-0.5078017740950864
950,Oulu_sub73221,-0.3956825943791426,0.2429465598912319,0.04586562725221903,0.2756980894951867,0.17916019495655938
951,Oulu_sub73709,-0.40783886546507314,0.35255642100548273,0.16210286654626027,1.2755734403897767,0.845841246808708
952,Oulu_sub73853,-0.08342255872984596,-0.05796413273252739,-1.117085633786476,-1.664704733859536,1.052607716231096
954,Oulu_sub74941,-1.2560580470988953,1.3456747389679884,0.463506309578588,2.1561543554422578,-0.07046433576464624
955,Oulu_sub75293,-0.2826706079793104,-0.43354398304549535,1.0759685225995625,0.31770865801727816,0.6504583476513797
956,Oulu_sub75361,1.5384855138355498,1.593769712267498,0.7428165321953702,-0.04619752317243798,-0.8162379776933227
958,Oulu_sub76935,-1.0266208994783048,1.186530734598085,-0.43550967999581225,0.16752650152194104,1.6939660188788517
960,Oulu_sub78282,0.3276155352336213,0.12044142099883356,0.23731519785417088,-1.1340640512071178,-0.7165334319593086
961,Oulu_sub78327,0.608530775761999,0.08502221222429017,0.17530530505387162,0.6493679383194504,0.3949840859770017
962,Oulu_sub78648,1.1107672651977445,-0.5513217931212365,-0.9803678554954478,0.2731723562614565,0.8745866803976888
963,Oulu_sub79784,1.3945447898863728,1.8485697927768785,0.08891631392258749,-0.05619413204409193,0.009965537951294366
964,Oulu_sub84631,0.6713049005484202,1.0114835766332089,1.9613630577864696,0.1374892587557473,0.7761300253325419
965,Oulu_sub85532,-0.48077649198064426,0.1655748932223496,-1.3353062749475675,1.145154916360049,0.41326193835502417
966,Oulu_sub86362,-0.9548710643318629,1.9709137821629377,-0.4942956612318574,0.108017130028395,-3.0779075392829505
967,Oulu_sub86410,-1.2101527571363695,-1.072371773479771,0.6749142163729168,1.6668290124789595,0.8000387317959683
969,Oulu_sub89213,0.5963745046760722,2.090237906726169,0.3667548756558226,1.0219922926901028,1.9573587647450241
971,Oulu_sub91105,-0.23633006471005197,0.42029943445611556,0.41461726830631246,-1.1454393685658626,0.03365313420980503
972,Oulu_sub91222,-1.4107312300541992,-0.7757803845823906,0.8458513329817964,-0.41365696609051633,-0.3348458068531139
973,Oulu_sub91232,0.4127094328351204,1.6227412821529734,-0.049859158048755216,-0.6869148259623324,-0.7623359469720469
974,Oulu_sub94314,-0.006229374534086595,1.0273867302281892,1.1241468473718947,2.796243945922858,-1.3372348467907498
975,Oulu_sub95854,-0.4771793091237248,-0.4176408294505215,-0.31972731770214,1.882718025528207,0.6182164579281152
978,Oulu_sub98146,0.4309438394640159,0.3847946154508484,-0.4737832072387887,-1.1775368925503584,0.7949495634612208
979,Oulu_sub98207,-0.19210331286591803,-0.21710813710242888,-0.9468174539428369,-0.7263209652908892,-1.0385690003834245
981,Oulu_sub98661,-0.827372850228837,-0.1884734631578613,-0.5989671326457022,0.7019702372630251,-1.2568049730748043
982,Oulu_sub98739,1.1190941613710097,-0.9723905655837697,0.5103420536072879,0.7673656505368205,0.06927731255305015
983,Oulu_sub99718,1.208945188963453,-0.5952464956883293,-1.19171909699611,0.3564333662754964,-0.9404568386882742
984,Oxford_sub02248,-0.16712047556730436,-0.12659790029480972,0.08290134913388895,-0.03748637704370636,0.04097359048317906
985,Oxford_sub07210,1.681287366166619,-1.209691286724901,0.6770798800592753,-1.2874791735519033,0.15666196261409876
987,Oxford_sub16112,1.52631595302644,-0.05254094309408398,-1.5375613711010154,-0.6499154879952653,1.3784638380816583
990,Oxford_sub24528,-1.410862600655343,-0.12482994606580057,-1.0851033562665042,-0.48495683909218695,-1.3238690331122764
991,Oxford_sub40095,0.6343223753443763,0.698334888469183,0.14773097871405688,-0.5051497178458538,0.7616962375793138
992,Oxford_sub40451,0.6797364096080252,1.8861349275698633,2.7001798844129676,0.038269809044556125,-0.1251908980791096
993,Oxford_sub47141,-3.193717113196945,0.10539768811533226,0.2876442627687696,-0.19368287304360562,-0.6811869250151845
994,Oxford_sub48778,1.100988556290785,1.288517298689045,-1.814850777079106,0.33641707229768036,-0.3783542879787428
995,Oxford_sub56945,0.18802205015411091,-0.7692509109920976,-0.5648918180671902,0.4860088457512229,0.07244948491236668
996,Oxford_sub57368,-0.8558930585636891,0.005145577545333625,-0.6525998863908367,-0.21237238104276282,-0.8690291273457433
997,Oxford_sub66945,-0.047616323662275716,-0.8583660985302274,-0.029691990779878354,0.8127940907667603,0.12015716137400727
998,Oxford_sub68195,-3.28809034052347,-1.554747531740466,-0.6612691894254367,-1.148851778983241,-0.6233719819345575
999,Oxford_sub71633,1.1545553046608559,-0.26878635299579534,2.8171942108995798,0.7625694715701116,0.2694876444402884
1001,Oxford_sub76621,-0.6972454587898953,1.3751777905082372,0.21551122266392167,1.3425443814877975,-0.9005038591507111
1002,Oxford_sub79611,0.9860086799015485,-0.19501117005367868,0.5697349237879346,1.4326086489268115,0.22961851648796205
1003,Oxford_sub80089,-1.385107522376868,-0.9287165911599637,1.2278000616064682,0.0862661744855385,-0.06900478591057524
1004,Oxford_sub82071,1.1068599929695881,0.28140571883393867,-0.31420867421993537,-0.3781515076761193,0.55049312742773
1005,Oxford_sub85152,0.7525260285667043,-0.22692258019991807,-1.0376338850193978,-0.9422269684631182,0.9697244106528644
1007,PaloAlto_sub15213,0.5568684112315916,1.099153180118774,1.378493594228388,0.3731766025527013,-0.37378660145213644
1008,PaloAlto_sub20732,0.5606872480530993,-0.5202115610497617,0.6762620627972363,-0.3300348729316312,0.30978072724894584
1010,PaloAlto_sub38088,1.5127101794101794,0.8313793275990753,-0.24065827335922393,1.6089339788716348,2.1912975409627697
1011,PaloAlto_sub46856,-0.0860795685131607,1.646689961261861,0.5256480865774108,0.9979594783933029,-0.21546161059605054
1012,PaloAlto_sub54541,-0.5933641043025234,-0.32814430524195043,-1.9280748177741447,-0.956317276387624,0.5246017711342644
1013,PaloAlto_sub58313,-0.6265620649288086,-0.11148790202494056,1.9197790568265085,1.4224328131286381,-1.1388096005754966
1014,PaloAlto_sub61001,-0.02336528270765093,0.286692469637198,-0.49251676080624995,-0.5018987442240291,0.5258351056030376
1015,PaloAlto_sub61241,-1.5254893134299619,-0.6236812441828444,-0.4309259687951028,-0.5239737872832719,0.22767866535093864
1016,PaloAlto_sub66941,-0.7678201324534902,-0.26167442323181256,1.6563235984488043,1.652921378232537,0.9963052758474453
1017,PaloAlto_sub70752,-0.25371820745874296,0.5369268801342711,0.8110340166442853,-0.9248809111952931,-1.0529333534885659
1018,PaloAlto_sub84978,-0.7042316944582501,0.15842625768393745,-0.14174091796059698,0.4691672365660706,-0.5568982464069143
1019,PaloAlto_sub88286,0.2754766161670654,-0.8157045041540102,-0.026553151852852737,-2.9836264991397328,-0.2113882464620966
1020,PaloAlto_sub91196,1.5186383640578676,-1.1772278092465418,-2.206972090892435,-1.2399045106352151,0.8016142703327374
1021,PaloAlto_sub96705,1.3394415333278114,-0.012515628215827614,-1.0777790293712135,0.3164504024785697,-0.9254466169356588
1023,Pittsburgh_sub94205,0.32503177251631,-0.44067689261922155,0.6628397911733774,0.22310755982349315,-1.652952239457378
1025,Pittsburgh_sub97823,-1.3578248416784477,-0.9616077268730282,-0.6199388680707715,-0.357018527792076,-0.3521662028489883
1026,Queensland_sub02459,2.490678989954946,0.02106089029012319,-0.9437564525225236,-0.7817781355831256,3.291743382276408
1027,Queensland_sub04117,0.5170313355658585,-0.44755788405926905,0.45237742553410026,1.4022003749854977,1.4414180246496486
1029,Queensland_sub16849,-0.3287586785593061,1.3676311967836974,0.28064657675828164,0.6488462801420501,-1.1901570935792176
1030,Queensland_sub36229,0.009494219270597865,-1.4353621569691295,-0.5946548898592098,-0.07540996400779423,1.2265390739738962
1032,Queensland_sub42533,1.614338759233578,0.4485334924531265,1.144962183950836,0.8127006237070179,3.005172491312763
1033,Queensland_sub47468,-1.1860685719078465,0.14564809324665579,-0.439048121563077,-0.1475006954683305,-0.5773866346981802
1034,Queensland_sub49845,2.190353633178116,-0.3404815108383773,-0.2698607526230392,-1.1378484756417089,0.21345521584483473
1035,Queensland_sub56353,-1.4223622080896294,-0.3060861461526753,-1.637366276207863,-0.6297831046253399,-1.520117369301712
1037,Queensland_sub68733,0.7725362044988584,-0.17091882337382946,0.3873650772104613,1.241237495772911,-0.1307966753726291
1038,Queensland_sub70014,-1.012533430558349,0.29340108651962327,-0.0635620117523537,0.15459653107345284,-1.310530910943162
1039,Queensland_sub72118,-0.17153113170376166,0.18160024840089226,1.4327604914666836,1.5300992862777876,-1.9760881548507365
1040,Queensland_sub80254,-1.06827319592658,0.5025934446829737,-0.6560241255292236,-0.3027599764372732,-1.6908510190008574
1041,Queensland_sub86245,0.6246673545574174,0.7906650579933322,0.16421578361231096,-1.257597649768097,-0.10803073178535591
1042,Queensland_sub86850,-0.8141612917146431,0.19825071185707874,1.239956894025383,2.253747995047736,1.1809831952301715
1043,Queensland_sub88169,-1.1743762551209507,-0.35453607565093936,-1.312854674307494,-1.7122759348337098,0.028404716793589798
1045,SaintLouis_sub02115,0.01400524066677216,0.0673891534904909,0.13875817190219253,0.24221243874926102,1.2546287630847401
1046,SaintLouis_sub02142,1.4077687291200058,-0.6322447427115824,-0.22916898468838987,-0.49444409689273616,-0.4942912765930774
1048,SaintLouis_sub12941,-0.2734282332411167,-1.1021356851662434,-0.17577522007016527,-0.4568150257777964,-1.692961093102523
1049,SaintLouis_sub16236,-0.10297484606340732,1.1650157678323152,0.43176792779463113,-0.6683218893684539,0.08947942035874075
1050,SaintLouis_sub26219,0.05231451642571016,-0.4696859110228064,-0.33420761580019687,-0.13912087194291203,-0.3883545163961225
1051,SaintLouis_sub26678,-0.30217109796839337,-0.8925055932865222,-0.30917078262124015,0.7858545418949218,0.6329100819202207
1052,SaintLouis_sub28304,-0.08357273041384958,-1.4788908459594594,1.126165726866952,0.3507227410233957,-0.31332406073220415
1053,SaintLouis_sub35127,1.4968436374055798,1.1531762292982877,0.19420406831447162,0.75953426072289,-0.13528990203686772
1054,SaintLouis_sub35575,-1.2631816658467807,1.680008679895367,0.7278689793496257,-0.029604735580987945,-0.07399047750968417
1056,SaintLouis_sub46405,-1.3929855130055648,0.3540633600445711,-1.28713833123963,-0.7934646079996814,-0.7465810207633506
1059,SaintLouis_sub53324,-0.3562605911124771,2.134228884709924,1.2863976997428719,0.09073566049054117,-0.28944596923799504
1060,SaintLouis_sub58674,0.00023218997420209524,0.7288341312770452,0.7703778910705226,-0.9899533820884033,-0.2199943034013127
1061,SaintLouis_sub61357,-1.9734102884466282,-0.5876844214880088,-1.332506790075153,-0.2893668494572013,1.1394405332620137
1063,SaintLouis_sub73125,0.38044988349120795,-1.0964767331468221,-0.6793503730954223,1.4861609302729042,0.05766423554992906
1064,SaintLouis_sub73471,-0.5323114737077883,-0.5855773200770537,-0.14439431349884763,-0.13625647633893942,-0.7408877859804277
1065,SaintLouis_sub74078,-0.1423597483539483,-0.676893132442446,-0.09367140147287915,0.07252284506104172,-1.010631472959102
1066,SaintLouis_sub80832,0.18219078565237867,0.3463467600492003,-0.25103705378433977,-0.4383497512136494,-0.3659105720361832
1067,SaintLouis_sub82830,0.9193732038994091,1.0381722620486205,0.351271593043524,-0.2167103244808095,0.027082555466580695
1068,SaintLouis_sub88150,0.7439128637402483,1.1503209612926388,0.22790188803314534,0.38027742113013685,0.9127858814609319
1069,SaintLouis_sub88823,0.5742940740341653,0.36102189825566666,0.27121669987136665,1.5263075528715593,1.4510526013352367
1070,SaintLouis_sub95001,0.4261181047494474,-0.09569298979654514,-1.7500799488766874,0.019824933834712177,0.040755047082613446
1072,SaintLouis_sub95786,-0.9461157022882248,-0.30794058138769265,1.431722265557166,-0.8188864460173984,1.1727996834778327
1073,SaintLouis_sub95967,1.1024467218201022,0.14103757286848567,0.3802294246897854,0.0846007378735258,0.5155346196521271
1074,SaintLouis_sub97935,0.019407897207635437,-0.10936842687205531,0.10727583736739857,1.292127824937844,-0.6014606246209118
1075,SaintLouis_sub99965,0.15470431603400656,-1.392043170784816,-0.11488687913745889,-0.5950115211974883,0.3056014429093569
1076,0,-0.7282140045011171,-0.9720514117793835,-0.4339315269120885,-0.21898089247984928,-0.4284867693626313
1077,1,0.9460805432602034,-0.33364661136725626,-0.17096416326036976,0.3940898091021069,0.8606168373773676
1078,2,-0.1587762588557258,0.5823183898361672,0.18411966921146192,1.0889645882417125,-0.11365585351210186
1080,4,-0.9601193202495039,-1.054777066711173,-0.17917776400958,-0.7890524087114597,-0.7634887560556514
1082,6,1.350280762760065,0.19819447798247283,1.4756697407036936,0.3756897856318649,1.051571762295889
1084,8,1.1624949286824455,1.1206591719654495,-1.4078162643414334,-0.13570794619510482,0.6676859826009385
1085,9,0.04722644206403525,1.4323274438754685,0.948945988132503,0.641177070947642,0.7165856933918063
1087,11,0.339780214010413,1.988154273320823,0.9619199626669095,1.007423924776791,-0.8726663272677365
1088,12,0.7197902563435703,0.5156600415684471,-0.045190749729293676,-0.2693169509829364,2.146168314578888
1089,13,-1.0592580958971252,-0.405086103910926,-1.579173270985292,-0.8152824271949829,-0.4893542656637059
1090,14,0.8987145752924347,-0.7610503722396544,2.1470599468895633,0.9167038336616361,-0.9654016314048055
1091,15,-0.23507439743339897,0.18214493709640397,0.6816775554810183,-0.2712833018541647,0.198682632198889
1092,16,-1.0440184051607264,-0.6810608295922924,-0.15446333752883812,-0.7604004881953667,-1.690403152752565
1093,17,-0.8710570816203185,-0.8090913783436843,-0.9537368193947846,-0.8504403838378481,-0.4995089359159215
1094,18,-0.3221537705172226,0.6122369487682827,-0.3889287454519758,0.3030138490038799,0.46852960575914326
1095,19,-0.6520299736246762,-0.23390955191000834,-0.4823163081303763,-1.3774201044574754,-0.04829958661471369
1098,22,-0.7784701370215865,-0.7183323632415234,-1.6629096363018074,-2.56029322964753,-0.6311790533258291
1099,23,0.23769294011005918,-1.1031416754109122,0.4174418642390902,0.5865242980124751,0.5785010987273268
1100,24,-0.17464250609863935,-1.5387783430823874,-0.8052517112214047,-0.6967309275889318,0.7948427011100173
1101,25,-0.33257132133040146,0.7893251729270334,0.2885584759075178,0.9569561242873122,1.261775480367314
1102,26,0.32300914695947003,0.44357208933347525,-0.160478911116892,0.8189240752974274,-0.4312048882735052
1103,27,0.05639486119112815,-1.596010639489036,-0.502746192296435,0.007742675659836261,0.8319237423294165
1105,29,-1.6362435544816065,-0.2311203724290023,-0.8482207219977232,-0.045849118574730285,-0.0740546988343523
1106,30,0.13808198699571653,-0.4551119372601573,0.5439007815012896,0.518356250722959,0.18040727603498055
1107,31,1.0757692254077569,-0.2563875948323947,0.48293957579647423,-0.03322810586577094,-0.6188239739433596
1108,32,-0.7839182862859939,0.8094950271050535,0.5620263355252121,1.6054845031141178,1.2849986609270398
1109,33,0.1732763514242921,0.4445707250747237,0.1610769891579589,0.08529980882859282,-1.2029782441289367
1110,34,-0.3541344224054504,-0.28014953125055136,-0.24253108583545246,-1.0183973211502897,0.8419350304535004
1111,35,-0.03400643936494663,-1.1974981291839222,-0.5543825588734153,-2.108159688266867,-1.4664932484101756
1113,37,1.2501390815363982,0.8095996907449322,0.4102694775404994,0.8578857419409892,1.180848465593525
1115,39,0.22229085522443784,-0.9053479094381343,0.23367727870009472,-1.9175282466251402,-0.3343670593066718
1116,40,0.6062077380399916,-1.2579221209267621,-0.7503909696239862,-0.564453107982156,-1.3566806495112005
1117,41,1.247109369489807,-1.207678043462089,-1.9351637315165304,-1.1947684398464546,-0.5164633851489949
1118,42,0.5557884600381288,1.51419813285764,0.8222365499310781,0.014079768528240595,-0.6061589651046365
1119,43,-2.275246996146912,0.9678363720308992,0.022270503171452818,-0.8426917126585419,-0.033585227920431726
1121,45,0.760810238601279,0.8562244980398533,0.8332984174180248,0.2928999435347089,0.4329497874505773
1122,46,-0.8461642534462812,-0.10152559959786725,-0.06970430759265245,-0.9685352158026581,-2.301022681049496
1125,49,0.3289361022576499,0.5807045378532517,-0.16656784838500407,0.5902252644538394,0.5571470213198816
1126,50,0.35465424036949383,0.6874428496074518,1.3085782866312345,-0.14487499737204676,0.17591644260614206
1127,51,0.10793491113785529,0.08568001965969732,-0.5207909571293045,0.8350478090474186,0.3165829215223622
1128,52,0.6473008099432278,0.7734427990797913,0.46354452063564183,1.2781412526079958,0.46307523155559815
1129,53,-0.10696091876154205,0.3409892751691844,1.033326238065697,0.8920558761387568,0.903668171924446
1130,54,-0.2783461737933155,0.5530192746608531,-0.366480605222307,1.031997011061212,-0.6326525928406314
1131,55,-0.5061026803903876,0.18581019456072642,1.6251542681692956,2.5936494671033192,0.05801916738531963
1132,56,0.5879568239562973,0.9191719668315003,-0.21624853393372553,0.3944114805127651,-0.298123634059818
1133,57,0.4473395912065735,1.050128122171474,1.0044833069603938,1.076376615114405,0.7320076249495299
