observations,centile,subject_ids,lh_G_and_S_frontomargin,lh_G_and_S_occipital_inf,lh_G_and_S_paracentral,lh_G_and_S_subcentral,lh_G_and_S_transv_frontopol
0,0.05,AnnArbor_a_sub04111,2.0186096661734827,2.005192736295895,1.9585711343514491,2.323413537850649,2.2560619217312654
0,0.25,AnnArbor_a_sub04111,2.174289467038208,2.158374218019406,2.100758350920941,2.480053793217249,2.4371033631872914
0,0.5,AnnArbor_a_sub04111,2.282500863310429,2.26484905886759,2.199591193406492,2.5889327913371485,2.562943369753812
0,0.75,AnnArbor_a_sub04111,2.3907122595826493,2.3713238997157733,2.2984240358920425,2.697811789457049,2.688783376320333
0,0.95,AnnArbor_a_sub04111,2.5463920604473764,2.5245053814392833,2.4406112524615358,2.854452044823649,2.8698248177763594
1,0.05,AnnArbor_a_sub04619,2.0870998559617906,2.023358377967908,2.000290829389962,2.3920523657978885,2.3311983466547432
1,0.25,AnnArbor_a_sub04619,2.2544677355095377,2.1826035491032236,2.1457810970516125,2.554163436707767,2.5348180591431415
1,0.5,AnnArbor_a_sub04619,2.370803392649281,2.2932931968445796,2.2469098556974836,2.6668451413149405,2.676351985025173
1,0.75,AnnArbor_a_sub04619,2.487139049789024,2.4039828445859364,2.3480386143433543,2.7795268459221134,2.8178859109072043
1,0.95,AnnArbor_a_sub04619,2.6545069293367702,2.5632280157212515,2.4935288820050046,2.9416379168319904,3.0215056233956026
2,0.05,AnnArbor_a_sub13636,2.00897648906934,2.0001394405218473,1.9366180973822855,2.294798225434556,2.240143658326769
2,0.25,AnnArbor_a_sub13636,2.1610446574234285,2.152752420584785,2.0813183510542643,2.450972964308026,2.4144700720128784
2,0.5,AnnArbor_a_sub13636,2.2667456458288133,2.258832101893118,2.181897979264316,2.5595283867975,2.5356425332269956
2,0.75,AnnArbor_a_sub13636,2.372446634234198,2.364911783201452,2.282477607474369,2.668083809286974,2.656814994441112
2,0.95,AnnArbor_a_sub13636,2.5245148025882873,2.5175247632643893,2.427177861146347,2.8242585481604445,2.8311414081272206
3,0.05,AnnArbor_a_sub13959,2.007689786664702,1.9974852518279174,1.9233702184280523,2.2800323091606995,2.232926812446363
3,0.25,AnnArbor_a_sub13959,2.1578512780529233,2.149580438954484,2.0705677330983043,2.4362601910366855,2.4051788060599746
3,0.5,AnnArbor_a_sub13959,2.262226955303163,2.255300207825151,2.172883181228335,2.5448525526696613,2.5249093596454006
3,0.75,AnnArbor_a_sub13959,2.3666026325534024,2.361019976695818,2.2751986293583655,2.653444914302636,2.6446399132308263
3,0.95,AnnArbor_a_sub13959,2.516764123941623,2.513115163822385,2.422396144028617,2.8096727961786225,2.81689190684444
4,0.05,AnnArbor_a_sub16960,2.1903219599900763,2.049763060551248,2.0234642428617278,2.4258042048529895,2.4757284039655505
4,0.25,AnnArbor_a_sub16960,2.375718354458209,2.2366378728939784,2.1756264315769367,2.597709791817385,2.6790054997727735
4,0.5,AnnArbor_a_sub16960,2.504585443173618,2.3665325943632536,2.281392772548924,2.7171995617752525,2.82030127639427
4,0.75,AnnArbor_a_sub16960,2.633452531889026,2.496427315832529,2.387159113520911,2.83668933173312,2.961597053015766
4,0.95,AnnArbor_a_sub16960,2.818848926357157,2.6833021281752583,2.5393213022361194,3.0085949186975167,3.1648741488229906
5,0.05,AnnArbor_a_sub18698,2.008963800666153,2.0001265773486496,1.9365567911217214,2.294726018523693,2.2401066146801365
5,0.25,AnnArbor_a_sub18698,2.161022682110947,2.152737308142835,2.0812671554278324,2.4509005488188658,2.414420419839883
5,0.5,AnnArbor_a_sub18698,2.266717215283113,2.2588154260080553,2.181853811433595,2.5594558263277536,2.5355841169996083
5,0.75,AnnArbor_a_sub18698,2.372411748455279,2.364893543873276,2.282440467439357,2.668011103836642,2.656747814159333
5,0.95,AnnArbor_a_sub18698,2.5244706299000725,2.517504274667461,2.4271508317454673,2.824185634131815,2.831061619319081
6,0.05,AnnArbor_a_sub20317,2.132513917233239,2.0353311496730164,2.012654997998516,2.411663223119673,2.390752070570867
6,0.25,AnnArbor_a_sub20317,2.3074025531754403,2.204548735192012,2.161175355943387,2.5778938462500482,2.5972538451490714
6,0.5,AnnArbor_a_sub20317,2.428965809181232,2.322170103546249,2.264410298555045,2.693439008385561,2.740791062152679
6,0.75,AnnArbor_a_sub20317,2.550529065187023,2.439791471900486,2.3676452411667026,2.8089841705210743,2.8843282791562865
6,0.95,AnnArbor_a_sub20317,2.7254177011292247,2.6090090574194806,2.516165599111573,2.9752147936514497,3.090830053734491
7,0.05,AnnArbor_a_sub28433,2.0471854658058737,2.013089468990151,1.9831612757200918,2.3627969381663974,2.2858542459676827
7,0.25,AnnArbor_a_sub28433,2.208189418805895,2.16715252122672,2.1259742951225036,2.521528260242017,2.480265261794232
7,0.5,AnnArbor_a_sub28433,2.320101577369214,2.274240132489565,2.225242126591628,2.6318607368930076,2.6153983192393104
7,0.75,AnnArbor_a_sub28433,2.432013735932533,2.381327743752411,2.3245099580607516,2.742193213543999,2.750531376684389
7,0.95,AnnArbor_a_sub28433,2.5930176889325542,2.5353907959889788,2.467322977463162,2.9009245356196187,2.944942392510937
8,0.05,AnnArbor_a_sub30421,2.099881483051775,2.026724138994223,2.0042724981289215,2.398617931814927,2.347192397256894
8,0.25,AnnArbor_a_sub30421,2.269316322846413,2.188395549084878,2.1506345824379007,2.561862321646235,2.552265695143302
8,0.5,AnnArbor_a_sub30421,2.387088702368334,2.3007716500692936,2.2523693316886977,2.6753317843455213,2.694809992985252
8,0.75,AnnArbor_a_sub30421,2.504861081890254,2.41314775105371,2.3541040809394955,2.788801247044807,2.8373542908272023
8,0.95,AnnArbor_a_sub30421,2.6742959216848927,2.5748191611443634,2.5004661652484748,2.9520456368761145,3.0424275887136107
9,0.05,AnnArbor_a_sub34781,2.065022821806312,2.0176275674809947,1.991985358106114,2.3779470911946032,2.3052105959819422
9,0.25,AnnArbor_a_sub34781,2.228875945830515,2.1735021808713575,2.1359582324549193,2.5381529285128885,2.5047658083225532
9,0.5,AnnArbor_a_sub34781,2.342768533280772,2.281848989286279,2.2360322669287074,2.6495103252392322,2.6434745427944097
9,0.75,AnnArbor_a_sub34781,2.4566611207310283,2.3901957977012,2.3361063014024954,2.760867721965577,2.7821832772662662
9,0.95,AnnArbor_a_sub34781,2.6205142447552334,2.546070411091563,2.480079175751301,2.921073559283861,2.9817384896068773
10,0.05,AnnArbor_a_sub38614,2.155718355482632,2.041320110207966,2.0174963191657165,2.418484512323679,2.4237874412683453
10,0.25,AnnArbor_a_sub38614,2.3346785834673676,2.2169846143295024,2.167496545173431,2.586926805698182,2.6297311901749705
10,0.5,AnnArbor_a_sub38614,2.4590719603849687,2.339087168166756,2.2717601285495914,2.7040092766167305,2.772880529388769
10,0.75,AnnArbor_a_sub38614,2.583465337302569,2.461189722004011,2.3760237119257512,2.821091747535279,2.9160298686025685
10,0.95,AnnArbor_a_sub38614,2.7624255652873044,2.636854226125544,2.5260239379334664,2.98953404090978,3.1219736175091946
11,0.05,AnnArbor_a_sub45660,2.1169446788224606,2.0312349287138716,2.008925824124244,2.406018500597167,2.3695121932501606
11,0.25,AnnArbor_a_sub45660,2.289195672045994,2.196621757918123,2.1564290777660764,2.5708074499068374,2.5756981338488525
11,0.5,AnnArbor_a_sub45660,2.4089255302707704,2.311580407748218,2.2589570418476037,2.6853505196948446,2.7190158179668624
11,0.75,AnnArbor_a_sub45660,2.5286553884955474,2.4265390575783132,2.361485005929132,2.7998935894828527,2.8623335020848724
11,0.95,AnnArbor_a_sub45660,2.7009063817190793,2.591925886782564,2.5089882595709647,2.9646825387925237,3.0685194426835647
12,0.05,AnnArbor_a_sub46727,2.190438688175094,2.039083184144422,2.0253414423214484,2.4032345540812194,2.493361236138805
12,0.25,AnnArbor_a_sub46727,2.374520952642914,2.2235834953506317,2.1770765904617786,2.5744358475665026,2.6973171837895724
12,0.5,AnnArbor_a_sub46727,2.502474603382252,2.3518277259919014,2.28254610001045,2.6934360705161073,2.8390848232053667
12,0.75,AnnArbor_a_sub46727,2.6304282541215893,2.4800719566331706,2.3880156095591207,2.812436293465712,2.980852462621162
12,0.95,AnnArbor_a_sub46727,2.81451051858941,2.6645722678393793,2.5397507576994527,2.9836375869509935,3.1848084102719283
13,0.05,AnnArbor_a_sub47191,2.011594518384626,2.002079946314672,1.945543808096211,2.305736802347571,2.2459462485995036
13,0.25,AnnArbor_a_sub47191,2.165060756356864,2.15499011825586,2.088938844462359,2.46199848105631,2.4224428904770465
13,0.5,AnnArbor_a_sub47191,2.2717335282860276,2.261276374520788,2.1886112298167664,2.5706143345131527,2.545123854538159
13,0.75,AnnArbor_a_sub47191,2.378406300215191,2.3675626307857156,2.2882836151711743,2.6792301879699956,2.6678048185992727
13,0.95,AnnArbor_a_sub47191,2.531872538187428,2.520472802726904,2.431678651537321,2.8354918666787343,2.8443014604768146
14,0.05,AnnArbor_a_sub47659,2.0083973528677332,1.9955973797553102,1.9132520650423603,2.2697840375397194,2.228338817681431
14,0.25,AnnArbor_a_sub47659,2.157244151303431,2.147307737262304,2.0627140168725044,2.426152243964937,2.3998071284078084
14,0.5,AnnArbor_a_sub47659,2.2607059992754275,2.2527600151018317,2.1666034515151185,2.5348421437198727,2.5189929522402954
14,0.75,AnnArbor_a_sub47659,2.364167847247422,2.3582122929413583,2.270492886157733,2.643532043474809,2.638178776072783
14,0.95,AnnArbor_a_sub47659,2.5130146456831217,2.509922650448351,2.419954837987877,2.7999002499000274,2.809647086799159
15,0.05,AnnArbor_a_sub49687,2.195081986878144,2.050860917125797,2.024185452520524,2.426581692805018,2.483098829121209
15,0.25,AnnArbor_a_sub49687,2.38140196245588,2.239427770388617,2.1766440921678423,2.598981524491296,2.6858659127927407
15,0.5,AnnArbor_a_sub49687,2.5109110227108573,2.370498611749462,2.2826164930725343,2.718814838769994,2.826807185329491
15,0.75,AnnArbor_a_sub49687,2.640420082965835,2.5015694531103074,2.3885888939772264,2.838648153048691,2.9677484578662408
15,0.95,AnnArbor_a_sub49687,2.82674005854357,2.6901363063731267,2.541047533624543,3.0110479847349705,3.1705155415377737
16,0.05,AnnArbor_a_sub51248,2.017246745675038,1.9892118611579261,1.8777986668092377,2.2394203945754754,2.2151984182421605
16,0.25,AnnArbor_a_sub51248,2.162913744180631,2.141488799722472,2.0360302445930936,2.3960112482238016,2.3890108058140114
16,0.5,AnnArbor_a_sub51248,2.2641653465819624,2.24733490211084,2.146015354229928,2.5048559077276273,2.5098259728689913
16,0.75,AnnArbor_a_sub51248,2.3654169489832935,2.353181004499208,2.2560004638667617,2.61370056723145,2.630641139923973
16,0.95,AnnArbor_a_sub51248,2.5110839474888875,2.5054579430637545,2.414232041650618,2.770291420879777,2.8044535274958236
17,0.05,AnnArbor_a_sub56028,2.0232147581771254,1.9952261585593172,1.9579205172957093,2.296935808153277,2.281209241024227
17,0.25,AnnArbor_a_sub56028,2.1782595295244827,2.1483573012156354,2.1003476278238224,2.45343560430938,2.4608062945226705
17,0.5,AnnArbor_a_sub56028,2.2860295234415666,2.254797151906345,2.1993472180831715,2.5622169707056868,2.5856423221736193
17,0.75,AnnArbor_a_sub56028,2.393799517358651,2.361237002597054,2.29834680834252,2.670998337101993,2.710478349824568
17,0.95,AnnArbor_a_sub56028,2.548844288706007,2.5143681452533735,2.440773918870633,2.8274981332580977,2.8900754033230114
18,0.05,AnnArbor_a_sub56686,2.0609519134460164,2.0057428228722927,1.9897837206919224,2.347722334910422,2.321211593178625
18,0.25,AnnArbor_a_sub56686,2.2230484058708115,2.160385993601178,2.133020946267865,2.5070060032592845,2.5178135178753354
18,0.5,AnnArbor_a_sub56686,2.3357199771259536,2.267876839141742,2.232583638997668,2.6177224100098844,2.6544694530902238
18,0.75,AnnArbor_a_sub56686,2.448391548381095,2.375367684682306,2.3321463317274715,2.7284388167604843,2.791125388305113
18,0.95,AnnArbor_a_sub56686,2.6104880408058895,2.5300108554111924,2.475383557303415,2.8877224851093453,2.987727313001823
19,0.05,AnnArbor_a_sub70106,2.102740196443081,2.0274794645934096,2.0051000569146193,2.3999582636912953,2.3508572757078405
19,0.25,AnnArbor_a_sub70106,2.2726419584376414,2.189736536359005,2.1516552668092475,2.563458911509725,2.5561790485786937
19,0.5,AnnArbor_a_sub70106,2.390738890682032,2.3025197246292257,2.253524255628459,2.677106496447339,2.6988960587754653
19,0.75,AnnArbor_a_sub70106,2.5088358229264216,2.4153029128994463,2.355393244447671,2.790754081384953,2.841613068972236
19,0.95,AnnArbor_a_sub70106,2.678737584920983,2.5775599846650423,2.501948454342299,2.954254729203383,3.046934841843089
20,0.05,AnnArbor_a_sub75922,2.092657093989978,2.0248188524341413,2.0020822346033356,2.395028219958189,2.3380717770033392
20,0.25,AnnArbor_a_sub75922,2.260919758644992,2.1850793904078434,2.1479530783883307,2.5576295155953197,2.542395105186972
20,0.5,AnnArbor_a_sub75922,2.377877371525192,2.2964748089858786,2.24934637150474,2.670651970267233,2.684418106956803
20,0.75,AnnArbor_a_sub75922,2.4948349844053923,2.4078702275639134,2.3507396646211487,2.7836744249391465,2.826441108726634
20,0.95,AnnArbor_a_sub75922,2.663097649060406,2.568130765537615,2.496610508406145,2.9462757205762786,3.0307644369102666
21,0.05,AnnArbor_a_sub82334,2.15547575073994,2.0412585548090756,2.017449544611683,2.418421882250959,2.4234341348548183
21,0.25,AnnArbor_a_sub82334,2.3343924626789185,2.216851189081702,2.167434474954234,2.5868406291477175,2.629389354891042
21,0.5,AnnArbor_a_sub82334,2.458755592049661,2.3389037869410005,2.271687426474012,2.7039067331566247,2.7725466675666763
21,0.75,AnnArbor_a_sub82334,2.583118721420404,2.4609563848002987,2.3759403779937904,2.8209728371655314,2.9157039802423097
21,0.95,AnnArbor_a_sub82334,2.7620354333593826,2.636549019072924,2.5259253083363404,2.9893915840622918,3.1216592002785335
22,0.05,AnnArbor_a_sub86367,2.153544257480592,2.040767545486582,2.0170744495235713,2.4179171027018023,2.420627029498109
22,0.25,AnnArbor_a_sub86367,2.3321152621551278,2.215791333015127,2.166937492616886,2.5861487191984667,2.6266695941124727
22,0.5,AnnArbor_a_sub86367,2.456238094033331,2.33744853147065,2.2711057215884956,2.70308475082954,2.7698876190879993
22,0.75,AnnArbor_a_sub86367,2.580360925911533,2.4591057299261725,2.3752739505601053,2.8200207824606136,2.913105644063526
22,0.95,AnnArbor_a_sub86367,2.7589319305860687,2.634129517454719,2.5251369936534207,2.988252398957278,3.1191482086778897
23,0.05,AnnArbor_a_sub96621,2.14048601817107,2.03740894951542,2.0144063785921746,2.414204836364488,2.401924124728531
23,0.25,AnnArbor_a_sub96621,2.3167534838817816,2.2087434669379293,2.1634394431301507,2.5811863794924075,2.6083627886848326
23,0.5,AnnArbor_a_sub96621,2.4392751499937235,2.3278362924485863,2.2670307627156334,2.6972534982399647,2.751856138157279
23,0.75,AnnArbor_a_sub96621,2.5617968161056655,2.4469291179592436,2.370622082301116,2.8133206169875216,2.8953494876297245
23,0.95,AnnArbor_a_sub96621,2.738064281816378,2.618263635381753,2.519655146839092,2.9803021601154436,3.1017881515860255
24,0.05,AnnArbor_b_sub00306,1.9769644311887111,1.9648193873576392,1.8816144240308967,2.222699710967458,2.141053878555314
24,0.25,AnnArbor_b_sub00306,2.163330722411394,2.149730904408593,2.034919587700075,2.3604327358443866,2.358222568383415
24,0.5,AnnArbor_b_sub00306,2.292871976185254,2.278260959918393,2.141480398571087,2.456169516415422,2.5091742462656823
24,0.75,AnnArbor_b_sub00306,2.4224132299591146,2.406791015428192,2.248041209442098,2.5519062969864588,2.6601259241479482
24,0.95,AnnArbor_b_sub00306,2.608779521181796,2.5917025324791445,2.4013463731112754,2.6896393218633876,2.877294613976052
25,0.05,AnnArbor_b_sub07921,2.2347254977178155,1.9781763480914853,2.0328053725905275,2.3927719741601585,2.4314481577742675
25,0.25,AnnArbor_b_sub07921,2.4004848257253038,2.135746596469208,2.1776025051801398,2.5540053493660997,2.633484141783867
25,0.5,AnnArbor_b_sub07921,2.515702395565474,2.245272022974152,2.278249472909437,2.666076976897779,2.7739172346159133
25,0.75,AnnArbor_b_sub07921,2.6309199654056417,2.354797449479097,2.378896440638735,2.7781486044294583,2.914350327447961
25,0.95,AnnArbor_b_sub07921,2.79667929341313,2.512367697856821,2.523693573228347,2.9393819796353986,3.1163863114575605
26,0.05,AnnArbor_b_sub11043,2.209606237113272,1.9717345881160362,2.021797203058534,2.373900500688697,2.4032114191799905
26,0.25,AnnArbor_b_sub11043,2.371372700034677,2.1261866198392347,2.1649024853380663,2.5330151620818713,2.59918084612909
26,0.5,AnnArbor_b_sub11043,2.4838148712445047,2.2335446066622726,2.264373465666813,2.643614093870703,2.7353971387954417
26,0.75,AnnArbor_b_sub11043,2.596257042454332,2.3409025934853105,2.36384444599556,2.7542130256595354,2.871613431461792
26,0.95,AnnArbor_b_sub11043,2.758023505375737,2.495354625208509,2.5069497282750923,2.913327687052709,3.0675828584108933
27,0.05,AnnArbor_b_sub18546,2.214220418670577,1.9837530781023105,2.024405573852277,2.4048235739374206,2.387711085279142
27,0.25,AnnArbor_b_sub18546,2.377832858656655,2.139438847260288,2.1682754283424672,2.5649012694593996,2.5869014311884384
27,0.5,AnnArbor_b_sub18546,2.491558149157138,2.2476543920305305,2.2682778547933613,2.676169596167527,2.72535655083187
27,0.75,AnnArbor_b_sub18546,2.6052834396576205,2.3558699368007736,2.368280281244255,2.7874379228756543,2.863811670475302
27,0.95,AnnArbor_b_sub18546,2.768895879643699,2.5115557059587506,2.5121501357344456,2.9475156183976337,3.0630020163845995
28,0.05,AnnArbor_b_sub26099,1.9054970696937885,1.9960409283441363,1.7816048734464796,2.1973831304563167,1.990756017178176
28,0.25,AnnArbor_b_sub26099,2.1103606283403775,2.1670702730252973,1.98148570116432,2.339444222590993,2.252646862247013
28,0.5,AnnArbor_b_sub26099,2.252759138637201,2.285950976165151,2.120420767468708,2.438189397305133,2.434684441036283
28,0.75,AnnArbor_b_sub26099,2.395157648934024,2.404831679305005,2.259355833773095,2.5369345720192733,2.616722019825554
28,0.95,AnnArbor_b_sub26099,2.6000212075806113,2.5758610239861657,2.459236661490936,2.67899566415395,2.878612864894392
29,0.05,AnnArbor_b_sub30250,2.2347254977178155,1.9781763480914853,2.0328053725905275,2.3927719741601585,2.4314481577742675
29,0.25,AnnArbor_b_sub30250,2.4004848257253038,2.135746596469208,2.1776025051801398,2.5540053493660997,2.633484141783867
29,0.5,AnnArbor_b_sub30250,2.515702395565474,2.245272022974152,2.278249472909437,2.666076976897779,2.7739172346159133
29,0.75,AnnArbor_b_sub30250,2.6309199654056417,2.354797449479097,2.378896440638735,2.7781486044294583,2.914350327447961
29,0.95,AnnArbor_b_sub30250,2.79667929341313,2.512367697856821,2.523693573228347,2.9393819796353986,3.1163863114575605
30,0.05,AnnArbor_b_sub33437,2.2347254977178155,1.9781763480914853,2.0328053725905275,2.3927719741601585,2.4314481577742675
30,0.25,AnnArbor_b_sub33437,2.4004848257253038,2.135746596469208,2.1776025051801398,2.5540053493660997,2.633484141783867
30,0.5,AnnArbor_b_sub33437,2.515702395565474,2.245272022974152,2.278249472909437,2.666076976897779,2.7739172346159133
30,0.75,AnnArbor_b_sub33437,2.6309199654056417,2.354797449479097,2.378896440638735,2.7781486044294583,2.914350327447961
30,0.95,AnnArbor_b_sub33437,2.79667929341313,2.512367697856821,2.523693573228347,2.9393819796353986,3.1163863114575605
31,0.05,AnnArbor_b_sub39635,2.2347254977178155,1.9781763480914853,2.0328053725905275,2.3927719741601585,2.4314481577742675
31,0.25,AnnArbor_b_sub39635,2.4004848257253038,2.135746596469208,2.1776025051801398,2.5540053493660997,2.633484141783867
31,0.5,AnnArbor_b_sub39635,2.515702395565474,2.245272022974152,2.278249472909437,2.666076976897779,2.7739172346159133
31,0.75,AnnArbor_b_sub39635,2.6309199654056417,2.354797449479097,2.378896440638735,2.7781486044294583,2.914350327447961
31,0.95,AnnArbor_b_sub39635,2.79667929341313,2.512367697856821,2.523693573228347,2.9393819796353986,3.1163863114575605
32,0.05,AnnArbor_b_sub39923,1.9451652785932496,1.9823025570735973,1.8482317593218727,2.2289879483582458,2.0686354986117603
32,0.25,AnnArbor_b_sub39923,2.138810170314018,2.16285245843382,2.016685144170747,2.367977923598085,2.3015626329394365
32,0.5,AnnArbor_b_sub39923,2.2734107029309296,2.2883508006367235,2.1337753246567677,2.4645883971791323,2.4634678402642205
32,0.75,AnnArbor_b_sub39923,2.4080112355478414,2.413849142839627,2.250865505142788,2.5611988707601805,2.625373047589005
32,0.95,AnnArbor_b_sub39923,2.6016561272686087,2.5943990441998497,2.419318889991664,2.7001888460000214,2.85830018191668
33,0.05,AnnArbor_b_sub42616,2.209606237113272,1.9717345881160362,2.021797203058534,2.373900500688697,2.4032114191799905
33,0.25,AnnArbor_b_sub42616,2.371372700034677,2.1261866198392347,2.1649024853380663,2.5330151620818713,2.59918084612909
33,0.5,AnnArbor_b_sub42616,2.4838148712445047,2.2335446066622726,2.264373465666813,2.643614093870703,2.7353971387954417
33,0.75,AnnArbor_b_sub42616,2.596257042454332,2.3409025934853105,2.36384444599556,2.7542130256595354,2.871613431461792
33,0.95,AnnArbor_b_sub42616,2.758023505375737,2.495354625208509,2.5069497282750923,2.913327687052709,3.0675828584108933
34,0.05,AnnArbor_b_sub43409,1.932341286181776,1.9868154397418532,1.8289889018421934,2.219731755424834,2.044056063150416
34,0.25,AnnArbor_b_sub43409,2.1297555583187173,2.1645502532650864,2.0068193318368928,2.3596180322655833,2.286029114330265
34,0.5,AnnArbor_b_sub43409,2.266976147716597,2.2880918574468874,2.130427398024856,2.456851515685905,2.4542220435540933
34,0.75,AnnArbor_b_sub43409,2.404196737114477,2.4116334616286887,2.2540354642128175,2.554084999106228,2.6224149727779213
34,0.95,AnnArbor_b_sub43409,2.601611009251417,2.589368275151922,2.431865894207518,2.6939712759469754,2.864388023957768
35,0.05,AnnArbor_b_sub45569,2.0367181215864845,1.950047130822843,1.9214776660644604,2.2441640526125997,2.222522155466763
35,0.25,AnnArbor_b_sub45569,2.207882701508666,2.1375631911499746,2.0564534119058746,2.382247923208782,2.4145232296145984
35,0.5,AnnArbor_b_sub45569,2.3268574052457374,2.2679036373655785,2.150273636747214,2.4782285729583844,2.547981161882616
35,0.75,AnnArbor_b_sub45569,2.445832108982809,2.398244083581181,2.244093861588553,2.574209222707987,2.681439094150634
35,0.95,AnnArbor_b_sub45569,2.6169966889049894,2.585760143908313,2.3790696074299658,2.7122930933041682,2.873440168298469
36,0.05,AnnArbor_b_sub50859,1.8182034514887602,2.010343412141082,1.5685537500802869,2.0729526970344896,1.842585439225124
36,0.25,AnnArbor_b_sub50859,2.0389808487624523,2.1554370662659945,1.8509493404278576,2.2221996888851567,2.168167468681278
36,0.5,AnnArbor_b_sub50859,2.1924409013295274,2.2562901430035356,2.047239552535602,2.3259397071012797,2.3944761215244763
36,0.75,AnnArbor_b_sub50859,2.345900953896602,2.357143219741076,2.2435297646433474,2.4296797253174023,2.620784774367673
36,0.95,AnnArbor_b_sub50859,2.5666783511702924,2.5022368738659893,2.5259253549909197,2.578926717168068,2.946366803823827
37,0.05,AnnArbor_b_sub53269,2.2026287783862344,1.9808017552408022,2.0188405234838234,2.395257529534879,2.375047237816601
37,0.25,AnnArbor_b_sub53269,2.364395241307639,2.135253786964001,2.1619458057633567,2.5543721909280523,2.571016664765701
37,0.5,AnnArbor_b_sub53269,2.4768374125174666,2.2426117737870395,2.2614167860921035,2.664971122716884,2.707232957432052
37,0.75,AnnArbor_b_sub53269,2.5892795837272944,2.3499697606100773,2.36088776642085,2.775570054505716,2.843449250098404
37,0.95,AnnArbor_b_sub53269,2.7510460466487,2.5044217923332757,2.5039930487003823,2.9346847158988907,3.0394186770475047
38,0.05,AnnArbor_b_sub53959,2.214220418670577,1.9837530781023105,2.024405573852277,2.4048235739374206,2.387711085279142
38,0.25,AnnArbor_b_sub53959,2.377832858656655,2.139438847260288,2.1682754283424672,2.5649012694593996,2.5869014311884384
38,0.5,AnnArbor_b_sub53959,2.491558149157138,2.2476543920305305,2.2682778547933613,2.676169596167527,2.72535655083187
38,0.75,AnnArbor_b_sub53959,2.6052834396576205,2.3558699368007736,2.368280281244255,2.7874379228756543,2.863811670475302
38,0.95,AnnArbor_b_sub53959,2.768895879643699,2.5115557059587506,2.5121501357344456,2.9475156183976337,3.0630020163845995
39,0.05,AnnArbor_b_sub57025,1.9769644311887111,1.9648193873576392,1.8816144240308967,2.222699710967458,2.141053878555314
39,0.25,AnnArbor_b_sub57025,2.163330722411394,2.149730904408593,2.034919587700075,2.3604327358443866,2.358222568383415
39,0.5,AnnArbor_b_sub57025,2.292871976185254,2.278260959918393,2.141480398571087,2.456169516415422,2.5091742462656823
39,0.75,AnnArbor_b_sub57025,2.4224132299591146,2.406791015428192,2.248041209442098,2.5519062969864588,2.6601259241479482
39,0.95,AnnArbor_b_sub57025,2.608779521181796,2.5917025324791445,2.4013463731112754,2.6896393218633876,2.877294613976052
40,0.05,AnnArbor_b_sub57196,1.8524629504010064,2.004026369539262,1.6524701506364554,2.113996664724874,1.9019865141815244
40,0.25,AnnArbor_b_sub57196,2.069594527790557,2.1583675181395723,1.9061537119458871,2.2609521484293116,2.207021545324197
40,0.5,AnnArbor_b_sub57196,2.220520409206149,2.2656484312672163,2.082486493900411,2.363099363374265,2.419048195207763
40,0.75,AnnArbor_b_sub57196,2.371446290621741,2.372929344394861,2.258819275854933,2.4652465783192175,2.6310748450913275
40,0.95,AnnArbor_b_sub57196,2.5885778680112908,2.527270492995171,2.512502837164367,2.6122020620236546,2.936109876233998
41,0.05,AnnArbor_b_sub59573,2.2347254977178155,1.9781763480914853,2.0328053725905275,2.3927719741601585,2.4314481577742675
41,0.25,AnnArbor_b_sub59573,2.4004848257253038,2.135746596469208,2.1776025051801398,2.5540053493660997,2.633484141783867
41,0.5,AnnArbor_b_sub59573,2.515702395565474,2.245272022974152,2.278249472909437,2.666076976897779,2.7739172346159133
41,0.75,AnnArbor_b_sub59573,2.6309199654056417,2.354797449479097,2.378896440638735,2.7781486044294583,2.914350327447961
41,0.95,AnnArbor_b_sub59573,2.79667929341313,2.512367697856821,2.523693573228347,2.9393819796353986,3.1163863114575605
42,0.05,AnnArbor_b_sub62819,2.006230910197131,1.9638634223104698,1.907566221825062,2.259334810601514,2.166252148318447
42,0.25,AnnArbor_b_sub62819,2.1829658290334857,2.151702249958894,2.0470751133681855,2.396746200240682,2.3661893497670294
42,0.5,AnnArbor_b_sub62819,2.305812416908795,2.282267048353227,2.144046280227453,2.492259415532375,2.505163600860212
42,0.75,AnnArbor_b_sub62819,2.4286590047841052,2.41283184674756,2.2410174470867195,2.5877726308240687,2.6441378519533942
42,0.95,AnnArbor_b_sub62819,2.60539392362046,2.6006706743959853,2.380526338629841,2.7251840204632374,2.844075053401976
43,0.05,AnnArbor_b_sub64831,2.2277480389907773,1.9872435152162489,2.0298486930158175,2.414129003006339,2.4032839764108784
43,0.25,AnnArbor_b_sub64831,2.3935073669982665,2.1448137635939744,2.1746458256054297,2.575362378212281,2.605319960420478
43,0.5,AnnArbor_b_sub64831,2.5087249368384357,2.254339190098919,2.2752927933347276,2.68743400574396,2.7457530532525247
43,0.75,AnnArbor_b_sub64831,2.623942506678604,2.3638646166038635,2.3759397610640254,2.799505633275639,2.8861861460845706
43,0.95,AnnArbor_b_sub64831,2.7897018346860945,2.5214348649815874,2.520736893653637,2.96073900848158,3.0882221300941692
44,0.05,AnnArbor_b_sub64969,2.209606237113272,1.9717345881160362,2.021797203058534,2.373900500688697,2.4032114191799905
44,0.25,AnnArbor_b_sub64969,2.371372700034677,2.1261866198392347,2.1649024853380663,2.5330151620818713,2.59918084612909
44,0.5,AnnArbor_b_sub64969,2.4838148712445047,2.2335446066622726,2.264373465666813,2.643614093870703,2.7353971387954417
44,0.75,AnnArbor_b_sub64969,2.596257042454332,2.3409025934853105,2.36384444599556,2.7542130256595354,2.871613431461792
44,0.95,AnnArbor_b_sub64969,2.758023505375737,2.495354625208509,2.5069497282750923,2.913327687052709,3.0675828584108933
45,0.05,AnnArbor_b_sub66506,1.8357762615160498,2.0074716473095138,1.6119030521282074,2.094407144852276,1.8721420685627894
45,0.25,AnnArbor_b_sub66506,2.054980484550746,2.1572118789120784,1.879983672017966,2.2425284930250835,2.1876763508741868
45,0.5,AnnArbor_b_sub66506,2.207347040209195,2.261294742904939,2.0663236983454674,2.3454860881303805,2.4070009200926252
45,0.75,AnnArbor_b_sub66506,2.359713595867644,2.365377606897799,2.252663724672967,2.448443683235678,2.6263254893110655
45,0.95,AnnArbor_b_sub66506,2.5789178189023394,2.5151178385003616,2.5207443445627256,2.5965650314084905,2.941859771622458
46,0.05,AnnArbor_b_sub72215,2.214220418670577,1.9837530781023105,2.024405573852277,2.4048235739374206,2.387711085279142
46,0.25,AnnArbor_b_sub72215,2.377832858656655,2.139438847260288,2.1682754283424672,2.5649012694593996,2.5869014311884384
46,0.5,AnnArbor_b_sub72215,2.491558149157138,2.2476543920305305,2.2682778547933613,2.676169596167527,2.72535655083187
46,0.75,AnnArbor_b_sub72215,2.6052834396576205,2.3558699368007736,2.368280281244255,2.7874379228756543,2.863811670475302
46,0.95,AnnArbor_b_sub72215,2.768895879643699,2.5115557059587506,2.5121501357344456,2.9475156183976337,3.0630020163845995
47,0.05,AnnArbor_b_sub73168,1.828798802789012,2.0165388144342824,1.6089463725535,2.1157641736984565,1.8439778871994021
47,0.25,AnnArbor_b_sub73168,2.048003025823709,2.1662790460368444,1.8770269924432572,2.2638855218712663,2.1595121695107955
47,0.5,AnnArbor_b_sub73168,2.2003695814821573,2.270361910029705,2.063367018770758,2.366843116976564,2.3788367387292357
47,0.75,AnnArbor_b_sub73168,2.352736137140606,2.3744447740225656,2.2497070450982575,2.4698007120818586,2.5981613079476764
47,0.95,AnnArbor_b_sub73168,2.5719403601753026,2.524185005625128,2.517787664988016,2.6179220602546716,2.913695590259069
48,0.05,AnnArbor_b_sub73812,2.1617428415305144,1.9682490812488584,1.9770817112891517,2.331793827194311,2.329088901516284
48,0.25,AnnArbor_b_sub73812,2.3149609541527507,2.1211129367607477,2.1206773309646274,2.4880318534901846,2.505161017083669
48,0.5,AnnArbor_b_sub73812,2.4214612567543257,2.2273669989615974,2.220489139672938,2.596631266402993,2.6275468973604936
48,0.75,AnnArbor_b_sub73812,2.527961559355901,2.333621061162447,2.320300948381249,2.705230679315801,2.7499327776373192
48,0.95,AnnArbor_b_sub73812,2.6811796719781364,2.4864849166743372,2.463896568056726,2.861468705611674,2.9260048932047016
49,0.05,AnnArbor_b_sub78151,2.184582724972157,1.976191599208797,2.007366833538237,2.375878006735772,2.3564511777540975
49,0.25,AnnArbor_b_sub78151,2.3433537966724125,2.129557486827559,2.1495012388341834,2.5335719325480217,2.5455552355719777
49,0.5,AnnArbor_b_sub78151,2.4537139028704553,2.2361605062788423,2.248297372757559,2.6431833259401483,2.6769994821829837
49,0.75,AnnArbor_b_sub78151,2.5640740090684977,2.3427635257301254,2.347093506680935,2.752794719332274,2.808443728793989
49,0.95,AnnArbor_b_sub78151,2.722845080768754,2.496129413348886,2.4892279119768825,2.910488645144523,2.997547786611868
50,0.05,AnnArbor_b_sub85257,2.16779740020964,1.971140229152792,1.9893913825108447,2.3481936605687084,2.338357173182078
50,0.25,AnnArbor_b_sub85257,2.3230772994274247,2.124292697560518,2.131719670507819,2.504742377293908,2.518475701863842
50,0.5,AnnArbor_b_sub85257,2.431010728260409,2.230747371557291,2.2306505702625663,2.613557747864543,2.6436742014436794
50,0.75,AnnArbor_b_sub85257,2.5389441570933937,2.3372020455540645,2.329581470017313,2.722373118435178,2.7688727010235166
50,0.95,AnnArbor_b_sub85257,2.6942240563111794,2.49035451396179,2.4719097580142875,2.8789218351603756,2.9489912297052805
51,0.05,AnnArbor_b_sub90127,1.8454854916739674,2.0130935366640283,1.6495134710617454,2.135353693571055,1.8738223328181374
51,0.25,AnnArbor_b_sub90127,2.0626170690635175,2.1674346852643387,1.9031970323711784,2.2823091772754927,2.1788573639608084
51,0.5,AnnArbor_b_sub90127,2.2135429504791113,2.2747155983919836,2.0795298143257015,2.3844563922204474,2.3908840138443734
51,0.75,AnnArbor_b_sub90127,2.3644688318947034,2.3819965115196275,2.255862596280223,2.486603607165399,2.6029106637279384
51,0.95,AnnArbor_b_sub90127,2.5816004092842535,2.5363376601199374,2.509546157589658,2.6335590908698356,2.9079456948706093
52,0.05,AnnArbor_b_sub90950,1.9942542570277937,1.9668122155431502,1.8998152209713488,2.2551111643565998,2.1500933607994086
52,0.25,AnnArbor_b_sub90950,2.1740189649031074,2.154157861512545,2.042863743612509,2.392432686323932,2.354981399539329
52,0.5,AnnArbor_b_sub90950,2.2989715273524776,2.2843798544959815,2.142295270912116,2.487883435539771,2.4973969256921937
52,0.75,AnnArbor_b_sub90950,2.4239240898018473,2.414601847479417,2.241726798211723,2.5833341847556133,2.639812451845059
52,0.95,AnnArbor_b_sub90950,2.603688797677159,2.6019474934488116,2.3847753208528837,2.720655706722943,2.844700490584978
53,0.05,AnnArbor_b_sub97518,2.209606237113272,1.9717345881160362,2.021797203058534,2.373900500688697,2.4032114191799905
53,0.25,AnnArbor_b_sub97518,2.371372700034677,2.1261866198392347,2.1649024853380663,2.5330151620818713,2.59918084612909
53,0.5,AnnArbor_b_sub97518,2.4838148712445047,2.2335446066622726,2.264373465666813,2.643614093870703,2.7353971387954417
53,0.75,AnnArbor_b_sub97518,2.596257042454332,2.3409025934853105,2.36384444599556,2.7542130256595354,2.871613431461792
53,0.95,AnnArbor_b_sub97518,2.758023505375737,2.495354625208509,2.5069497282750923,2.913327687052709,3.0675828584108933
54,0.05,AnnArbor_b_sub98007,2.001231715754834,1.9577450484183854,1.9027719005460593,2.2337541355104205,2.178257542162799
54,0.25,AnnArbor_b_sub98007,2.1809964236301447,2.1450906943877786,2.0458204231872195,2.3710756574777507,2.3831455809027178
54,0.5,AnnArbor_b_sub98007,2.3059489860795153,2.275312687371214,2.145251950486826,2.466526406693591,2.5255611070555832
54,0.75,AnnArbor_b_sub98007,2.430901548528885,2.4055346803546507,2.244683477786432,2.5619771559094318,2.6679766332084482
54,0.95,AnnArbor_b_sub98007,2.610666256404196,2.5928803263240447,2.3877320004275933,2.6992986778767625,2.872864671948367
55,0.05,AnnArbor_b_sub99692,2.001231715754834,1.9577450484183854,1.9027719005460593,2.2337541355104205,2.178257542162799
55,0.25,AnnArbor_b_sub99692,2.1809964236301447,2.1450906943877786,2.0458204231872195,2.3710756574777507,2.3831455809027178
55,0.5,AnnArbor_b_sub99692,2.3059489860795153,2.275312687371214,2.145251950486826,2.466526406693591,2.5255611070555832
55,0.75,AnnArbor_b_sub99692,2.430901548528885,2.4055346803546507,2.244683477786432,2.5619771559094318,2.6679766332084482
55,0.95,AnnArbor_b_sub99692,2.610666256404196,2.5928803263240447,2.3877320004275933,2.6992986778767625,2.872864671948367
56,0.05,Atlanta_sub00354,1.9725258775073353,2.0702739114365905,2.04012878966176,2.354822620997464,2.1096029827456597
56,0.25,Atlanta_sub00354,2.125743990129571,2.223137766948481,2.183724409337237,2.5110606472933372,2.285675098313042
56,0.5,Atlanta_sub00354,2.232244292731148,2.3293918291493303,2.2835362180455476,2.6196600602061455,2.408060978589869
56,0.75,Atlanta_sub00354,2.3387445953327224,2.4356458913501804,2.383348026753859,2.7282594731189542,2.5304468588666933
56,0.95,Atlanta_sub00354,2.4919627079549582,2.5885097468620715,2.5269436464293356,2.8844974994148265,2.706518974434077
57,0.05,Atlanta_sub00368,1.9725258775073353,2.0702739114365905,2.04012878966176,2.354822620997464,2.1096029827456597
57,0.25,Atlanta_sub00368,2.125743990129571,2.223137766948481,2.183724409337237,2.5110606472933372,2.285675098313042
57,0.5,Atlanta_sub00368,2.232244292731148,2.3293918291493303,2.2835362180455476,2.6196600602061455,2.408060978589869
57,0.75,Atlanta_sub00368,2.3387445953327224,2.4356458913501804,2.383348026753859,2.7282594731189542,2.5304468588666933
57,0.95,Atlanta_sub00368,2.4919627079549582,2.5885097468620715,2.5269436464293356,2.8844974994148265,2.706518974434077
58,0.05,Atlanta_sub06870,1.897946500405133,2.063443201623538,1.9857574345177884,2.314761500589933,2.0042167546542196
58,0.25,Atlanta_sub06870,2.055961149301516,2.242280376526811,2.121522180270976,2.4577346106697235,2.1838455528417535
58,0.5,Atlanta_sub06870,2.165795473944569,2.3665882205384956,2.215890830673227,2.557113719489109,2.3087036458930394
58,0.75,Atlanta_sub06870,2.275629798587622,2.4908960645501796,2.310259481075478,2.656492828308494,2.4335617389443285
58,0.95,Atlanta_sub06870,2.4336444474840055,2.6697332394534525,2.4460242268286656,2.799465938388284,2.6131905371318624
59,0.05,Atlanta_sub07145,2.0035892699028963,2.0803356931583616,2.0762062366215503,2.4085933697368787,2.1453039984865145
59,0.25,Atlanta_sub07145,2.163758655798346,2.234060513270498,2.218727151536194,2.5669194307168164,2.3378549524474193
59,0.5,Atlanta_sub07145,2.275090715523106,2.3409130229322015,2.3177919442404753,2.676970214631979,2.47169510040446
59,0.75,Atlanta_sub07145,2.386422775247866,2.4477655325939045,2.416856736944756,2.7870209985471424,2.6055352483614986
59,0.95,Atlanta_sub07145,2.5465921611433147,2.601490352706041,2.5593776518594,2.94534705952708,2.7980862023224033
60,0.05,Atlanta_sub15817,1.9622396393494206,2.0755410408653394,2.0188665469984364,2.354903975512693,2.0706419541017302
60,0.25,Atlanta_sub15817,2.112721138758746,2.227729209401469,2.165583525931537,2.5111099111484045,2.2431681275166167
60,0.5,Atlanta_sub15817,2.217319250227103,2.333513608674413,2.267564958712197,2.6196870181800134,2.36308926060536
60,0.75,Atlanta_sub15817,2.3219173616954603,2.439298007947357,2.369546391492857,2.7282641252116204,2.4830103936941046
60,0.95,Atlanta_sub15817,2.472398861104785,2.591486176483488,2.5162633704259583,2.8844700608473315,2.6555365671089914
61,0.05,Atlanta_sub16563,1.9636810411487902,2.072328468793492,2.00156329100457,2.3375410657234132,2.0629207115077657
61,0.25,Atlanta_sub16563,2.111944300137197,2.2238806145394823,2.1521981023371617,2.4939943814664445,2.234238348833684
61,0.5,Atlanta_sub16563,2.2150005359615608,2.3292229210438093,2.2569027793149155,2.6027434398152733,2.353319441166297
61,0.75,Atlanta_sub16563,2.3180567717859253,2.4345652275481364,2.3616074562926688,2.711492498164101,2.4724005334989103
61,0.95,Atlanta_sub16563,2.4663200307743325,2.5861173732941265,2.5122422676252603,2.867945813907134,2.6437181708248287
62,0.05,Atlanta_sub18219,1.9698021145066862,2.0642713577744862,2.0101179098313837,2.3215431485081384,2.09337055693276
62,0.25,Atlanta_sub18219,2.1187404716223264,2.216007797227318,2.1594058967720113,2.4778991516962057,2.2648743369015794
62,0.5,Atlanta_sub18219,2.2222659610721633,2.3214782043537596,2.263174410245068,2.5865805691090276,2.384084815032364
62,0.75,Atlanta_sub18219,2.3257914505220008,2.4269486114802006,2.3669429237181245,2.6952619865218495,2.503295293163148
62,0.95,Atlanta_sub18219,2.474729807637641,2.5786850509330326,2.5162309106587513,2.851617989709916,2.6747990731319655
63,0.05,Atlanta_sub18702,1.9883883022219397,2.087283596521297,2.067457232336136,2.420263829385107,2.1088010776200834
63,0.25,Atlanta_sub18702,2.1471593739221966,2.240649484140058,2.2095916376320828,2.5779577551973563,2.2979051354379645
63,0.5,Atlanta_sub18702,2.2575194801202385,2.3472525035913416,2.3083877715554593,2.6875691485894824,2.4293493820489704
63,0.75,Atlanta_sub18702,2.3678795863182813,2.453855523042625,2.407183905478835,2.797180541981608,2.5607936286599755
63,0.95,Atlanta_sub18702,2.5266506580185366,2.6072214106613845,2.549318310774782,2.9548744677938577,2.7498976864778553
64,0.05,Atlanta_sub24972,1.988569910354106,2.0763758297201735,2.0645167133855056,2.389360706226333,2.130074508518185
64,0.25,Atlanta_sub24972,2.1460920703313637,2.229615272785287,2.2064796888940226,2.546560523535348,2.3158621402053976
64,0.5,Atlanta_sub24972,2.255584071093661,2.3361304019539175,2.3051566637707057,2.6558284672907977,2.445001173807139
64,0.75,Atlanta_sub24972,2.3650760718559587,2.442645531122549,2.403833638647389,2.7650964110462475,2.57414020740888
64,0.95,Atlanta_sub24972,2.522598231833215,2.595884974187661,2.5457966141559067,2.922296228355264,2.7599278390960937
65,0.05,Atlanta_sub26938,1.9622396393494206,2.0755410408653394,2.0188665469984364,2.354903975512693,2.0706419541017302
65,0.25,Atlanta_sub26938,2.112721138758746,2.227729209401469,2.165583525931537,2.5111099111484045,2.2431681275166167
65,0.5,Atlanta_sub26938,2.217319250227103,2.333513608674413,2.267564958712197,2.6196870181800134,2.36308926060536
65,0.75,Atlanta_sub26938,2.3219173616954603,2.439298007947357,2.369546391492857,2.7282641252116204,2.4830103936941046
65,0.95,Atlanta_sub26938,2.472398861104785,2.591486176483488,2.5162633704259583,2.8844700608473315,2.6555365671089914
66,0.05,Atlanta_sub32093,1.9751084557481344,2.071682780501693,2.046295574974152,2.362799657986758,2.1140166939989347
66,0.25,Atlanta_sub32093,2.1293358676680447,2.2247159404734154,2.1891576155852714,2.5191569025437093,2.2919218047953316
66,0.5,Atlanta_sub32093,2.2365377236224058,2.3310876844280437,2.2884595211822636,2.627839182819019,2.415581780825041
66,0.75,Atlanta_sub32093,2.3437395795767686,2.4374594283826716,2.3877614267792566,2.736521463094329,2.5392417568547505
66,0.95,Atlanta_sub32093,2.4979669914966776,2.5904925883543948,2.5306234673903756,2.89287870765128,2.717146867651147
67,0.05,Atlanta_sub49816,1.9681309970210954,2.080749947626459,2.0433388953994434,2.3841566868329394,2.0858525126355474
67,0.25,Atlanta_sub49816,2.122358408941006,2.233783107598182,2.1862009360105614,2.540513931389891,2.2637576234319416
67,0.5,Atlanta_sub49816,2.229560264895368,2.34015485155281,2.285502841607554,2.6491962116652,2.387417599461652
67,0.75,Atlanta_sub49816,2.336762120849731,2.446526595507438,2.3848047472045466,2.75787849194051,2.5110775754913615
67,0.95,Atlanta_sub49816,2.49098953276964,2.5995597554791603,2.527666787815665,2.914235736497461,2.6889826862877575
68,0.05,Atlanta_sub52783,2.0035892699028963,2.0803356931583616,2.0762062366215503,2.4085933697368787,2.1453039984865145
68,0.25,Atlanta_sub52783,2.163758655798346,2.234060513270498,2.218727151536194,2.5669194307168164,2.3378549524474193
68,0.5,Atlanta_sub52783,2.275090715523106,2.3409130229322015,2.3177919442404753,2.676970214631979,2.47169510040446
68,0.75,Atlanta_sub52783,2.386422775247866,2.4477655325939045,2.416856736944756,2.7870209985471424,2.6055352483614986
68,0.95,Atlanta_sub52783,2.5465921611433147,2.601490352706041,2.5593776518594,2.94534705952708,2.7980862023224033
69,0.05,Atlanta_sub53122,1.9655484187802978,2.0793410785613555,2.0371721100870497,2.376179649843646,2.081438801382272
69,0.25,Atlanta_sub53122,2.118766531402534,2.232204934073247,2.1807677297625263,2.532417676139519,2.2575109169496543
69,0.5,Atlanta_sub53122,2.225266834004109,2.338458996274097,2.280579538470838,2.641017089052327,2.37989679722648
69,0.75,Atlanta_sub53122,2.3317671366056847,2.444713058474947,2.380391347179149,2.749616501965135,2.502282677503304
69,0.95,Atlanta_sub53122,2.484985249227921,2.597576913986837,2.5239869668546264,2.905854528261008,2.6783547930706884
70,0.05,Atlanta_sub55652,1.9830299716361477,2.0747204709756435,2.058521646698179,2.380090475979085,2.1241785647137017
70,0.25,Atlanta_sub55652,2.1394034798892485,2.2279304368722155,2.2005449515964437,2.536915006715279,2.3069288628171063
70,0.5,Atlanta_sub55652,2.2480970648891243,2.3344250767702537,2.2992638607989972,2.6459220927112646,2.433956677710815
70,0.75,Atlanta_sub55652,2.356790649888999,2.440919716668292,2.3979827700015504,2.7549291787072496,2.5609844926045224
70,0.95,Atlanta_sub55652,2.5131641581421014,2.5941296825648648,2.540006074899816,2.911753709443443,2.7437347907079257
71,0.05,Atlanta_sub58250,1.931677743371564,2.053722698625805,1.9833219855278643,2.2910066820690798,2.049597211773408
71,0.25,Atlanta_sub58250,2.0850104948440116,2.2259656535058974,2.124541045035569,2.437381006573319,2.227227725446917
71,0.5,Atlanta_sub58250,2.1915904817076424,2.3456899243624822,2.2227009317048534,2.539124263855423,2.350696831897432
71,0.75,Atlanta_sub58250,2.298170468571271,2.465414195219067,2.3208608183741384,2.6408675211375274,2.474165938347947
71,0.95,Atlanta_sub58250,2.45150322004372,2.6376571500991592,2.462079877881842,2.787241845641766,2.651796452021456
72,0.05,Atlanta_sub59806,1.9953657609489774,2.0782164293965324,2.0704139119108462,2.398906800538926,2.136965258983471
72,0.25,Atlanta_sub59806,2.154136832649233,2.2315823170152917,2.212548317206793,2.556600726351175,2.3260693168013518
72,0.5,Atlanta_sub59806,2.264496938847276,2.3381853364665752,2.311344451130169,2.666212119743301,2.457513563412359
72,0.75,Atlanta_sub59806,2.374857045045319,2.4447883559178587,2.410140585053545,2.7758235131354274,2.5889578100233646
72,0.95,Atlanta_sub59806,2.5336281167455743,2.5981542435366185,2.552274990349491,2.9335174389476766,2.7780618678412448
73,0.05,Atlanta_sub60499,1.963765933269988,2.078004678890336,2.0310155834458317,2.368647003519343,2.077448386583701
73,0.25,Atlanta_sub60499,2.116020892858934,2.2306621895649896,2.1755165748957204,2.5248269490489057,2.252033488886988
73,0.5,Atlanta_sub60499,2.221851717891953,2.3367728236343357,2.275957698025751,2.633385990630406,2.373385761844882
73,0.75,Atlanta_sub60499,2.3276825429249723,2.4428834577036818,2.376398821155781,2.7419450322119054,2.4947380348027774
73,0.95,Atlanta_sub60499,2.4799375025139176,2.595540968378337,2.5208998126056703,2.89812497774147,2.669323137106064
74,0.05,Atlanta_sub61442,1.9707433919970243,2.0689375117655686,2.0339722630205412,2.3472899746731604,2.1056125679470883
74,0.25,Atlanta_sub61442,2.1229983515859714,2.2215950224402237,2.1784732544704304,2.5034699202027255,2.280197670250377
74,0.5,Atlanta_sub61442,2.2288291766189907,2.3277056565095693,2.2789143776004606,2.6120289617842247,2.4015499432082725
74,0.75,Atlanta_sub61442,2.33466000165201,2.4338162905789154,2.3793555007304907,2.7205880033657244,2.5229022161661665
74,0.95,Atlanta_sub61442,2.4869149612409553,2.58647380125357,2.5238564921803808,2.876767948895289,2.697487318469453
75,0.05,Atlanta_sub61902,1.9883883022219397,2.087283596521297,2.067457232336136,2.420263829385107,2.1088010776200834
75,0.25,Atlanta_sub61902,2.1471593739221966,2.240649484140058,2.2095916376320828,2.5779577551973563,2.2979051354379645
75,0.5,Atlanta_sub61902,2.2575194801202385,2.3472525035913416,2.3083877715554593,2.6875691485894824,2.4293493820489704
75,0.75,Atlanta_sub61902,2.3678795863182813,2.453855523042625,2.407183905478835,2.797180541981608,2.5607936286599755
75,0.95,Atlanta_sub61902,2.5266506580185366,2.6072214106613845,2.549318310774782,2.9548744677938577,2.7498976864778553
76,0.05,Atlanta_sub71337,1.9681309970210954,2.080749947626459,2.0433388953994434,2.3841566868329394,2.0858525126355474
76,0.25,Atlanta_sub71337,2.122358408941006,2.233783107598182,2.1862009360105614,2.540513931389891,2.2637576234319416
76,0.5,Atlanta_sub71337,2.229560264895368,2.34015485155281,2.285502841607554,2.6491962116652,2.387417599461652
76,0.75,Atlanta_sub71337,2.336762120849731,2.446526595507438,2.3848047472045466,2.75787849194051,2.5110775754913615
76,0.95,Atlanta_sub71337,2.49098953276964,2.5995597554791603,2.527666787815665,2.914235736497461,2.6889826862877575
77,0.05,Atlanta_sub72096,1.9883883022219397,2.087283596521297,2.067457232336136,2.420263829385107,2.1088010776200834
77,0.25,Atlanta_sub72096,2.1471593739221966,2.240649484140058,2.2095916376320828,2.5779577551973563,2.2979051354379645
77,0.5,Atlanta_sub72096,2.2575194801202385,2.3472525035913416,2.3083877715554593,2.6875691485894824,2.4293493820489704
77,0.75,Atlanta_sub72096,2.3678795863182813,2.453855523042625,2.407183905478835,2.797180541981608,2.5607936286599755
77,0.95,Atlanta_sub72096,2.5266506580185366,2.6072214106613845,2.549318310774782,2.9548744677938577,2.7498976864778553
78,0.05,Atlanta_sub72971,1.9626932895059426,2.0767388345027085,2.024902644111838,2.361556212245535,2.073858435802113
78,0.25,Atlanta_sub72971,2.1140347560281967,2.229166490051405,2.1704532556242713,2.517728786481754,2.247271180837132
78,0.5,Atlanta_sub72971,2.219230621614438,2.335117354234213,2.271623958647726,2.6262827043545847,2.367808560557597
78,0.75,Atlanta_sub72971,2.3244264872006792,2.4410682184170214,2.372794661671181,2.7348366222274163,2.4883459402780623
78,0.95,Atlanta_sub72971,2.4757679537229333,2.593495873965717,2.5183452731836136,2.8910091964636364,2.6617586853130826
79,0.05,Atlanta_sub75153,1.9692912901280557,2.065341360616808,2.0158977890344785,2.3273295474736124,2.095932947513819
79,0.25,Atlanta_sub75153,2.1189703932707733,2.2172944454048418,2.163870050010415,2.4835998461262467,2.2678313408499586
79,0.5,Atlanta_sub75153,2.223010767512524,2.322915440430856,2.2667240161693063,2.592221691215656,2.387316110592297
79,0.75,Atlanta_sub75153,2.3270511417542736,2.4285364354568704,2.3695779823281966,2.7008435363050665,2.5068008803346347
79,0.95,Atlanta_sub75153,2.4767302448969923,2.580489520244903,2.5175502433041332,2.857113834957702,2.678699273670774
80,0.05,Atlanta_sub76280,1.9953657609489774,2.0782164293965324,2.0704139119108462,2.398906800538926,2.136965258983471
80,0.25,Atlanta_sub76280,2.154136832649233,2.2315823170152917,2.212548317206793,2.556600726351175,2.3260693168013518
80,0.5,Atlanta_sub76280,2.264496938847276,2.3381853364665752,2.311344451130169,2.666212119743301,2.457513563412359
80,0.75,Atlanta_sub76280,2.374857045045319,2.4447883559178587,2.410140585053545,2.7758235131354274,2.5889578100233646
80,0.95,Atlanta_sub76280,2.5336281167455743,2.5981542435366185,2.552274990349491,2.9335174389476766,2.7780618678412448
81,0.05,Atlanta_sub81596,1.932537072653926,2.062794444262839,1.9779188123761373,2.3112485200019903,2.0258629067263616
81,0.25,Atlanta_sub81596,2.084577820995302,2.232775284848385,2.121333501584488,2.458803353152269,2.203190537861446
81,0.5,Atlanta_sub81596,2.1902597500375243,2.350927183791719,2.221019547423324,2.5613671696089733,2.3264491138371817
81,0.75,Atlanta_sub81596,2.2959416790797476,2.4690790827350533,2.32070559326216,2.6639309860656772,2.4497076898129166
81,0.95,Atlanta_sub81596,2.447982427421123,2.639059923320599,2.4641202824705104,2.811485819215956,2.6270353209479977
82,0.05,Atlanta_sub86323,1.9692170980764578,2.0664738737405717,2.021823226573147,2.333546946666513,2.098806135465119
82,0.25,Atlanta_sub86323,2.1196985974857836,2.2186620422767023,2.168540205506246,2.489752882302224,2.2713323088800053
82,0.5,Atlanta_sub86323,2.22429670895414,2.3244464415496466,2.2705216382869065,2.5983299893338314,2.39125344196875
82,0.75,Atlanta_sub86323,2.328894820422498,2.4302308408225906,2.3725030710675665,2.70690709636544,2.511174575057494
82,0.95,Atlanta_sub86323,2.479376319831823,2.582419009358721,2.5192200500006683,2.863113032001151,2.68370074847238
83,0.05,Atlanta_sub91049,1.9688251304719924,2.0546836752488327,1.9690415834709938,2.284889419462241,2.0689725559984744
83,0.25,Atlanta_sub91049,2.116289698573091,2.2144052228887134,2.123351217609808,2.437908744994498,2.2458270892522196
83,0.5,Atlanta_sub91049,2.2187907727411225,2.3254259949405065,2.2306102253658984,2.5442708727753947,2.368756819854128
83,0.75,Atlanta_sub91049,2.3212918469091552,2.4364467669923,2.3378692331219897,2.6506330005562933,2.491686550456037
83,0.95,Atlanta_sub91049,2.468756415010254,2.5961683146321812,2.4921788672608036,2.80365232608855,2.6685410837097834
84,0.05,Baltimore_sub17017,1.9490690324106967,2.1166112629755305,2.1425273654730987,2.4500794347219923,2.0897123102394444
84,0.25,Baltimore_sub17017,2.1092384183061457,2.2703360830876687,2.285048280387743,2.6084054957019296,2.282263264200347
84,0.5,Baltimore_sub17017,2.2205704780309063,2.3771885927493717,2.384113073092024,2.718456279617093,2.4161034121573874
84,0.75,Baltimore_sub17017,2.331902537755666,2.4840411024110747,2.483177865796305,2.8285070635322556,2.5499435601144262
84,0.95,Baltimore_sub17017,2.492071923651115,2.637765922523211,2.6256987807109486,2.986833124512192,2.74249451407533
85,0.05,Baltimore_sub19738,1.9205882182559353,2.107958350318864,2.1126167038257018,2.4042857229718706,2.058425005751863
85,0.25,Baltimore_sub19738,2.074815630175845,2.260991510290586,2.2554787444368203,2.5606429675288225,2.236330116548257
85,0.5,Baltimore_sub19738,2.1820174861302064,2.3673632542452143,2.354780650033813,2.6693252478041325,2.3599900925779687
85,0.75,Baltimore_sub19738,2.2892193420845692,2.473734998199842,2.454082555630806,2.778007528079442,2.483650068607678
85,0.95,Baltimore_sub19738,2.443446754004478,2.626768158171565,2.5969445962419244,2.934364772636393,2.6615551794040737
86,0.05,Baltimore_sub23750,1.9128975377979192,2.1059137153805105,2.052573343976174,2.3654819622526393,2.001780834122129
86,0.25,Baltimore_sub23750,2.0595664606865154,2.257242800213812,2.2071256670078694,2.5221962420247106,2.173550307399815
86,0.5,Baltimore_sub23750,2.161514490214822,2.362430059417964,2.3145533652672414,2.63112669373223,2.2929454661620863
86,0.75,Baltimore_sub23750,2.263462519743127,2.467617318622116,2.421981063526614,2.7400571454397484,2.4123406249243544
86,0.95,Baltimore_sub23750,2.4101314426317257,2.618946403455417,2.5765333865583093,2.89677142521182,2.584110098202043
87,0.05,Baltimore_sub23927,1.9519141181438173,2.1281693223704723,2.145252051133273,2.481129417169325,2.071805449435515
87,0.25,Baltimore_sub23927,2.113680581065223,2.2826213540936715,2.288357333412806,2.6402440785624997,2.2677748763846135
87,0.5,Baltimore_sub23927,2.226122752275051,2.3899793409167094,2.387828313741552,2.7508430103513315,2.4039911690509648
87,0.75,Baltimore_sub23927,2.338564923484878,2.4973373277397473,2.4872992940702985,2.861441942140164,2.5402074617173165
87,0.95,Baltimore_sub23927,2.5003313864062826,2.651789359462945,2.6304045763498323,3.0205566035333384,2.736176888666417
88,0.05,Baltimore_sub29158,1.970483217155198,2.1220534781072136,2.153773781076435,2.469338432725687,2.1126334782614458
88,0.25,Baltimore_sub29158,2.134095657141276,2.277739247265192,2.297643635566626,2.629416128247666,2.31182382417074
88,0.5,Baltimore_sub29158,2.2478209476417597,2.3859547920354345,2.39764606201752,2.7406844549557934,2.450278943814172
88,0.75,Baltimore_sub29158,2.361546238142242,2.494170336805677,2.497648488468414,2.8519527816639205,2.5887340634576046
88,0.95,Baltimore_sub29158,2.5251586781283204,2.6498561059636545,2.6415183429586033,3.0120304771859017,2.7879244093669
89,0.05,Baltimore_sub30072,1.9240601986942598,2.1094406291576964,2.1187595897350033,2.4127085193569755,2.063279566164381
89,0.25,Baltimore_sub30072,2.079340097912047,2.262593097565421,2.2610878777319776,2.569257236082174,2.243398094846143
89,0.5,Baltimore_sub30072,2.1872735267450314,2.3690477715621947,2.360018777486725,2.678072606652809,2.368596594425981
89,0.75,Baltimore_sub30072,2.2952069555780152,2.4755024455589676,2.4589496772414723,2.7868879772234445,2.4937950940058182
89,0.95,Baltimore_sub30072,2.4504868547958,2.628654913966694,2.6012779652384452,2.9434366939486414,2.6739136226875826
90,0.05,Baltimore_sub31837,1.9161382623836287,2.099536871485896,2.0708410994308295,2.3576701018623454,2.0354932046240815
90,0.25,Baltimore_sub31837,2.064401521372034,2.2510890172318865,2.2214759107634205,2.514123417605378,2.2068108419500003
90,0.5,Baltimore_sub31837,2.1674577571963987,2.3564313237362136,2.326180587741174,2.6228724759542055,2.325891934282614
90,0.75,Baltimore_sub31837,2.270513993020763,2.4617736302405406,2.4308852647189276,2.731621534303034,2.4449730266152265
90,0.95,Baltimore_sub31837,2.418777252009171,2.6133257759865303,2.58152007605152,2.888074850046066,2.616290663941145
91,0.05,Baltimore_sub37548,1.9081730520137445,2.11301440431988,2.091223772963387,2.4030422772306474,2.018266747555037
91,0.25,Baltimore_sub37548,2.0595145185359987,2.265442059868575,2.23677438447582,2.5592148514668676,2.1916794925900613
91,0.5,Baltimore_sub37548,2.164710384122238,2.371392924051383,2.337945087499275,2.6677687693396983,2.312216872310525
91,0.75,Baltimore_sub37548,2.26990624970848,2.4773437882341915,2.4391157905227296,2.7763226872125295,2.43275425203099
91,0.95,Baltimore_sub37548,2.421247716230734,2.629771443782887,2.584666402035163,2.9324952614487496,2.6061669970660097
92,0.05,Baltimore_sub52358,1.9234794078133466,2.0946430309564588,2.043342874266009,2.334334169150706,2.0256249979116547
92,0.25,Baltimore_sub52358,2.069267387822603,2.2465177496679174,2.200931897716464,2.491038417165323,2.1988546176807544
92,0.5,Baltimore_sub52358,2.170603083197859,2.352084273256278,2.310470374577486,2.599961895903481,2.3192647089501324
92,0.75,Baltimore_sub52358,2.271938778573114,2.457650796844639,2.420008851438508,2.7088853746416404,2.439674800219511
92,0.95,Baltimore_sub52358,2.4177267585823716,2.609525515556096,2.577597874888963,2.8655896226562567,2.6129044199886113
93,0.05,Baltimore_sub54257,1.9162231545048274,2.1052130815827392,2.10029339187209,2.388776039658274,2.0500208797000177
93,0.25,Baltimore_sub54257,2.0684781140937707,2.257870592257394,2.2447943833219792,2.5449559851878383,2.2246059820033044
93,0.5,Baltimore_sub54257,2.1743089391267914,2.36398122632674,2.34523550645201,2.6535150267693384,2.345958254961199
93,0.75,Baltimore_sub54257,2.2801397641598107,2.4700918603960855,2.44567662958204,2.762074068350838,2.4673105279190937
93,0.95,Baltimore_sub54257,2.4323947237487555,2.62274937107074,2.5901776210319287,2.918254013880403,2.6418956302223804
94,0.05,Baltimore_sub54329,1.9151505107407811,2.103947237195113,2.0941804525380974,2.3816852483844664,2.04643092891843
94,0.25,Baltimore_sub54329,2.066491977263035,2.2563748927438083,2.23973106405053,2.537857822620686,2.2198436739534486
94,0.5,Baltimore_sub54329,2.171687842849276,2.3623257569266167,2.340901767073985,2.6464117404935177,2.340381053673914
94,0.75,Baltimore_sub54329,2.276883708435517,2.468276621109425,2.442072470097439,2.754965658366349,2.4609184333943794
94,0.95,Baltimore_sub54329,2.4282251749577717,2.62070427665812,2.587623081609873,2.911138232602568,2.634331178429399
95,0.05,Baltimore_sub73823,1.9340496728619074,2.112651399537344,2.130837842237054,2.4308467712114465,2.0744828202711108
95,0.25,Baltimore_sub73823,2.0915718328391644,2.2658908426024573,2.272800817745572,2.588046588520462,2.2602704519583243
95,0.5,Baltimore_sub73823,2.201063833601462,2.372405971771088,2.3714777926222546,2.697314532275912,2.3894094855600656
95,0.75,Baltimore_sub73823,2.3105558343637593,2.4789211009397194,2.470154767498938,2.8065824760313607,2.518548519161807
95,0.95,Baltimore_sub73823,2.468077994341016,2.6321605440048303,2.6121177430074556,2.963782293340377,2.704336150849021
96,0.05,Baltimore_sub76160,1.9091608036565901,2.1086040386106624,2.067884419856119,2.3790271307085256,2.0073290232606924
96,0.25,Baltimore_sub76160,2.057424062644996,2.2601561843566533,2.218519231188711,2.535480446451559,2.17864666058661
96,0.5,Baltimore_sub76160,2.160480298469361,2.3654984908609795,2.3232239081664643,2.644229504800387,2.2977277529192244
96,0.75,Baltimore_sub76160,2.2635365342937255,2.4708407973653066,2.427928585144217,2.752978563149215,2.416808845251838
96,0.95,Baltimore_sub76160,2.4117997932821327,2.622392943111298,2.578563396476808,2.909431878892247,2.588126482577756
97,0.05,Baltimore_sub77572,1.9205882182559353,2.107958350318864,2.1126167038257018,2.4042857229718706,2.058425005751863
97,0.25,Baltimore_sub77572,2.074815630175845,2.260991510290586,2.2554787444368203,2.5606429675288225,2.236330116548257
97,0.5,Baltimore_sub77572,2.1820174861302064,2.3673632542452143,2.354780650033813,2.6693252478041325,2.3599900925779687
97,0.75,Baltimore_sub77572,2.2892193420845692,2.473734998199842,2.454082555630806,2.778007528079442,2.483650068607678
97,0.95,Baltimore_sub77572,2.443446754004478,2.626768158171565,2.5969445962419244,2.934364772636393,2.6615551794040737
98,0.05,Baltimore_sub80221,1.9170827399672241,2.1185077962824614,2.1158029101602938,2.434065548203157,2.0351153848009895
98,0.25,Baltimore_sub80221,2.072362639185008,2.2716602646901873,2.2581311981572676,2.5906142649283552,2.215233913482755
98,0.5,Baltimore_sub80221,2.180296068017993,2.378114938686961,2.357062097912015,2.69942963549899,2.3404324130625915
98,0.75,Baltimore_sub80221,2.2882294968509775,2.484569612683734,2.455992997666762,2.8082450060696256,2.465630912642429
98,0.95,Baltimore_sub80221,2.443509396068763,2.6377220810914594,2.598321285663737,2.9647937227948225,2.6457494413241935
99,0.05,Baltimore_sub81887,1.9077935939088169,2.110684097558744,2.0792622383113186,2.390172641304906,2.0121770779033588
99,0.25,Baltimore_sub81887,2.057472697051536,2.262637182346779,2.227234499287255,2.5464429399575415,2.184075471239496
99,0.5,Baltimore_sub81887,2.1615130712932866,2.368258177372793,2.330088465446145,2.6550647850469513,2.303560240981836
99,0.75,Baltimore_sub81887,2.265553445535036,2.4738791723988065,2.432942431605036,2.763686630136361,2.4230450107241728
99,0.95,Baltimore_sub81887,2.415232548677755,2.62583225718684,2.580914692580973,2.9199569287889964,2.594943404060312
100,0.05,Baltimore_sub85922,1.9081730520137445,2.11301440431988,2.091223772963387,2.4030422772306474,2.018266747555037
100,0.25,Baltimore_sub85922,2.0595145185359987,2.265442059868575,2.23677438447582,2.5592148514668676,2.1916794925900613
100,0.5,Baltimore_sub85922,2.164710384122238,2.371392924051383,2.337945087499275,2.6677687693396983,2.312216872310525
100,0.75,Baltimore_sub85922,2.26990624970848,2.4773437882341915,2.4391157905227296,2.7763226872125295,2.43275425203099
100,0.95,Baltimore_sub85922,2.421247716230734,2.629771443782887,2.584666402035163,2.9324952614487496,2.6061669970660097
101,0.05,Baltimore_sub86414,1.9408455234567785,2.114491999213702,2.1367350407623946,2.4403928655240392,2.081373570736398
101,0.25,Baltimore_sub86414,2.0996165951570345,2.267857886832462,2.2788694460583416,2.598086791336289,2.27047762855428
101,0.5,Baltimore_sub86414,2.2099767013550764,2.3744609062837454,2.3776655799817177,2.707698184728415,2.4019218751652867
101,0.75,Baltimore_sub86414,2.3203368075531197,2.4810639257350293,2.4764617139050937,2.8173095781205406,2.5333661217762917
101,0.95,Baltimore_sub86414,2.479107879253374,2.6344298133537896,2.6185961192010407,2.9750035039327902,2.7224701795941724
102,0.05,Baltimore_sub90658,1.9147710526358563,2.101616930433978,2.0822189178860278,2.3688156124587256,2.0403412592667474
102,0.25,Baltimore_sub90658,2.064450155778575,2.2535700152220124,2.230191178861965,2.52508591111136,2.2122396526028862
102,0.5,Baltimore_sub90658,2.1684905300203248,2.3591910102480265,2.333045145020855,2.6337077562007707,2.3317244223452236
102,0.75,Baltimore_sub90658,2.272530904262074,2.4648120052740405,2.435899111179746,2.74232960129018,2.451209192087562
102,0.95,Baltimore_sub90658,2.4222100074047925,2.6167650900620734,2.5838713721556816,2.8985998999428153,2.623107585423701
103,0.05,Baltimore_sub90893,1.922441024253981,2.095324308584788,2.0469825918055053,2.337182674352562,2.026985577080376
103,0.25,Baltimore_sub90893,2.068438729728509,2.246910562492574,2.2037149646344965,2.4939390270373765,2.199657458122247
103,0.5,Baltimore_sub90893,2.1699202030743465,2.3522765772223204,2.312657992636057,2.6028987231851355,2.3196798710538213
103,0.75,Baltimore_sub90893,2.271401676420183,2.4576425919520664,2.4216010206376177,2.711858419332894,2.4397022839853957
103,0.95,Baltimore_sub90893,2.41739938189471,2.6092288458598523,2.5783333934666093,2.8686147720177075,2.6123741650272665
104,0.05,Baltimore_sub91622,1.908304418287449,2.109614094716424,2.073482359108224,2.3843862423394335,2.0096146873222995
104,0.25,Baltimore_sub91622,2.057242775403089,2.2613505341692552,2.22277034604885,2.5407422455274995,2.1811184672911175
104,0.5,Baltimore_sub91622,2.1607682648529263,2.366820941295696,2.326538859521907,2.6494236629403223,2.300328945421901
104,0.75,Baltimore_sub91622,2.2642937543027633,2.4722913484221376,2.430307372994964,2.758105080353144,2.419539423552686
104,0.95,Baltimore_sub91622,2.413232111418404,2.6240277878749696,2.5795953599355905,2.91446108354121,2.591043203521504
105,0.05,Baltimore_sub94042,1.9205882182559353,2.107958350318864,2.1126167038257018,2.4042857229718706,2.058425005751863
105,0.25,Baltimore_sub94042,2.074815630175845,2.260991510290586,2.2554787444368203,2.5606429675288225,2.236330116548257
105,0.5,Baltimore_sub94042,2.1820174861302064,2.3673632542452143,2.354780650033813,2.6693252478041325,2.3599900925779687
105,0.75,Baltimore_sub94042,2.2892193420845692,2.473734998199842,2.454082555630806,2.778007528079442,2.483650068607678
105,0.95,Baltimore_sub94042,2.443446754004478,2.626768158171565,2.5969445962419244,2.934364772636393,2.6615551794040737
106,0.05,Baltimore_sub96234,1.9151505107407811,2.103947237195113,2.0941804525380974,2.3816852483844664,2.04643092891843
106,0.25,Baltimore_sub96234,2.066491977263035,2.2563748927438083,2.23973106405053,2.537857822620686,2.2198436739534486
106,0.5,Baltimore_sub96234,2.171687842849276,2.3623257569266167,2.340901767073985,2.6464117404935177,2.340381053673914
106,0.75,Baltimore_sub96234,2.276883708435517,2.468276621109425,2.442072470097439,2.754965658366349,2.4609184333943794
106,0.95,Baltimore_sub96234,2.4282251749577717,2.62070427665812,2.587623081609873,2.911138232602568,2.634331178429399
107,0.05,Bangor_sub00031,1.981058317509573,2.086289269981343,1.9022910712117695,2.3776119426604274,2.1520583091798002
107,0.25,Bangor_sub00031,2.1333132770985173,2.238946780655997,2.04679206266166,2.5337918881899903,2.3266434114830865
107,0.5,Bangor_sub00031,2.239144102131537,2.3450574147253436,2.147233185791689,2.6423509297714904,2.447995684440981
107,0.75,Bangor_sub00031,2.3449749271645564,2.451168048794689,2.24767430892172,2.75090997135299,2.569347957398876
107,0.95,Bangor_sub00031,2.4972298867535017,2.6038255594693425,2.392175300371609,2.9070899168825552,2.743933059702163
108,0.05,Bangor_sub01903,2.023726739875602,2.10017834364431,1.9502064100476635,2.448608291325297,2.202007060278685
108,0.25,Bangor_sub01903,2.1854932027970073,2.2546303753675083,2.0933116923271955,2.6077229527184707,2.3979764872277856
108,0.5,Bangor_sub01903,2.2979353740068342,2.361988362190546,2.192782672655942,2.7183218845073025,2.5341927798941364
108,0.75,Bangor_sub01903,2.410377545216662,2.469346349013584,2.2922536529846886,2.828920816296135,2.670409072560488
108,0.95,Bangor_sub01903,2.572144008138066,2.6237983807367824,2.4353589352642206,2.9880354776893077,2.866378499509587
109,0.05,Bangor_sub03557,2.023726739875602,2.10017834364431,1.9502064100476635,2.448608291325297,2.202007060278685
109,0.25,Bangor_sub03557,2.1854932027970073,2.2546303753675083,2.0933116923271955,2.6077229527184707,2.3979764872277856
109,0.5,Bangor_sub03557,2.2979353740068342,2.361988362190546,2.192782672655942,2.7183218845073025,2.5341927798941364
109,0.75,Bangor_sub03557,2.410377545216662,2.469346349013584,2.2922536529846886,2.828920816296135,2.670409072560488
109,0.95,Bangor_sub03557,2.572144008138066,2.6237983807367824,2.4353589352642206,2.9880354776893077,2.866378499509587
110,0.05,Bangor_sub04097,1.9833601448478024,2.078764396565965,1.8623432266577646,2.337056524140427,2.1336490774619468
110,0.25,Bangor_sub04097,2.130485226870154,2.2300995636691368,2.0156423023771235,2.4936993332189195,2.3051234910347445
110,0.5,Bangor_sub04097,2.2327503278265546,2.335291050595265,2.122198881578088,2.602580106397163,2.4243135568917507
110,0.75,Bangor_sub04097,2.3350154287829543,2.440482537521393,2.228755460779052,2.7114608795754065,2.5435036227487586
110,0.95,Bangor_sub04097,2.482140510805306,2.5918177046245656,2.3820545364984103,2.8681036886538984,2.7149780363215554
111,0.05,Bangor_sub14388,2.023726739875602,2.10017834364431,1.9502064100476635,2.448608291325297,2.202007060278685
111,0.25,Bangor_sub14388,2.1854932027970073,2.2546303753675083,2.0933116923271955,2.6077229527184707,2.3979764872277856
111,0.5,Bangor_sub14388,2.2979353740068342,2.361988362190546,2.192782672655942,2.7183218845073025,2.5341927798941364
111,0.75,Bangor_sub14388,2.410377545216662,2.469346349013584,2.2922536529846886,2.828920816296135,2.670409072560488
111,0.95,Bangor_sub14388,2.572144008138066,2.6237983807367824,2.4353589352642206,2.9880354776893077,2.866378499509587
112,0.05,Bangor_sub27519,2.035318380159943,2.1031296665058177,1.9557714604161147,2.4581743357278385,2.214670907741226
112,0.25,Bangor_sub27519,2.1989308201460225,2.258815435663796,2.099641314906306,2.618252031249818,2.413861253650523
112,0.5,Bangor_sub27519,2.3126561106465053,2.3670309804340377,2.1996437413571996,2.7295203579579455,2.5523163732939547
112,0.75,Bangor_sub27519,2.426381401146988,2.4752465252042803,2.2996461678080937,2.8407886846660735,2.690771492937387
112,0.95,Bangor_sub27519,2.5899938411330665,2.630932294362258,2.443516022298285,3.000866380188052,2.889961838846683
113,0.05,Bangor_sub36736,2.013904195415444,2.0976874513741346,1.9445250448127789,2.4389153377241444,2.191749739719225
113,0.25,Bangor_sub36736,2.174073581310892,2.2514122714862723,2.0870459597274227,2.5972413987040817,2.38430069368013
113,0.5,Bangor_sub36736,2.285405641035652,2.3582647811479753,2.186110752431704,2.707292182619245,2.518140841637169
113,0.75,Bangor_sub36736,2.3967377007604123,2.465117290809679,2.285175545135985,2.8173429665344076,2.6519809895942084
113,0.95,Bangor_sub36736,2.5569070866558605,2.6188421109218156,2.4276964600506283,2.9756690275143454,2.8445319435551117
114,0.05,Bangor_sub46870,1.9828408030198814,2.0876256696523634,1.9084475978529885,2.3851445889847303,2.1560487239783677
114,0.25,Bangor_sub46870,2.1360589156421175,2.2404895251642545,2.0520432175284653,2.541382615280604,2.3321208395457527
114,0.5,Bangor_sub46870,2.2425592182436933,2.346743587365104,2.1518550262367766,2.6499820281934117,2.454506719822578
114,0.75,Bangor_sub46870,2.3490595208452687,2.4529976495659542,2.251666834945088,2.75858144110622,2.5768926000994026
114,0.95,Bangor_sub46870,2.5022776334675045,2.6058615050778444,2.395262454620565,2.9148194674020926,2.752964715666787
115,0.05,Bangor_sub48632,2.013904195415444,2.0976874513741346,1.9445250448127789,2.4389153377241444,2.191749739719225
115,0.25,Bangor_sub48632,2.174073581310892,2.2514122714862723,2.0870459597274227,2.5972413987040817,2.38430069368013
115,0.5,Bangor_sub48632,2.285405641035652,2.3582647811479753,2.186110752431704,2.707292182619245,2.518140841637169
115,0.75,Bangor_sub48632,2.3967377007604123,2.465117290809679,2.285175545135985,2.8173429665344076,2.6519809895942084
115,0.95,Bangor_sub48632,2.5569070866558605,2.6188421109218156,2.4276964600506283,2.9756690275143454,2.8445319435551117
116,0.05,Bangor_sub61418,2.023726739875602,2.10017834364431,1.9502064100476635,2.448608291325297,2.202007060278685
116,0.25,Bangor_sub61418,2.1854932027970073,2.2546303753675083,2.0933116923271955,2.6077229527184707,2.3979764872277856
116,0.5,Bangor_sub61418,2.2979353740068342,2.361988362190546,2.192782672655942,2.7183218845073025,2.5341927798941364
116,0.75,Bangor_sub61418,2.410377545216662,2.469346349013584,2.2922536529846886,2.828920816296135,2.670409072560488
116,0.95,Bangor_sub61418,2.572144008138066,2.6237983807367824,2.4353589352642206,2.9880354776893077,2.866378499509587
117,0.05,Bangor_sub61908,2.013904195415444,2.0976874513741346,1.9445250448127789,2.4389153377241444,2.191749739719225
117,0.25,Bangor_sub61908,2.174073581310892,2.2514122714862723,2.0870459597274227,2.5972413987040817,2.38430069368013
117,0.5,Bangor_sub61908,2.285405641035652,2.3582647811479753,2.186110752431704,2.707292182619245,2.518140841637169
117,0.75,Bangor_sub61908,2.3967377007604123,2.465117290809679,2.285175545135985,2.8173429665344076,2.6519809895942084
117,0.95,Bangor_sub61908,2.5569070866558605,2.6188421109218156,2.4276964600506283,2.9756690275143454,2.8445319435551117
118,0.05,Bangor_sub63767,2.048846000480145,2.1066201036197576,1.961214579579656,2.4674797647967583,2.2302437988729618
118,0.25,Bangor_sub63767,2.2146053284876337,2.2641903519974815,2.1060117121692676,2.628713140002699,2.4322797828825617
118,0.5,Bangor_sub63767,2.329822898327803,2.373715778502426,2.206658679898566,2.7407847675343784,2.5727128757146085
118,0.75,Bangor_sub63767,2.4450404681679716,2.4832412050073707,2.307305647627864,2.8528563950660586,2.7131459685466544
118,0.95,Bangor_sub63767,2.61079979617546,2.640811453385095,2.452102780217476,3.0140897702719993,2.915181952556254
119,0.05,Bangor_sub66585,2.048846000480145,2.1066201036197576,1.961214579579656,2.4674797647967583,2.2302437988729618
119,0.25,Bangor_sub66585,2.2146053284876337,2.2641903519974815,2.1060117121692676,2.628713140002699,2.4322797828825617
119,0.5,Bangor_sub66585,2.329822898327803,2.373715778502426,2.206658679898566,2.7407847675343784,2.5727128757146085
119,0.75,Bangor_sub66585,2.4450404681679716,2.4832412050073707,2.307305647627864,2.8528563950660586,2.7131459685466544
119,0.95,Bangor_sub66585,2.61079979617546,2.640811453385095,2.452102780217476,3.0140897702719993,2.915181952556254
120,0.05,Bangor_sub68050,2.0056806864615258,2.095568187612305,1.9387327201020748,2.4292287685261917,2.183411000216182
120,0.25,Bangor_sub68050,2.164451758161779,2.248934075231065,2.080867125398022,2.586922694338441,2.3725150580340633
120,0.5,Bangor_sub68050,2.274811864359822,2.355537094682349,2.179663259321398,2.6965340877305666,2.5039593046450683
120,0.75,Bangor_sub68050,2.3851719705578653,2.4621401141336325,2.278459393244774,2.8061454811226927,2.635403551256074
120,0.95,Bangor_sub68050,2.543943042258121,2.615506001752393,2.420593798540721,2.963839406934942,2.8245076090739536
121,0.05,Bangor_sub73082,2.048846000480145,2.1066201036197576,1.961214579579656,2.4674797647967583,2.2302437988729618
121,0.25,Bangor_sub73082,2.2146053284876337,2.2641903519974815,2.1060117121692676,2.628713140002699,2.4322797828825617
121,0.5,Bangor_sub73082,2.329822898327803,2.373715778502426,2.206658679898566,2.7407847675343784,2.5727128757146085
121,0.75,Bangor_sub73082,2.4450404681679716,2.4832412050073707,2.307305647627864,2.8528563950660586,2.7131459685466544
121,0.95,Bangor_sub73082,2.61079979617546,2.640811453385095,2.452102780217476,3.0140897702719993,2.915181952556254
122,0.05,Bangor_sub77520,2.0056806864615258,2.095568187612305,1.9387327201020748,2.4292287685261917,2.183411000216182
122,0.25,Bangor_sub77520,2.164451758161779,2.248934075231065,2.080867125398022,2.586922694338441,2.3725150580340633
122,0.5,Bangor_sub77520,2.274811864359822,2.355537094682349,2.179663259321398,2.6965340877305666,2.5039593046450683
122,0.75,Bangor_sub77520,2.3851719705578653,2.4621401141336325,2.278459393244774,2.8061454811226927,2.635403551256074
122,0.95,Bangor_sub77520,2.543943042258121,2.615506001752393,2.420593798540721,2.963839406934942,2.8245076090739536
123,0.05,Bangor_sub81464,1.9860451760632962,2.0771349254064013,1.8530582243634703,2.329281927583454,2.1304518515621456
123,0.25,Bangor_sub81464,2.1323373801229613,2.228543480609217,2.0087665507751034,2.4860377898814794,2.3026286694274694
123,0.5,Bangor_sub81464,2.234023556345605,2.333785978833459,2.1169977748557023,2.5949971451665257,2.422306969138963
123,0.75,Bangor_sub81464,2.335709732568249,2.4390284770577004,2.225228998936303,2.703956500451573,2.5419852688504556
123,0.95,Bangor_sub81464,2.4820019366279125,2.5904370322605175,2.380937325347935,2.8607123627495983,2.7141620867157785
124,0.05,Bangor_sub82625,2.023726739875602,2.10017834364431,1.9502064100476635,2.448608291325297,2.202007060278685
124,0.25,Bangor_sub82625,2.1854932027970073,2.2546303753675083,2.0933116923271955,2.6077229527184707,2.3979764872277856
124,0.5,Bangor_sub82625,2.2979353740068342,2.361988362190546,2.192782672655942,2.7183218845073025,2.5341927798941364
124,0.75,Bangor_sub82625,2.410377545216662,2.469346349013584,2.2922536529846886,2.828920816296135,2.670409072560488
124,0.95,Bangor_sub82625,2.572144008138066,2.6237983807367824,2.4353589352642206,2.9880354776893077,2.866378499509587
125,0.05,Bangor_sub87568,2.023726739875602,2.10017834364431,1.9502064100476635,2.448608291325297,2.202007060278685
125,0.25,Bangor_sub87568,2.1854932027970073,2.2546303753675083,2.0933116923271955,2.6077229527184707,2.3979764872277856
125,0.5,Bangor_sub87568,2.2979353740068342,2.361988362190546,2.192782672655942,2.7183218845073025,2.5341927798941364
125,0.75,Bangor_sub87568,2.410377545216662,2.469346349013584,2.2922536529846886,2.828920816296135,2.670409072560488
125,0.95,Bangor_sub87568,2.572144008138066,2.6237983807367824,2.4353589352642206,2.9880354776893077,2.866378499509587
126,0.05,Bangor_sub91556,2.013904195415444,2.0976874513741346,1.9445250448127789,2.4389153377241444,2.191749739719225
126,0.25,Bangor_sub91556,2.174073581310892,2.2514122714862723,2.0870459597274227,2.5972413987040817,2.38430069368013
126,0.5,Bangor_sub91556,2.285405641035652,2.3582647811479753,2.186110752431704,2.707292182619245,2.518140841637169
126,0.75,Bangor_sub91556,2.3967377007604123,2.465117290809679,2.285175545135985,2.8173429665344076,2.6519809895942084
126,0.95,Bangor_sub91556,2.5569070866558605,2.6188421109218156,2.4276964600506283,2.9756690275143454,2.8445319435551117
127,0.05,Beijing_Zang_sub00440,2.089529189955266,2.1517642557728553,2.118177561325985,2.3682645761593473,2.3168701879270435
127,0.25,Beijing_Zang_sub00440,2.2470513499325224,2.3050036988379685,2.260140536834503,2.5254643934683627,2.502657819614257
127,0.5,Beijing_Zang_sub00440,2.35654335069482,2.4115188280066,2.358817511711186,2.634732337223812,2.6317968532159983
127,0.75,Beijing_Zang_sub00440,2.4660353514571174,2.5180339571752306,2.457494486587869,2.7440002809792614,2.76093588681774
127,0.95,Beijing_Zang_sub00440,2.623557511434374,2.671273400240342,2.599457462096387,2.9012000982882764,2.9467235185049536
128,0.05,Beijing_Zang_sub01018,2.148137402250225,2.1778137774296247,2.1489134329162645,2.44632745828269,2.3614229678933802
128,0.25,Beijing_Zang_sub01018,2.3164000669052385,2.3380743154033254,2.294784276701262,2.608928753919823,2.5657462960770134
128,0.5,Beijing_Zang_sub01018,2.4333576797854386,2.4494697339813603,2.396177569817671,2.721951208591736,2.7077692978468444
128,0.75,Beijing_Zang_sub01018,2.550315292665639,2.560865152559395,2.497570862934079,2.8349736632636495,2.8497922996166745
128,0.95,Beijing_Zang_sub01018,2.718577957320653,2.7211256905330954,2.6434417067190767,2.997574958900782,3.0541156278003063
129,0.05,Beijing_Zang_sub01244,2.083989251237305,2.150108897028323,2.1121824946386587,2.3589943459121,2.3109742441225625
129,0.25,Beijing_Zang_sub01244,2.2403627594904076,2.3033188629248973,2.2542057995369245,2.5158188766482934,2.493724542225967
129,0.5,Beijing_Zang_sub01244,2.3490563444902826,2.4098135028229355,2.352924708739477,2.6248259626442785,2.6207523571196742
129,0.75,Beijing_Zang_sub01244,2.4577499294901575,2.516308142720974,2.4516436179420302,2.733833048640264,2.747780172013382
129,0.95,Beijing_Zang_sub01244,2.614123437743259,2.669518108617547,2.5936669228402947,2.890657579376458,2.9305304701167856
130,0.05,Beijing_Zang_sub02403,2.1189852755215184,2.1702335014674916,2.138156820590656,2.4281132665197678,2.3268566645539868
130,0.25,Beijing_Zang_sub02403,2.282597715507597,2.32591927062547,2.282026675080847,2.588190962041747,2.526047010463284
130,0.5,Beijing_Zang_sub02403,2.39632300600808,2.434134815395712,2.3820291015317414,2.6994592887498747,2.6645021301067158
130,0.75,Beijing_Zang_sub02403,2.510048296508563,2.5423503601659547,2.4820315279826355,2.8107276154580028,2.8029572497501487
130,0.95,Beijing_Zang_sub02403,2.6736607364946408,2.6980361293239326,2.625901382472827,2.970805310979981,3.0021475956594452
131,0.05,Beijing_Zang_sub04050,2.114371093964215,2.1582150114812175,2.1355484497969144,2.3971901932710438,2.3423569984548362
131,0.25,Beijing_Zang_sub04050,2.276137556885619,2.3126670432044163,2.2786537320764464,2.5563048546642193,2.5383264254039353
131,0.5,Beijing_Zang_sub04050,2.3885797280954466,2.420025030027454,2.378124712405193,2.666903786453051,2.674542718070287
131,0.75,Beijing_Zang_sub04050,2.501021899305274,2.5273830168504925,2.4775956927339395,2.7775027182418834,2.810759010736638
131,0.95,Beijing_Zang_sub04050,2.662788362226679,2.6818350485736904,2.620700975013472,2.936617379635057,3.0067284376857377
132,0.05,Beijing_Zang_sub04191,2.082551731228228,2.1608314228976226,2.1152208817512745,2.3896216050055283,2.288706006563654
132,0.25,Beijing_Zang_sub04191,2.2400738912054847,2.314070865962735,2.257183857259793,2.5468214223145442,2.4744936382508675
132,0.5,Beijing_Zang_sub04191,2.349565891967782,2.420585995131366,2.355860832136476,2.656089366069993,2.6036326718526093
132,0.75,Beijing_Zang_sub04191,2.4590578927300797,2.5271011242999974,2.454537807013159,2.7653573098254425,2.7327717054543506
132,0.95,Beijing_Zang_sub04191,2.6165800527073357,2.68034056736511,2.5965007825216775,2.9225571271344584,2.9185593371415646
133,0.05,Beijing_Zang_sub05267,2.1394903545687574,2.164656771456664,2.146556619328907,2.416061666742505,2.370593737049113
133,0.25,Beijing_Zang_sub05267,2.305249682576246,2.322227019834389,2.2913537519185194,2.5772950419484473,2.5726297210587123
133,0.5,Beijing_Zang_sub05267,2.4204672524164152,2.431752446339334,2.3920007196478172,2.689366669480127,2.713062813890759
133,0.75,Beijing_Zang_sub05267,2.535684822256584,2.541277872844278,2.492647687377115,2.8014382970118064,2.853495906722806
133,0.95,Beijing_Zang_sub05267,2.7014441502640727,2.698848121222003,2.6374448199667277,2.9626716722177466,3.055531890732404
134,0.05,Beijing_Zang_sub06880,2.148137402250225,2.1778137774296247,2.1489134329162645,2.44632745828269,2.3614229678933802
134,0.25,Beijing_Zang_sub06880,2.3164000669052385,2.3380743154033254,2.294784276701262,2.608928753919823,2.5657462960770134
134,0.5,Beijing_Zang_sub06880,2.4333576797854386,2.4494697339813603,2.396177569817671,2.721951208591736,2.7077692978468444
134,0.75,Beijing_Zang_sub06880,2.550315292665639,2.560865152559395,2.497570862934079,2.8349736632636495,2.8497922996166745
134,0.95,Beijing_Zang_sub06880,2.718577957320653,2.7211256905330954,2.6434417067190767,2.997574958900782,3.0541156278003063
135,0.05,Beijing_Zang_sub06899,2.1394903545687574,2.164656771456664,2.146556619328907,2.416061666742505,2.370593737049113
135,0.25,Beijing_Zang_sub06899,2.305249682576246,2.322227019834389,2.2913537519185194,2.5772950419484473,2.5726297210587123
135,0.5,Beijing_Zang_sub06899,2.4204672524164152,2.431752446339334,2.3920007196478172,2.689366669480127,2.713062813890759
135,0.75,Beijing_Zang_sub06899,2.535684822256584,2.541277872844278,2.492647687377115,2.8014382970118064,2.853495906722806
135,0.95,Beijing_Zang_sub06899,2.7014441502640727,2.698848121222003,2.6374448199667277,2.9626716722177466,3.055531890732404
136,0.05,Beijing_Zang_sub07144,2.1189852755215184,2.1702335014674916,2.138156820590656,2.4281132665197678,2.3268566645539868
136,0.25,Beijing_Zang_sub07144,2.282597715507597,2.32591927062547,2.282026675080847,2.588190962041747,2.526047010463284
136,0.5,Beijing_Zang_sub07144,2.39632300600808,2.434134815395712,2.3820291015317414,2.6994592887498747,2.6645021301067158
136,0.75,Beijing_Zang_sub07144,2.510048296508563,2.5423503601659547,2.4820315279826355,2.8107276154580028,2.8029572497501487
136,0.95,Beijing_Zang_sub07144,2.6736607364946408,2.6980361293239326,2.625901382472827,2.970805310979981,3.0021475956594452
137,0.05,Beijing_Zang_sub07716,2.089347581823099,2.1626720225739793,2.1211180802766165,2.399167699318121,2.295596757028943
137,0.25,Beijing_Zang_sub07716,2.2481186535233544,2.3160379101927395,2.263252485572563,2.55686162513037,2.484700814846823
137,0.5,Beijing_Zang_sub07716,2.358478759721397,2.4226409296440234,2.3620486194959396,2.6664730185224963,2.6161450614578294
137,0.75,Beijing_Zang_sub07716,2.46883886591944,2.529243949095307,2.460844753419315,2.7760844119146224,2.7475893080688354
137,0.95,Beijing_Zang_sub07716,2.6276099376196957,2.682609836714067,2.602979158715263,2.9337783377268716,2.9366933658867156
138,0.05,Beijing_Zang_sub07717,2.104548549504056,2.1557241192110435,2.12986708456203,2.387497239669894,2.3320996778953744
138,0.25,Beijing_Zang_sub07717,2.2647179353995046,2.3094489393231803,2.2723879994766745,2.54582330064983,2.5246506318562805
138,0.5,Beijing_Zang_sub07717,2.3760499951242644,2.416301448984883,2.3714527921809556,2.655874084564993,2.6584907798133193
138,0.75,Beijing_Zang_sub07717,2.487382054849025,2.5231539586465863,2.4705175848852363,2.7659248684801563,2.792330927770358
138,0.95,Beijing_Zang_sub07717,2.6475514407444734,2.6768787787587236,2.61303849979988,2.924250929460093,2.984881881731263
139,0.05,Beijing_Zang_sub08001,2.114371093964215,2.1582150114812175,2.1355484497969144,2.3971901932710438,2.3423569984548362
139,0.25,Beijing_Zang_sub08001,2.276137556885619,2.3126670432044163,2.2786537320764464,2.5563048546642193,2.5383264254039353
139,0.5,Beijing_Zang_sub08001,2.3885797280954466,2.420025030027454,2.378124712405193,2.666903786453051,2.674542718070287
139,0.75,Beijing_Zang_sub08001,2.501021899305274,2.5273830168504925,2.4775956927339395,2.7775027182418834,2.810759010736638
139,0.95,Beijing_Zang_sub08001,2.662788362226679,2.6818350485736904,2.620700975013472,2.936617379635057,3.0067284376857377
140,0.05,Beijing_Zang_sub08251,2.082551731228228,2.1608314228976226,2.1152208817512745,2.3896216050055283,2.288706006563654
140,0.25,Beijing_Zang_sub08251,2.2400738912054847,2.314070865962735,2.257183857259793,2.5468214223145442,2.4744936382508675
140,0.5,Beijing_Zang_sub08251,2.349565891967782,2.420585995131366,2.355860832136476,2.656089366069993,2.6036326718526093
140,0.75,Beijing_Zang_sub08251,2.4590578927300797,2.5271011242999974,2.454537807013159,2.7653573098254425,2.7327717054543506
140,0.95,Beijing_Zang_sub08251,2.6165800527073357,2.68034056736511,2.5965007825216775,2.9225571271344584,2.9185593371415646
141,0.05,Beijing_Zang_sub08455,2.0770117925102682,2.1591760641530904,2.109225815063949,2.3803513747582814,2.282810062759173
141,0.25,Beijing_Zang_sub08455,2.2333853007633704,2.3123860300496633,2.2512491199622144,2.537175905494474,2.465560360862578
141,0.5,Beijing_Zang_sub08455,2.342078885763245,2.418880669947702,2.3499680291647675,2.6461829914904595,2.592588175756285
141,0.75,Beijing_Zang_sub08455,2.4507724707631198,2.52537530984574,2.448686938367321,2.755190077486445,2.719615990649993
141,0.95,Beijing_Zang_sub08455,2.607145979016223,2.6785852757423143,2.590710243265586,2.9120146082226386,2.902366288753396
142,0.05,Beijing_Zang_sub08816,2.114371093964215,2.1582150114812175,2.1355484497969144,2.3971901932710438,2.3423569984548362
142,0.25,Beijing_Zang_sub08816,2.276137556885619,2.3126670432044163,2.2786537320764464,2.5563048546642193,2.5383264254039353
142,0.5,Beijing_Zang_sub08816,2.3885797280954466,2.420025030027454,2.378124712405193,2.666903786453051,2.674542718070287
142,0.75,Beijing_Zang_sub08816,2.501021899305274,2.5273830168504925,2.4775956927339395,2.7775027182418834,2.810759010736638
142,0.95,Beijing_Zang_sub08816,2.662788362226679,2.6818350485736904,2.620700975013472,2.936617379635057,3.0067284376857377
143,0.05,Beijing_Zang_sub08992,2.1259627342485565,2.1611663343427256,2.1411135001653663,2.406756237673588,2.3550208459173767
143,0.25,Beijing_Zang_sub08992,2.289575174234634,2.316852103500703,2.284983354655557,2.5668339331955665,2.5542111918266728
143,0.5,Beijing_Zang_sub08992,2.4033004647351177,2.425067648270946,2.3849857811064514,2.678102259903694,2.692666311470105
143,0.75,Beijing_Zang_sub08992,2.5170257552356,2.533283193041188,2.4849882075573455,2.7893705866118217,2.831121431113537
143,0.95,Beijing_Zang_sub08992,2.6806381952216793,2.6889689621991657,2.6288580620475366,2.9494482821338,3.030311777022834
144,0.05,Beijing_Zang_sub10186,2.132512895841719,2.1737239385814306,2.143599939754198,2.437418695588687,2.3424295556857224
144,0.25,Beijing_Zang_sub10186,2.298272223849208,2.3312941869591555,2.2883970723438094,2.5986520707946283,2.5444655396953233
144,0.5,Beijing_Zang_sub10186,2.4134897936893775,2.4408196134641003,2.3890440400731077,2.7107236983263077,2.6848986325273696
144,0.75,Beijing_Zang_sub10186,2.5287073635295463,2.550345039969044,2.489691007802406,2.822795325857987,2.8253317253594155
144,0.95,Beijing_Zang_sub10186,2.694466691537036,2.707915288346769,2.6344881403920173,2.984028701063928,3.0273677093690154
145,0.05,Beijing_Zang_sub10277,2.104548549504056,2.1557241192110435,2.12986708456203,2.387497239669894,2.3320996778953744
145,0.25,Beijing_Zang_sub10277,2.2647179353995046,2.3094489393231803,2.2723879994766745,2.54582330064983,2.5246506318562805
145,0.5,Beijing_Zang_sub10277,2.3760499951242644,2.416301448984883,2.3714527921809556,2.655874084564993,2.6584907798133193
145,0.75,Beijing_Zang_sub10277,2.487382054849025,2.5231539586465863,2.4705175848852363,2.7659248684801563,2.792330927770358
145,0.95,Beijing_Zang_sub10277,2.6475514407444734,2.6768787787587236,2.61303849979988,2.924250929460093,2.984881881731263
146,0.05,Beijing_Zang_sub10869,2.096325040550137,2.153604855449213,2.1240747598513265,2.37781067047194,2.323760938392333
146,0.25,Beijing_Zang_sub10869,2.2550961122503916,2.306970743067973,2.266209165147273,2.5355045962841896,2.512864996210212
146,0.5,Beijing_Zang_sub10869,2.365456218448435,2.413573762519257,2.365005299070649,2.645115989676315,2.6443092428212185
146,0.75,Beijing_Zang_sub10869,2.4758163246464773,2.52017678197054,2.463801432994025,2.7547273830684413,2.775753489432224
146,0.95,Beijing_Zang_sub10869,2.634587396346733,2.6735426695893008,2.6059358382899727,2.9124213088806896,2.964857547250103
147,0.05,Beijing_Zang_sub10973,2.107393635237176,2.167282178605984,2.132591770222204,2.4185472221172257,2.3141928170914454
147,0.25,Beijing_Zang_sub10973,2.269160098158581,2.3217342103291827,2.275697052501737,2.5776618835104,2.5101622440405467
147,0.5,Beijing_Zang_sub10973,2.381602269368409,2.4290921971522206,2.375168032830483,2.688260815299232,2.646378536706898
147,0.75,Beijing_Zang_sub10973,2.4940444405782363,2.5364501839752585,2.4746390131592304,2.798859747088064,2.7825948293732496
147,0.95,Beijing_Zang_sub10973,2.6558109034996407,2.690902215698456,2.6177442954387615,2.957974408481237,2.9785642563223496
148,0.05,Beijing_Zang_sub11072,2.083989251237305,2.150108897028323,2.1121824946386587,2.3589943459121,2.3109742441225625
148,0.25,Beijing_Zang_sub11072,2.2403627594904076,2.3033188629248973,2.2542057995369245,2.5158188766482934,2.493724542225967
148,0.5,Beijing_Zang_sub11072,2.3490563444902826,2.4098135028229355,2.352924708739477,2.6248259626442785,2.6207523571196742
148,0.75,Beijing_Zang_sub11072,2.4577499294901575,2.516308142720974,2.4516436179420302,2.733833048640264,2.747780172013382
148,0.95,Beijing_Zang_sub11072,2.614123437743259,2.669518108617547,2.5936669228402947,2.890657579376458,2.9305304701167856
149,0.05,Beijing_Zang_sub11344,2.114371093964215,2.1582150114812175,2.1355484497969144,2.3971901932710438,2.3423569984548362
149,0.25,Beijing_Zang_sub11344,2.276137556885619,2.3126670432044163,2.2786537320764464,2.5563048546642193,2.5383264254039353
149,0.5,Beijing_Zang_sub11344,2.3885797280954466,2.420025030027454,2.378124712405193,2.666903786453051,2.674542718070287
149,0.75,Beijing_Zang_sub11344,2.501021899305274,2.5273830168504925,2.4775956927339395,2.7775027182418834,2.810759010736638
149,0.95,Beijing_Zang_sub11344,2.662788362226679,2.6818350485736904,2.620700975013472,2.936617379635057,3.0067284376857377
150,0.05,Beijing_Zang_sub12220,2.104548549504056,2.1557241192110435,2.12986708456203,2.387497239669894,2.3320996778953744
150,0.25,Beijing_Zang_sub12220,2.2647179353995046,2.3094489393231803,2.2723879994766745,2.54582330064983,2.5246506318562805
150,0.5,Beijing_Zang_sub12220,2.3760499951242644,2.416301448984883,2.3714527921809556,2.655874084564993,2.6584907798133193
150,0.75,Beijing_Zang_sub12220,2.487382054849025,2.5231539586465863,2.4705175848852363,2.7659248684801563,2.792330927770358
150,0.95,Beijing_Zang_sub12220,2.6475514407444734,2.6768787787587236,2.61303849979988,2.924250929460093,2.984881881731263
151,0.05,Beijing_Zang_sub14238,2.1189852755215184,2.1702335014674916,2.138156820590656,2.4281132665197678,2.3268566645539868
151,0.25,Beijing_Zang_sub14238,2.282597715507597,2.32591927062547,2.282026675080847,2.588190962041747,2.526047010463284
151,0.5,Beijing_Zang_sub14238,2.39632300600808,2.434134815395712,2.3820291015317414,2.6994592887498747,2.6645021301067158
151,0.75,Beijing_Zang_sub14238,2.510048296508563,2.5423503601659547,2.4820315279826355,2.8107276154580028,2.8029572497501487
151,0.95,Beijing_Zang_sub14238,2.6736607364946408,2.6980361293239326,2.625901382472827,2.970805310979981,3.0021475956594452
152,0.05,Beijing_Zang_sub15441,2.1394903545687574,2.164656771456664,2.146556619328907,2.416061666742505,2.370593737049113
152,0.25,Beijing_Zang_sub15441,2.305249682576246,2.322227019834389,2.2913537519185194,2.5772950419484473,2.5726297210587123
152,0.5,Beijing_Zang_sub15441,2.4204672524164152,2.431752446339334,2.3920007196478172,2.689366669480127,2.713062813890759
152,0.75,Beijing_Zang_sub15441,2.535684822256584,2.541277872844278,2.492647687377115,2.8014382970118064,2.853495906722806
152,0.95,Beijing_Zang_sub15441,2.7014441502640727,2.698848121222003,2.6374448199667277,2.9626716722177466,3.055531890732404
153,0.05,Beijing_Zang_sub16091,2.096325040550137,2.153604855449213,2.1240747598513265,2.37781067047194,2.323760938392333
153,0.25,Beijing_Zang_sub16091,2.2550961122503916,2.306970743067973,2.266209165147273,2.5355045962841896,2.512864996210212
153,0.5,Beijing_Zang_sub16091,2.365456218448435,2.413573762519257,2.365005299070649,2.645115989676315,2.6443092428212185
153,0.75,Beijing_Zang_sub16091,2.4758163246464773,2.52017678197054,2.463801432994025,2.7547273830684413,2.775753489432224
153,0.95,Beijing_Zang_sub16091,2.634587396346733,2.6735426695893008,2.6059358382899727,2.9124213088806896,2.964857547250103
154,0.05,Beijing_Zang_sub16943,2.079539715787619,2.1485534853932062,2.1060993088239353,2.350126324304877,2.305666933820313
154,0.25,Beijing_Zang_sub16943,2.2348196150054047,2.3017059538009326,2.248427596820909,2.506675041030074,2.4857854625020765
154,0.5,Beijing_Zang_sub16943,2.3427530438383886,2.408160627797706,2.347358496575656,2.6154904116007094,2.6109839620819137
154,0.75,Beijing_Zang_sub16943,2.4506864726713733,2.5146153017944792,2.446289396330403,2.724305782171345,2.736182461661751
154,0.95,Beijing_Zang_sub16943,2.6059663718891586,2.667767770202206,2.5886176843273767,2.8808544988965425,2.916300990343516
155,0.05,Beijing_Zang_sub17093,2.096325040550137,2.153604855449213,2.1240747598513265,2.37781067047194,2.323760938392333
155,0.25,Beijing_Zang_sub17093,2.2550961122503916,2.306970743067973,2.266209165147273,2.5355045962841896,2.512864996210212
155,0.5,Beijing_Zang_sub17093,2.365456218448435,2.413573762519257,2.365005299070649,2.645115989676315,2.6443092428212185
155,0.75,Beijing_Zang_sub17093,2.4758163246464773,2.52017678197054,2.463801432994025,2.7547273830684413,2.775753489432224
155,0.95,Beijing_Zang_sub17093,2.634587396346733,2.6735426695893008,2.6059358382899727,2.9124213088806896,2.964857547250103
156,0.05,Beijing_Zang_sub17159,2.132512895841719,2.1737239385814306,2.143599939754198,2.437418695588687,2.3424295556857224
156,0.25,Beijing_Zang_sub17159,2.298272223849208,2.3312941869591555,2.2883970723438094,2.5986520707946283,2.5444655396953233
156,0.5,Beijing_Zang_sub17159,2.4134897936893775,2.4408196134641003,2.3890440400731077,2.7107236983263077,2.6848986325273696
156,0.75,Beijing_Zang_sub17159,2.5287073635295463,2.550345039969044,2.489691007802406,2.822795325857987,2.8253317253594155
156,0.95,Beijing_Zang_sub17159,2.694466691537036,2.707915288346769,2.6344881403920173,2.984028701063928,3.0273677093690154
157,0.05,Beijing_Zang_sub17315,2.1259627342485565,2.1611663343427256,2.1411135001653663,2.406756237673588,2.3550208459173767
157,0.25,Beijing_Zang_sub17315,2.289575174234634,2.316852103500703,2.284983354655557,2.5668339331955665,2.5542111918266728
157,0.5,Beijing_Zang_sub17315,2.4033004647351177,2.425067648270946,2.3849857811064514,2.678102259903694,2.692666311470105
157,0.75,Beijing_Zang_sub17315,2.5170257552356,2.533283193041188,2.4849882075573455,2.7893705866118217,2.831121431113537
157,0.95,Beijing_Zang_sub17315,2.6806381952216793,2.6889689621991657,2.6288580620475366,2.9494482821338,3.030311777022834
158,0.05,Beijing_Zang_sub17586,2.132512895841719,2.1737239385814306,2.143599939754198,2.437418695588687,2.3424295556857224
158,0.25,Beijing_Zang_sub17586,2.298272223849208,2.3312941869591555,2.2883970723438094,2.5986520707946283,2.5444655396953233
158,0.5,Beijing_Zang_sub17586,2.4134897936893775,2.4408196134641003,2.3890440400731077,2.7107236983263077,2.6848986325273696
158,0.75,Beijing_Zang_sub17586,2.5287073635295463,2.550345039969044,2.489691007802406,2.822795325857987,2.8253317253594155
158,0.95,Beijing_Zang_sub17586,2.694466691537036,2.707915288346769,2.6344881403920173,2.984028701063928,3.0273677093690154
159,0.05,Beijing_Zang_sub17603,2.107393635237176,2.167282178605984,2.132591770222204,2.4185472221172257,2.3141928170914454
159,0.25,Beijing_Zang_sub17603,2.269160098158581,2.3217342103291827,2.275697052501737,2.5776618835104,2.5101622440405467
159,0.5,Beijing_Zang_sub17603,2.381602269368409,2.4290921971522206,2.375168032830483,2.688260815299232,2.646378536706898
159,0.75,Beijing_Zang_sub17603,2.4940444405782363,2.5364501839752585,2.4746390131592304,2.798859747088064,2.7825948293732496
159,0.95,Beijing_Zang_sub17603,2.6558109034996407,2.690902215698456,2.6177442954387615,2.957974408481237,2.9785642563223496
160,0.05,Beijing_Zang_sub17642,2.082551731228228,2.1608314228976226,2.1152208817512745,2.3896216050055283,2.288706006563654
160,0.25,Beijing_Zang_sub17642,2.2400738912054847,2.314070865962735,2.257183857259793,2.5468214223145442,2.4744936382508675
160,0.5,Beijing_Zang_sub17642,2.349565891967782,2.420585995131366,2.355860832136476,2.656089366069993,2.6036326718526093
160,0.75,Beijing_Zang_sub17642,2.4590578927300797,2.5271011242999974,2.454537807013159,2.7653573098254425,2.7327717054543506
160,0.95,Beijing_Zang_sub17642,2.6165800527073357,2.68034056736511,2.5965007825216775,2.9225571271344584,2.9185593371415646
161,0.05,Beijing_Zang_sub17688,2.1394903545687574,2.164656771456664,2.146556619328907,2.416061666742505,2.370593737049113
161,0.25,Beijing_Zang_sub17688,2.305249682576246,2.322227019834389,2.2913537519185194,2.5772950419484473,2.5726297210587123
161,0.5,Beijing_Zang_sub17688,2.4204672524164152,2.431752446339334,2.3920007196478172,2.689366669480127,2.713062813890759
161,0.75,Beijing_Zang_sub17688,2.535684822256584,2.541277872844278,2.492647687377115,2.8014382970118064,2.853495906722806
161,0.95,Beijing_Zang_sub17688,2.7014441502640727,2.698848121222003,2.6374448199667277,2.9626716722177466,3.055531890732404
162,0.05,Beijing_Zang_sub18326,2.114371093964215,2.1582150114812175,2.1355484497969144,2.3971901932710438,2.3423569984548362
162,0.25,Beijing_Zang_sub18326,2.276137556885619,2.3126670432044163,2.2786537320764464,2.5563048546642193,2.5383264254039353
162,0.5,Beijing_Zang_sub18326,2.3885797280954466,2.420025030027454,2.378124712405193,2.666903786453051,2.674542718070287
162,0.75,Beijing_Zang_sub18326,2.501021899305274,2.5273830168504925,2.4775956927339395,2.7775027182418834,2.810759010736638
162,0.95,Beijing_Zang_sub18326,2.662788362226679,2.6818350485736904,2.620700975013472,2.936617379635057,3.0067284376857377
163,0.05,Beijing_Zang_sub18758,2.1189852755215184,2.1702335014674916,2.138156820590656,2.4281132665197678,2.3268566645539868
163,0.25,Beijing_Zang_sub18758,2.282597715507597,2.32591927062547,2.282026675080847,2.588190962041747,2.526047010463284
163,0.5,Beijing_Zang_sub18758,2.39632300600808,2.434134815395712,2.3820291015317414,2.6994592887498747,2.6645021301067158
163,0.75,Beijing_Zang_sub18758,2.510048296508563,2.5423503601659547,2.4820315279826355,2.8107276154580028,2.8029572497501487
163,0.95,Beijing_Zang_sub18758,2.6736607364946408,2.6980361293239326,2.625901382472827,2.970805310979981,3.0021475956594452
164,0.05,Beijing_Zang_sub18960,2.089347581823099,2.1626720225739793,2.1211180802766165,2.399167699318121,2.295596757028943
164,0.25,Beijing_Zang_sub18960,2.2481186535233544,2.3160379101927395,2.263252485572563,2.55686162513037,2.484700814846823
164,0.5,Beijing_Zang_sub18960,2.358478759721397,2.4226409296440234,2.3620486194959396,2.6664730185224963,2.6161450614578294
164,0.75,Beijing_Zang_sub18960,2.46883886591944,2.529243949095307,2.460844753419315,2.7760844119146224,2.7475893080688354
164,0.95,Beijing_Zang_sub18960,2.6276099376196957,2.682609836714067,2.602979158715263,2.9337783377268716,2.9366933658867156
165,0.05,Beijing_Zang_sub19642,2.114371093964215,2.1582150114812175,2.1355484497969144,2.3971901932710438,2.3423569984548362
165,0.25,Beijing_Zang_sub19642,2.276137556885619,2.3126670432044163,2.2786537320764464,2.5563048546642193,2.5383264254039353
165,0.5,Beijing_Zang_sub19642,2.3885797280954466,2.420025030027454,2.378124712405193,2.666903786453051,2.674542718070287
165,0.75,Beijing_Zang_sub19642,2.501021899305274,2.5273830168504925,2.4775956927339395,2.7775027182418834,2.810759010736638
165,0.95,Beijing_Zang_sub19642,2.662788362226679,2.6818350485736904,2.620700975013472,2.936617379635057,3.0067284376857377
166,0.05,Beijing_Zang_sub19974,2.114371093964215,2.1582150114812175,2.1355484497969144,2.3971901932710438,2.3423569984548362
166,0.25,Beijing_Zang_sub19974,2.276137556885619,2.3126670432044163,2.2786537320764464,2.5563048546642193,2.5383264254039353
166,0.5,Beijing_Zang_sub19974,2.3885797280954466,2.420025030027454,2.378124712405193,2.666903786453051,2.674542718070287
166,0.75,Beijing_Zang_sub19974,2.501021899305274,2.5273830168504925,2.4775956927339395,2.7775027182418834,2.810759010736638
166,0.95,Beijing_Zang_sub19974,2.662788362226679,2.6818350485736904,2.620700975013472,2.936617379635057,3.0067284376857377
167,0.05,Beijing_Zang_sub20127,2.114371093964215,2.1582150114812175,2.1355484497969144,2.3971901932710438,2.3423569984548362
167,0.25,Beijing_Zang_sub20127,2.276137556885619,2.3126670432044163,2.2786537320764464,2.5563048546642193,2.5383264254039353
167,0.5,Beijing_Zang_sub20127,2.3885797280954466,2.420025030027454,2.378124712405193,2.666903786453051,2.674542718070287
167,0.75,Beijing_Zang_sub20127,2.501021899305274,2.5273830168504925,2.4775956927339395,2.7775027182418834,2.810759010736638
167,0.95,Beijing_Zang_sub20127,2.662788362226679,2.6818350485736904,2.620700975013472,2.936617379635057,3.0067284376857377
168,0.05,Beijing_Zang_sub20246,2.1259627342485565,2.1611663343427256,2.1411135001653663,2.406756237673588,2.3550208459173767
168,0.25,Beijing_Zang_sub20246,2.289575174234634,2.316852103500703,2.284983354655557,2.5668339331955665,2.5542111918266728
168,0.5,Beijing_Zang_sub20246,2.4033004647351177,2.425067648270946,2.3849857811064514,2.678102259903694,2.692666311470105
168,0.75,Beijing_Zang_sub20246,2.5170257552356,2.533283193041188,2.4849882075573455,2.7893705866118217,2.831121431113537
168,0.95,Beijing_Zang_sub20246,2.6806381952216793,2.6889689621991657,2.6288580620475366,2.9494482821338,3.030311777022834
169,0.05,Beijing_Zang_sub20765,2.1189852755215184,2.1702335014674916,2.138156820590656,2.4281132665197678,2.3268566645539868
169,0.25,Beijing_Zang_sub20765,2.282597715507597,2.32591927062547,2.282026675080847,2.588190962041747,2.526047010463284
169,0.5,Beijing_Zang_sub20765,2.39632300600808,2.434134815395712,2.3820291015317414,2.6994592887498747,2.6645021301067158
169,0.75,Beijing_Zang_sub20765,2.510048296508563,2.5423503601659547,2.4820315279826355,2.8107276154580028,2.8029572497501487
169,0.95,Beijing_Zang_sub20765,2.6736607364946408,2.6980361293239326,2.625901382472827,2.970805310979981,3.0021475956594452
170,0.05,Beijing_Zang_sub20948,2.096325040550137,2.153604855449213,2.1240747598513265,2.37781067047194,2.323760938392333
170,0.25,Beijing_Zang_sub20948,2.2550961122503916,2.306970743067973,2.266209165147273,2.5355045962841896,2.512864996210212
170,0.5,Beijing_Zang_sub20948,2.365456218448435,2.413573762519257,2.365005299070649,2.645115989676315,2.6443092428212185
170,0.75,Beijing_Zang_sub20948,2.4758163246464773,2.52017678197054,2.463801432994025,2.7547273830684413,2.775753489432224
170,0.95,Beijing_Zang_sub20948,2.634587396346733,2.6735426695893008,2.6059358382899727,2.9124213088806896,2.964857547250103
171,0.05,Beijing_Zang_sub21115,2.114371093964215,2.1582150114812175,2.1355484497969144,2.3971901932710438,2.3423569984548362
171,0.25,Beijing_Zang_sub21115,2.276137556885619,2.3126670432044163,2.2786537320764464,2.5563048546642193,2.5383264254039353
171,0.5,Beijing_Zang_sub21115,2.3885797280954466,2.420025030027454,2.378124712405193,2.666903786453051,2.674542718070287
171,0.75,Beijing_Zang_sub21115,2.501021899305274,2.5273830168504925,2.4775956927339395,2.7775027182418834,2.810759010736638
171,0.95,Beijing_Zang_sub21115,2.662788362226679,2.6818350485736904,2.620700975013472,2.936617379635057,3.0067284376857377
172,0.05,Beijing_Zang_sub22201,2.132512895841719,2.1737239385814306,2.143599939754198,2.437418695588687,2.3424295556857224
172,0.25,Beijing_Zang_sub22201,2.298272223849208,2.3312941869591555,2.2883970723438094,2.5986520707946283,2.5444655396953233
172,0.5,Beijing_Zang_sub22201,2.4134897936893775,2.4408196134641003,2.3890440400731077,2.7107236983263077,2.6848986325273696
172,0.75,Beijing_Zang_sub22201,2.5287073635295463,2.550345039969044,2.489691007802406,2.822795325857987,2.8253317253594155
172,0.95,Beijing_Zang_sub22201,2.694466691537036,2.707915288346769,2.6344881403920173,2.984028701063928,3.0273677093690154
173,0.05,Beijing_Zang_sub22595,2.114371093964215,2.1582150114812175,2.1355484497969144,2.3971901932710438,2.3423569984548362
173,0.25,Beijing_Zang_sub22595,2.276137556885619,2.3126670432044163,2.2786537320764464,2.5563048546642193,2.5383264254039353
173,0.5,Beijing_Zang_sub22595,2.3885797280954466,2.420025030027454,2.378124712405193,2.666903786453051,2.674542718070287
173,0.75,Beijing_Zang_sub22595,2.501021899305274,2.5273830168504925,2.4775956927339395,2.7775027182418834,2.810759010736638
173,0.95,Beijing_Zang_sub22595,2.662788362226679,2.6818350485736904,2.620700975013472,2.936617379635057,3.0067284376857377
174,0.05,Beijing_Zang_sub22661,2.114371093964215,2.1582150114812175,2.1355484497969144,2.3971901932710438,2.3423569984548362
174,0.25,Beijing_Zang_sub22661,2.276137556885619,2.3126670432044163,2.2786537320764464,2.5563048546642193,2.5383264254039353
174,0.5,Beijing_Zang_sub22661,2.3885797280954466,2.420025030027454,2.378124712405193,2.666903786453051,2.674542718070287
174,0.75,Beijing_Zang_sub22661,2.501021899305274,2.5273830168504925,2.4775956927339395,2.7775027182418834,2.810759010736638
174,0.95,Beijing_Zang_sub22661,2.662788362226679,2.6818350485736904,2.620700975013472,2.936617379635057,3.0067284376857377
175,0.05,Beijing_Zang_sub22715,2.1394903545687574,2.164656771456664,2.146556619328907,2.416061666742505,2.370593737049113
175,0.25,Beijing_Zang_sub22715,2.305249682576246,2.322227019834389,2.2913537519185194,2.5772950419484473,2.5726297210587123
175,0.5,Beijing_Zang_sub22715,2.4204672524164152,2.431752446339334,2.3920007196478172,2.689366669480127,2.713062813890759
175,0.75,Beijing_Zang_sub22715,2.535684822256584,2.541277872844278,2.492647687377115,2.8014382970118064,2.853495906722806
175,0.95,Beijing_Zang_sub22715,2.7014441502640727,2.698848121222003,2.6374448199667277,2.9626716722177466,3.055531890732404
176,0.05,Beijing_Zang_sub22890,2.148137402250225,2.1778137774296247,2.1489134329162645,2.44632745828269,2.3614229678933802
176,0.25,Beijing_Zang_sub22890,2.3164000669052385,2.3380743154033254,2.294784276701262,2.608928753919823,2.5657462960770134
176,0.5,Beijing_Zang_sub22890,2.4333576797854386,2.4494697339813603,2.396177569817671,2.721951208591736,2.7077692978468444
176,0.75,Beijing_Zang_sub22890,2.550315292665639,2.560865152559395,2.497570862934079,2.8349736632636495,2.8497922996166745
176,0.95,Beijing_Zang_sub22890,2.718577957320653,2.7211256905330954,2.6434417067190767,2.997574958900782,3.0541156278003063
177,0.05,Beijing_Zang_sub26713,2.114371093964215,2.1582150114812175,2.1355484497969144,2.3971901932710438,2.3423569984548362
177,0.25,Beijing_Zang_sub26713,2.276137556885619,2.3126670432044163,2.2786537320764464,2.5563048546642193,2.5383264254039353
177,0.5,Beijing_Zang_sub26713,2.3885797280954466,2.420025030027454,2.378124712405193,2.666903786453051,2.674542718070287
177,0.75,Beijing_Zang_sub26713,2.501021899305274,2.5273830168504925,2.4775956927339395,2.7775027182418834,2.810759010736638
177,0.95,Beijing_Zang_sub26713,2.662788362226679,2.6818350485736904,2.620700975013472,2.936617379635057,3.0067284376857377
178,0.05,Beijing_Zang_sub28206,2.097571090777018,2.1647912863358085,2.1269104049873206,2.408854268516074,2.3039354965319876
178,0.25,Beijing_Zang_sub28206,2.257740476672467,2.3185161064479467,2.269431319901965,2.567180329496011,2.496486450492892
178,0.5,Beijing_Zang_sub28206,2.3690725363972267,2.4253686161096497,2.368496112606246,2.677231113411174,2.6303265984499307
178,0.75,Beijing_Zang_sub28206,2.4804045961219874,2.532221125771353,2.467560905310527,2.7872818973263374,2.7641667464069695
178,0.95,Beijing_Zang_sub28206,2.640573982017436,2.6859459458834896,2.610081820225171,2.9456079583062746,2.9567177003678737
179,0.05,Beijing_Zang_sub28403,2.1189852755215184,2.1702335014674916,2.138156820590656,2.4281132665197678,2.3268566645539868
179,0.25,Beijing_Zang_sub28403,2.282597715507597,2.32591927062547,2.282026675080847,2.588190962041747,2.526047010463284
179,0.5,Beijing_Zang_sub28403,2.39632300600808,2.434134815395712,2.3820291015317414,2.6994592887498747,2.6645021301067158
179,0.75,Beijing_Zang_sub28403,2.510048296508563,2.5423503601659547,2.4820315279826355,2.8107276154580028,2.8029572497501487
179,0.95,Beijing_Zang_sub28403,2.6736607364946408,2.6980361293239326,2.625901382472827,2.970805310979981,3.0021475956594452
180,0.05,Beijing_Zang_sub28698,2.155114860977262,2.1687466103048574,2.1518701124909745,2.4249704294365095,2.38958714925677
180,0.25,Beijing_Zang_sub28698,2.323377525632276,2.329007148278559,2.297740956275972,2.5875717250736416,2.5939104774404025
180,0.5,Beijing_Zang_sub28698,2.4403351385124763,2.440402566856594,2.39913424939238,2.700594179745555,2.735933479210234
180,0.75,Beijing_Zang_sub28698,2.557292751392676,2.551797985434629,2.500527542508789,2.8136166344174685,2.877956480980063
180,0.95,Beijing_Zang_sub28698,2.72555541604769,2.71205852340833,2.6463983862937845,2.976217930054601,3.082279809163698
181,0.05,Beijing_Zang_sub28792,2.1189852755215184,2.1702335014674916,2.138156820590656,2.4281132665197678,2.3268566645539868
181,0.25,Beijing_Zang_sub28792,2.282597715507597,2.32591927062547,2.282026675080847,2.588190962041747,2.526047010463284
181,0.5,Beijing_Zang_sub28792,2.39632300600808,2.434134815395712,2.3820291015317414,2.6994592887498747,2.6645021301067158
181,0.75,Beijing_Zang_sub28792,2.510048296508563,2.5423503601659547,2.4820315279826355,2.8107276154580028,2.8029572497501487
181,0.95,Beijing_Zang_sub28792,2.6736607364946408,2.6980361293239326,2.625901382472827,2.970805310979981,3.0021475956594452
182,0.05,Beijing_Zang_sub28801,2.104548549504056,2.1557241192110435,2.12986708456203,2.387497239669894,2.3320996778953744
182,0.25,Beijing_Zang_sub28801,2.2647179353995046,2.3094489393231803,2.2723879994766745,2.54582330064983,2.5246506318562805
182,0.5,Beijing_Zang_sub28801,2.3760499951242644,2.416301448984883,2.3714527921809556,2.655874084564993,2.6584907798133193
182,0.75,Beijing_Zang_sub28801,2.487382054849025,2.5231539586465863,2.4705175848852363,2.7659248684801563,2.792330927770358
182,0.95,Beijing_Zang_sub28801,2.6475514407444734,2.6768787787587236,2.61303849979988,2.924250929460093,2.984881881731263
183,0.05,Beijing_Zang_sub28907,2.089347581823099,2.1626720225739793,2.1211180802766165,2.399167699318121,2.295596757028943
183,0.25,Beijing_Zang_sub28907,2.2481186535233544,2.3160379101927395,2.263252485572563,2.55686162513037,2.484700814846823
183,0.5,Beijing_Zang_sub28907,2.358478759721397,2.4226409296440234,2.3620486194959396,2.6664730185224963,2.6161450614578294
183,0.75,Beijing_Zang_sub28907,2.46883886591944,2.529243949095307,2.460844753419315,2.7760844119146224,2.7475893080688354
183,0.95,Beijing_Zang_sub28907,2.6276099376196957,2.682609836714067,2.602979158715263,2.9337783377268716,2.9366933658867156
184,0.05,Beijing_Zang_sub28965,2.1394903545687574,2.164656771456664,2.146556619328907,2.416061666742505,2.370593737049113
184,0.25,Beijing_Zang_sub28965,2.305249682576246,2.322227019834389,2.2913537519185194,2.5772950419484473,2.5726297210587123
184,0.5,Beijing_Zang_sub28965,2.4204672524164152,2.431752446339334,2.3920007196478172,2.689366669480127,2.713062813890759
184,0.75,Beijing_Zang_sub28965,2.535684822256584,2.541277872844278,2.492647687377115,2.8014382970118064,2.853495906722806
184,0.95,Beijing_Zang_sub28965,2.7014441502640727,2.698848121222003,2.6374448199667277,2.9626716722177466,3.055531890732404
185,0.05,Beijing_Zang_sub29590,2.114371093964215,2.1582150114812175,2.1355484497969144,2.3971901932710438,2.3423569984548362
185,0.25,Beijing_Zang_sub29590,2.276137556885619,2.3126670432044163,2.2786537320764464,2.5563048546642193,2.5383264254039353
185,0.5,Beijing_Zang_sub29590,2.3885797280954466,2.420025030027454,2.378124712405193,2.666903786453051,2.674542718070287
185,0.75,Beijing_Zang_sub29590,2.501021899305274,2.5273830168504925,2.4775956927339395,2.7775027182418834,2.810759010736638
185,0.95,Beijing_Zang_sub29590,2.662788362226679,2.6818350485736904,2.620700975013472,2.936617379635057,3.0067284376857377
186,0.05,Beijing_Zang_sub29785,2.104548549504056,2.1557241192110435,2.12986708456203,2.387497239669894,2.3320996778953744
186,0.25,Beijing_Zang_sub29785,2.2647179353995046,2.3094489393231803,2.2723879994766745,2.54582330064983,2.5246506318562805
186,0.5,Beijing_Zang_sub29785,2.3760499951242644,2.416301448984883,2.3714527921809556,2.655874084564993,2.6584907798133193
186,0.75,Beijing_Zang_sub29785,2.487382054849025,2.5231539586465863,2.4705175848852363,2.7659248684801563,2.792330927770358
186,0.95,Beijing_Zang_sub29785,2.6475514407444734,2.6768787787587236,2.61303849979988,2.924250929460093,2.984881881731263
187,0.05,Beijing_Zang_sub30272,2.096325040550137,2.153604855449213,2.1240747598513265,2.37781067047194,2.323760938392333
187,0.25,Beijing_Zang_sub30272,2.2550961122503916,2.306970743067973,2.266209165147273,2.5355045962841896,2.512864996210212
187,0.5,Beijing_Zang_sub30272,2.365456218448435,2.413573762519257,2.365005299070649,2.645115989676315,2.6443092428212185
187,0.75,Beijing_Zang_sub30272,2.4758163246464773,2.52017678197054,2.463801432994025,2.7547273830684413,2.775753489432224
187,0.95,Beijing_Zang_sub30272,2.634587396346733,2.6735426695893008,2.6059358382899727,2.9124213088806896,2.964857547250103
188,0.05,Beijing_Zang_sub30310,2.104548549504056,2.1557241192110435,2.12986708456203,2.387497239669894,2.3320996778953744
188,0.25,Beijing_Zang_sub30310,2.2647179353995046,2.3094489393231803,2.2723879994766745,2.54582330064983,2.5246506318562805
188,0.5,Beijing_Zang_sub30310,2.3760499951242644,2.416301448984883,2.3714527921809556,2.655874084564993,2.6584907798133193
188,0.75,Beijing_Zang_sub30310,2.487382054849025,2.5231539586465863,2.4705175848852363,2.7659248684801563,2.792330927770358
188,0.95,Beijing_Zang_sub30310,2.6475514407444734,2.6768787787587236,2.61303849979988,2.924250929460093,2.984881881731263
189,0.05,Beijing_Zang_sub30556,2.097571090777018,2.1647912863358085,2.1269104049873206,2.408854268516074,2.3039354965319876
189,0.25,Beijing_Zang_sub30556,2.257740476672467,2.3185161064479467,2.269431319901965,2.567180329496011,2.496486450492892
189,0.5,Beijing_Zang_sub30556,2.3690725363972267,2.4253686161096497,2.368496112606246,2.677231113411174,2.6303265984499307
189,0.75,Beijing_Zang_sub30556,2.4804045961219874,2.532221125771353,2.467560905310527,2.7872818973263374,2.7641667464069695
189,0.95,Beijing_Zang_sub30556,2.640573982017436,2.6859459458834896,2.610081820225171,2.9456079583062746,2.9567177003678737
190,0.05,Beijing_Zang_sub30616,2.107393635237176,2.167282178605984,2.132591770222204,2.4185472221172257,2.3141928170914454
190,0.25,Beijing_Zang_sub30616,2.269160098158581,2.3217342103291827,2.275697052501737,2.5776618835104,2.5101622440405467
190,0.5,Beijing_Zang_sub30616,2.381602269368409,2.4290921971522206,2.375168032830483,2.688260815299232,2.646378536706898
190,0.75,Beijing_Zang_sub30616,2.4940444405782363,2.5364501839752585,2.4746390131592304,2.798859747088064,2.7825948293732496
190,0.95,Beijing_Zang_sub30616,2.6558109034996407,2.690902215698456,2.6177442954387615,2.957974408481237,2.9785642563223496
191,0.05,Beijing_Zang_sub30988,2.096325040550137,2.153604855449213,2.1240747598513265,2.37781067047194,2.323760938392333
191,0.25,Beijing_Zang_sub30988,2.2550961122503916,2.306970743067973,2.266209165147273,2.5355045962841896,2.512864996210212
191,0.5,Beijing_Zang_sub30988,2.365456218448435,2.413573762519257,2.365005299070649,2.645115989676315,2.6443092428212185
191,0.75,Beijing_Zang_sub30988,2.4758163246464773,2.52017678197054,2.463801432994025,2.7547273830684413,2.775753489432224
191,0.95,Beijing_Zang_sub30988,2.634587396346733,2.6735426695893008,2.6059358382899727,2.9124213088806896,2.964857547250103
192,0.05,Beijing_Zang_sub31058,2.1189852755215184,2.1702335014674916,2.138156820590656,2.4281132665197678,2.3268566645539868
192,0.25,Beijing_Zang_sub31058,2.282597715507597,2.32591927062547,2.282026675080847,2.588190962041747,2.526047010463284
192,0.5,Beijing_Zang_sub31058,2.39632300600808,2.434134815395712,2.3820291015317414,2.6994592887498747,2.6645021301067158
192,0.75,Beijing_Zang_sub31058,2.510048296508563,2.5423503601659547,2.4820315279826355,2.8107276154580028,2.8029572497501487
192,0.95,Beijing_Zang_sub31058,2.6736607364946408,2.6980361293239326,2.625901382472827,2.970805310979981,3.0021475956594452
193,0.05,Beijing_Zang_sub31729,2.104548549504056,2.1557241192110435,2.12986708456203,2.387497239669894,2.3320996778953744
193,0.25,Beijing_Zang_sub31729,2.2647179353995046,2.3094489393231803,2.2723879994766745,2.54582330064983,2.5246506318562805
193,0.5,Beijing_Zang_sub31729,2.3760499951242644,2.416301448984883,2.3714527921809556,2.655874084564993,2.6584907798133193
193,0.75,Beijing_Zang_sub31729,2.487382054849025,2.5231539586465863,2.4705175848852363,2.7659248684801563,2.792330927770358
193,0.95,Beijing_Zang_sub31729,2.6475514407444734,2.6768787787587236,2.61303849979988,2.924250929460093,2.984881881731263
194,0.05,Beijing_Zang_sub32517,2.107393635237176,2.167282178605984,2.132591770222204,2.4185472221172257,2.3141928170914454
194,0.25,Beijing_Zang_sub32517,2.269160098158581,2.3217342103291827,2.275697052501737,2.5776618835104,2.5101622440405467
194,0.5,Beijing_Zang_sub32517,2.381602269368409,2.4290921971522206,2.375168032830483,2.688260815299232,2.646378536706898
194,0.75,Beijing_Zang_sub32517,2.4940444405782363,2.5364501839752585,2.4746390131592304,2.798859747088064,2.7825948293732496
194,0.95,Beijing_Zang_sub32517,2.6558109034996407,2.690902215698456,2.6177442954387615,2.957974408481237,2.9785642563223496
195,0.05,Beijing_Zang_sub32587,2.1259627342485565,2.1611663343427256,2.1411135001653663,2.406756237673588,2.3550208459173767
195,0.25,Beijing_Zang_sub32587,2.289575174234634,2.316852103500703,2.284983354655557,2.5668339331955665,2.5542111918266728
195,0.5,Beijing_Zang_sub32587,2.4033004647351177,2.425067648270946,2.3849857811064514,2.678102259903694,2.692666311470105
195,0.75,Beijing_Zang_sub32587,2.5170257552356,2.533283193041188,2.4849882075573455,2.7893705866118217,2.831121431113537
195,0.95,Beijing_Zang_sub32587,2.6806381952216793,2.6889689621991657,2.6288580620475366,2.9494482821338,3.030311777022834
196,0.05,Beijing_Zang_sub33747,2.079539715787619,2.1485534853932062,2.1060993088239353,2.350126324304877,2.305666933820313
196,0.25,Beijing_Zang_sub33747,2.2348196150054047,2.3017059538009326,2.248427596820909,2.506675041030074,2.4857854625020765
196,0.5,Beijing_Zang_sub33747,2.3427530438383886,2.408160627797706,2.347358496575656,2.6154904116007094,2.6109839620819137
196,0.75,Beijing_Zang_sub33747,2.4506864726713733,2.5146153017944792,2.446289396330403,2.724305782171345,2.736182461661751
196,0.95,Beijing_Zang_sub33747,2.6059663718891586,2.667767770202206,2.5886176843273767,2.8808544988965425,2.916300990343516
197,0.05,Beijing_Zang_sub33943,2.1259627342485565,2.1611663343427256,2.1411135001653663,2.406756237673588,2.3550208459173767
197,0.25,Beijing_Zang_sub33943,2.289575174234634,2.316852103500703,2.284983354655557,2.5668339331955665,2.5542111918266728
197,0.5,Beijing_Zang_sub33943,2.4033004647351177,2.425067648270946,2.3849857811064514,2.678102259903694,2.692666311470105
197,0.75,Beijing_Zang_sub33943,2.5170257552356,2.533283193041188,2.4849882075573455,2.7893705866118217,2.831121431113537
197,0.95,Beijing_Zang_sub33943,2.6806381952216793,2.6889689621991657,2.6288580620475366,2.9494482821338,3.030311777022834
198,0.05,Beijing_Zang_sub33991,2.1259627342485565,2.1611663343427256,2.1411135001653663,2.406756237673588,2.3550208459173767
198,0.25,Beijing_Zang_sub33991,2.289575174234634,2.316852103500703,2.284983354655557,2.5668339331955665,2.5542111918266728
198,0.5,Beijing_Zang_sub33991,2.4033004647351177,2.425067648270946,2.3849857811064514,2.678102259903694,2.692666311470105
198,0.75,Beijing_Zang_sub33991,2.5170257552356,2.533283193041188,2.4849882075573455,2.7893705866118217,2.831121431113537
198,0.95,Beijing_Zang_sub33991,2.6806381952216793,2.6889689621991657,2.6288580620475366,2.9494482821338,3.030311777022834
199,0.05,Beijing_Zang_sub34895,2.104548549504056,2.1557241192110435,2.12986708456203,2.387497239669894,2.3320996778953744
199,0.25,Beijing_Zang_sub34895,2.2647179353995046,2.3094489393231803,2.2723879994766745,2.54582330064983,2.5246506318562805
199,0.5,Beijing_Zang_sub34895,2.3760499951242644,2.416301448984883,2.3714527921809556,2.655874084564993,2.6584907798133193
199,0.75,Beijing_Zang_sub34895,2.487382054849025,2.5231539586465863,2.4705175848852363,2.7659248684801563,2.792330927770358
199,0.95,Beijing_Zang_sub34895,2.6475514407444734,2.6768787787587236,2.61303849979988,2.924250929460093,2.984881881731263
200,0.05,Beijing_Zang_sub34943,2.114371093964215,2.1582150114812175,2.1355484497969144,2.3971901932710438,2.3423569984548362
200,0.25,Beijing_Zang_sub34943,2.276137556885619,2.3126670432044163,2.2786537320764464,2.5563048546642193,2.5383264254039353
200,0.5,Beijing_Zang_sub34943,2.3885797280954466,2.420025030027454,2.378124712405193,2.666903786453051,2.674542718070287
200,0.75,Beijing_Zang_sub34943,2.501021899305274,2.5273830168504925,2.4775956927339395,2.7775027182418834,2.810759010736638
200,0.95,Beijing_Zang_sub34943,2.662788362226679,2.6818350485736904,2.620700975013472,2.936617379635057,3.0067284376857377
201,0.05,Beijing_Zang_sub35309,2.097571090777018,2.1647912863358085,2.1269104049873206,2.408854268516074,2.3039354965319876
201,0.25,Beijing_Zang_sub35309,2.257740476672467,2.3185161064479467,2.269431319901965,2.567180329496011,2.496486450492892
201,0.5,Beijing_Zang_sub35309,2.3690725363972267,2.4253686161096497,2.368496112606246,2.677231113411174,2.6303265984499307
201,0.75,Beijing_Zang_sub35309,2.4804045961219874,2.532221125771353,2.467560905310527,2.7872818973263374,2.7641667464069695
201,0.95,Beijing_Zang_sub35309,2.640573982017436,2.6859459458834896,2.610081820225171,2.9456079583062746,2.9567177003678737
202,0.05,Beijing_Zang_sub35776,2.082551731228228,2.1608314228976226,2.1152208817512745,2.3896216050055283,2.288706006563654
202,0.25,Beijing_Zang_sub35776,2.2400738912054847,2.314070865962735,2.257183857259793,2.5468214223145442,2.4744936382508675
202,0.5,Beijing_Zang_sub35776,2.349565891967782,2.420585995131366,2.355860832136476,2.656089366069993,2.6036326718526093
202,0.75,Beijing_Zang_sub35776,2.4590578927300797,2.5271011242999974,2.454537807013159,2.7653573098254425,2.7327717054543506
202,0.95,Beijing_Zang_sub35776,2.6165800527073357,2.68034056736511,2.5965007825216775,2.9225571271344584,2.9185593371415646
203,0.05,Beijing_Zang_sub35806,2.097571090777018,2.1647912863358085,2.1269104049873206,2.408854268516074,2.3039354965319876
203,0.25,Beijing_Zang_sub35806,2.257740476672467,2.3185161064479467,2.269431319901965,2.567180329496011,2.496486450492892
203,0.5,Beijing_Zang_sub35806,2.3690725363972267,2.4253686161096497,2.368496112606246,2.677231113411174,2.6303265984499307
203,0.75,Beijing_Zang_sub35806,2.4804045961219874,2.532221125771353,2.467560905310527,2.7872818973263374,2.7641667464069695
203,0.95,Beijing_Zang_sub35806,2.640573982017436,2.6859459458834896,2.610081820225171,2.9456079583062746,2.9567177003678737
204,0.05,Beijing_Zang_sub36580,2.089347581823099,2.1626720225739793,2.1211180802766165,2.399167699318121,2.295596757028943
204,0.25,Beijing_Zang_sub36580,2.2481186535233544,2.3160379101927395,2.263252485572563,2.55686162513037,2.484700814846823
204,0.5,Beijing_Zang_sub36580,2.358478759721397,2.4226409296440234,2.3620486194959396,2.6664730185224963,2.6161450614578294
204,0.75,Beijing_Zang_sub36580,2.46883886591944,2.529243949095307,2.460844753419315,2.7760844119146224,2.7475893080688354
204,0.95,Beijing_Zang_sub36580,2.6276099376196957,2.682609836714067,2.602979158715263,2.9337783377268716,2.9366933658867156
205,0.05,Beijing_Zang_sub36942,2.096325040550137,2.153604855449213,2.1240747598513265,2.37781067047194,2.323760938392333
205,0.25,Beijing_Zang_sub36942,2.2550961122503916,2.306970743067973,2.266209165147273,2.5355045962841896,2.512864996210212
205,0.5,Beijing_Zang_sub36942,2.365456218448435,2.413573762519257,2.365005299070649,2.645115989676315,2.6443092428212185
205,0.75,Beijing_Zang_sub36942,2.4758163246464773,2.52017678197054,2.463801432994025,2.7547273830684413,2.775753489432224
205,0.95,Beijing_Zang_sub36942,2.634587396346733,2.6735426695893008,2.6059358382899727,2.9124213088806896,2.964857547250103
206,0.05,Beijing_Zang_sub37602,2.114371093964215,2.1582150114812175,2.1355484497969144,2.3971901932710438,2.3423569984548362
206,0.25,Beijing_Zang_sub37602,2.276137556885619,2.3126670432044163,2.2786537320764464,2.5563048546642193,2.5383264254039353
206,0.5,Beijing_Zang_sub37602,2.3885797280954466,2.420025030027454,2.378124712405193,2.666903786453051,2.674542718070287
206,0.75,Beijing_Zang_sub37602,2.501021899305274,2.5273830168504925,2.4775956927339395,2.7775027182418834,2.810759010736638
206,0.95,Beijing_Zang_sub37602,2.662788362226679,2.6818350485736904,2.620700975013472,2.936617379635057,3.0067284376857377
207,0.05,Beijing_Zang_sub38602,2.1259627342485565,2.1611663343427256,2.1411135001653663,2.406756237673588,2.3550208459173767
207,0.25,Beijing_Zang_sub38602,2.289575174234634,2.316852103500703,2.284983354655557,2.5668339331955665,2.5542111918266728
207,0.5,Beijing_Zang_sub38602,2.4033004647351177,2.425067648270946,2.3849857811064514,2.678102259903694,2.692666311470105
207,0.75,Beijing_Zang_sub38602,2.5170257552356,2.533283193041188,2.4849882075573455,2.7893705866118217,2.831121431113537
207,0.95,Beijing_Zang_sub38602,2.6806381952216793,2.6889689621991657,2.6288580620475366,2.9494482821338,3.030311777022834
208,0.05,Beijing_Zang_sub39725,2.1189852755215184,2.1702335014674916,2.138156820590656,2.4281132665197678,2.3268566645539868
208,0.25,Beijing_Zang_sub39725,2.282597715507597,2.32591927062547,2.282026675080847,2.588190962041747,2.526047010463284
208,0.5,Beijing_Zang_sub39725,2.39632300600808,2.434134815395712,2.3820291015317414,2.6994592887498747,2.6645021301067158
208,0.75,Beijing_Zang_sub39725,2.510048296508563,2.5423503601659547,2.4820315279826355,2.8107276154580028,2.8029572497501487
208,0.95,Beijing_Zang_sub39725,2.6736607364946408,2.6980361293239326,2.625901382472827,2.970805310979981,3.0021475956594452
209,0.05,Beijing_Zang_sub40037,2.1259627342485565,2.1611663343427256,2.1411135001653663,2.406756237673588,2.3550208459173767
209,0.25,Beijing_Zang_sub40037,2.289575174234634,2.316852103500703,2.284983354655557,2.5668339331955665,2.5542111918266728
209,0.5,Beijing_Zang_sub40037,2.4033004647351177,2.425067648270946,2.3849857811064514,2.678102259903694,2.692666311470105
209,0.75,Beijing_Zang_sub40037,2.5170257552356,2.533283193041188,2.4849882075573455,2.7893705866118217,2.831121431113537
209,0.95,Beijing_Zang_sub40037,2.6806381952216793,2.6889689621991657,2.6288580620475366,2.9494482821338,3.030311777022834
210,0.05,Beijing_Zang_sub40427,2.114371093964215,2.1582150114812175,2.1355484497969144,2.3971901932710438,2.3423569984548362
210,0.25,Beijing_Zang_sub40427,2.276137556885619,2.3126670432044163,2.2786537320764464,2.5563048546642193,2.5383264254039353
210,0.5,Beijing_Zang_sub40427,2.3885797280954466,2.420025030027454,2.378124712405193,2.666903786453051,2.674542718070287
210,0.75,Beijing_Zang_sub40427,2.501021899305274,2.5273830168504925,2.4775956927339395,2.7775027182418834,2.810759010736638
210,0.95,Beijing_Zang_sub40427,2.662788362226679,2.6818350485736904,2.620700975013472,2.936617379635057,3.0067284376857377
211,0.05,Beijing_Zang_sub41170,2.1259627342485565,2.1611663343427256,2.1411135001653663,2.406756237673588,2.3550208459173767
211,0.25,Beijing_Zang_sub41170,2.289575174234634,2.316852103500703,2.284983354655557,2.5668339331955665,2.5542111918266728
211,0.5,Beijing_Zang_sub41170,2.4033004647351177,2.425067648270946,2.3849857811064514,2.678102259903694,2.692666311470105
211,0.75,Beijing_Zang_sub41170,2.5170257552356,2.533283193041188,2.4849882075573455,2.7893705866118217,2.831121431113537
211,0.95,Beijing_Zang_sub41170,2.6806381952216793,2.6889689621991657,2.6288580620475366,2.9494482821338,3.030311777022834
212,0.05,Beijing_Zang_sub41621,2.1394903545687574,2.164656771456664,2.146556619328907,2.416061666742505,2.370593737049113
212,0.25,Beijing_Zang_sub41621,2.305249682576246,2.322227019834389,2.2913537519185194,2.5772950419484473,2.5726297210587123
212,0.5,Beijing_Zang_sub41621,2.4204672524164152,2.431752446339334,2.3920007196478172,2.689366669480127,2.713062813890759
212,0.75,Beijing_Zang_sub41621,2.535684822256584,2.541277872844278,2.492647687377115,2.8014382970118064,2.853495906722806
212,0.95,Beijing_Zang_sub41621,2.7014441502640727,2.698848121222003,2.6374448199667277,2.9626716722177466,3.055531890732404
213,0.05,Beijing_Zang_sub42512,2.1189852755215184,2.1702335014674916,2.138156820590656,2.4281132665197678,2.3268566645539868
213,0.25,Beijing_Zang_sub42512,2.282597715507597,2.32591927062547,2.282026675080847,2.588190962041747,2.526047010463284
213,0.5,Beijing_Zang_sub42512,2.39632300600808,2.434134815395712,2.3820291015317414,2.6994592887498747,2.6645021301067158
213,0.75,Beijing_Zang_sub42512,2.510048296508563,2.5423503601659547,2.4820315279826355,2.8107276154580028,2.8029572497501487
213,0.95,Beijing_Zang_sub42512,2.6736607364946408,2.6980361293239326,2.625901382472827,2.970805310979981,3.0021475956594452
214,0.05,Beijing_Zang_sub42555,2.155114860977262,2.1687466103048574,2.1518701124909745,2.4249704294365095,2.38958714925677
214,0.25,Beijing_Zang_sub42555,2.323377525632276,2.329007148278559,2.297740956275972,2.5875717250736416,2.5939104774404025
214,0.5,Beijing_Zang_sub42555,2.4403351385124763,2.440402566856594,2.39913424939238,2.700594179745555,2.735933479210234
214,0.75,Beijing_Zang_sub42555,2.557292751392676,2.551797985434629,2.500527542508789,2.8136166344174685,2.877956480980063
214,0.95,Beijing_Zang_sub42555,2.72555541604769,2.71205852340833,2.6463983862937845,2.976217930054601,3.082279809163698
215,0.05,Beijing_Zang_sub42843,2.1259627342485565,2.1611663343427256,2.1411135001653663,2.406756237673588,2.3550208459173767
215,0.25,Beijing_Zang_sub42843,2.289575174234634,2.316852103500703,2.284983354655557,2.5668339331955665,2.5542111918266728
215,0.5,Beijing_Zang_sub42843,2.4033004647351177,2.425067648270946,2.3849857811064514,2.678102259903694,2.692666311470105
215,0.75,Beijing_Zang_sub42843,2.5170257552356,2.533283193041188,2.4849882075573455,2.7893705866118217,2.831121431113537
215,0.95,Beijing_Zang_sub42843,2.6806381952216793,2.6889689621991657,2.6288580620475366,2.9494482821338,3.030311777022834
216,0.05,Beijing_Zang_sub43290,2.1189852755215184,2.1702335014674916,2.138156820590656,2.4281132665197678,2.3268566645539868
216,0.25,Beijing_Zang_sub43290,2.282597715507597,2.32591927062547,2.282026675080847,2.588190962041747,2.526047010463284
216,0.5,Beijing_Zang_sub43290,2.39632300600808,2.434134815395712,2.3820291015317414,2.6994592887498747,2.6645021301067158
216,0.75,Beijing_Zang_sub43290,2.510048296508563,2.5423503601659547,2.4820315279826355,2.8107276154580028,2.8029572497501487
216,0.95,Beijing_Zang_sub43290,2.6736607364946408,2.6980361293239326,2.625901382472827,2.970805310979981,3.0021475956594452
217,0.05,Beijing_Zang_sub44573,2.1394903545687574,2.164656771456664,2.146556619328907,2.416061666742505,2.370593737049113
217,0.25,Beijing_Zang_sub44573,2.305249682576246,2.322227019834389,2.2913537519185194,2.5772950419484473,2.5726297210587123
217,0.5,Beijing_Zang_sub44573,2.4204672524164152,2.431752446339334,2.3920007196478172,2.689366669480127,2.713062813890759
217,0.75,Beijing_Zang_sub44573,2.535684822256584,2.541277872844278,2.492647687377115,2.8014382970118064,2.853495906722806
217,0.95,Beijing_Zang_sub44573,2.7014441502640727,2.698848121222003,2.6374448199667277,2.9626716722177466,3.055531890732404
218,0.05,Beijing_Zang_sub45552,2.155114860977262,2.1687466103048574,2.1518701124909745,2.4249704294365095,2.38958714925677
218,0.25,Beijing_Zang_sub45552,2.323377525632276,2.329007148278559,2.297740956275972,2.5875717250736416,2.5939104774404025
218,0.5,Beijing_Zang_sub45552,2.4403351385124763,2.440402566856594,2.39913424939238,2.700594179745555,2.735933479210234
218,0.75,Beijing_Zang_sub45552,2.557292751392676,2.551797985434629,2.500527542508789,2.8136166344174685,2.877956480980063
218,0.95,Beijing_Zang_sub45552,2.72555541604769,2.71205852340833,2.6463983862937845,2.976217930054601,3.082279809163698
219,0.05,Beijing_Zang_sub46058,2.0770117925102682,2.1591760641530904,2.109225815063949,2.3803513747582814,2.282810062759173
219,0.25,Beijing_Zang_sub46058,2.2333853007633704,2.3123860300496633,2.2512491199622144,2.537175905494474,2.465560360862578
219,0.5,Beijing_Zang_sub46058,2.342078885763245,2.418880669947702,2.3499680291647675,2.6461829914904595,2.592588175756285
219,0.75,Beijing_Zang_sub46058,2.4507724707631198,2.52537530984574,2.448686938367321,2.755190077486445,2.719615990649993
219,0.95,Beijing_Zang_sub46058,2.607145979016223,2.6785852757423143,2.590710243265586,2.9120146082226386,2.902366288753396
220,0.05,Beijing_Zang_sub46259,2.132512895841719,2.1737239385814306,2.143599939754198,2.437418695588687,2.3424295556857224
220,0.25,Beijing_Zang_sub46259,2.298272223849208,2.3312941869591555,2.2883970723438094,2.5986520707946283,2.5444655396953233
220,0.5,Beijing_Zang_sub46259,2.4134897936893775,2.4408196134641003,2.3890440400731077,2.7107236983263077,2.6848986325273696
220,0.75,Beijing_Zang_sub46259,2.5287073635295463,2.550345039969044,2.489691007802406,2.822795325857987,2.8253317253594155
220,0.95,Beijing_Zang_sub46259,2.694466691537036,2.707915288346769,2.6344881403920173,2.984028701063928,3.0273677093690154
221,0.05,Beijing_Zang_sub46541,2.107393635237176,2.167282178605984,2.132591770222204,2.4185472221172257,2.3141928170914454
221,0.25,Beijing_Zang_sub46541,2.269160098158581,2.3217342103291827,2.275697052501737,2.5776618835104,2.5101622440405467
221,0.5,Beijing_Zang_sub46541,2.381602269368409,2.4290921971522206,2.375168032830483,2.688260815299232,2.646378536706898
221,0.75,Beijing_Zang_sub46541,2.4940444405782363,2.5364501839752585,2.4746390131592304,2.798859747088064,2.7825948293732496
221,0.95,Beijing_Zang_sub46541,2.6558109034996407,2.690902215698456,2.6177442954387615,2.957974408481237,2.9785642563223496
222,0.05,Beijing_Zang_sub48501,2.096325040550137,2.153604855449213,2.1240747598513265,2.37781067047194,2.323760938392333
222,0.25,Beijing_Zang_sub48501,2.2550961122503916,2.306970743067973,2.266209165147273,2.5355045962841896,2.512864996210212
222,0.5,Beijing_Zang_sub48501,2.365456218448435,2.413573762519257,2.365005299070649,2.645115989676315,2.6443092428212185
222,0.75,Beijing_Zang_sub48501,2.4758163246464773,2.52017678197054,2.463801432994025,2.7547273830684413,2.775753489432224
222,0.95,Beijing_Zang_sub48501,2.634587396346733,2.6735426695893008,2.6059358382899727,2.9124213088806896,2.964857547250103
223,0.05,Beijing_Zang_sub48563,2.1259627342485565,2.1611663343427256,2.1411135001653663,2.406756237673588,2.3550208459173767
223,0.25,Beijing_Zang_sub48563,2.289575174234634,2.316852103500703,2.284983354655557,2.5668339331955665,2.5542111918266728
223,0.5,Beijing_Zang_sub48563,2.4033004647351177,2.425067648270946,2.3849857811064514,2.678102259903694,2.692666311470105
223,0.75,Beijing_Zang_sub48563,2.5170257552356,2.533283193041188,2.4849882075573455,2.7893705866118217,2.831121431113537
223,0.95,Beijing_Zang_sub48563,2.6806381952216793,2.6889689621991657,2.6288580620475366,2.9494482821338,3.030311777022834
224,0.05,Beijing_Zang_sub48676,2.107393635237176,2.167282178605984,2.132591770222204,2.4185472221172257,2.3141928170914454
224,0.25,Beijing_Zang_sub48676,2.269160098158581,2.3217342103291827,2.275697052501737,2.5776618835104,2.5101622440405467
224,0.5,Beijing_Zang_sub48676,2.381602269368409,2.4290921971522206,2.375168032830483,2.688260815299232,2.646378536706898
224,0.75,Beijing_Zang_sub48676,2.4940444405782363,2.5364501839752585,2.4746390131592304,2.798859747088064,2.7825948293732496
224,0.95,Beijing_Zang_sub48676,2.6558109034996407,2.690902215698456,2.6177442954387615,2.957974408481237,2.9785642563223496
225,0.05,Beijing_Zang_sub49782,2.1394903545687574,2.164656771456664,2.146556619328907,2.416061666742505,2.370593737049113
225,0.25,Beijing_Zang_sub49782,2.305249682576246,2.322227019834389,2.2913537519185194,2.5772950419484473,2.5726297210587123
225,0.5,Beijing_Zang_sub49782,2.4204672524164152,2.431752446339334,2.3920007196478172,2.689366669480127,2.713062813890759
225,0.75,Beijing_Zang_sub49782,2.535684822256584,2.541277872844278,2.492647687377115,2.8014382970118064,2.853495906722806
225,0.95,Beijing_Zang_sub49782,2.7014441502640727,2.698848121222003,2.6374448199667277,2.9626716722177466,3.055531890732404
226,0.05,Beijing_Zang_sub50498,2.114371093964215,2.1582150114812175,2.1355484497969144,2.3971901932710438,2.3423569984548362
226,0.25,Beijing_Zang_sub50498,2.276137556885619,2.3126670432044163,2.2786537320764464,2.5563048546642193,2.5383264254039353
226,0.5,Beijing_Zang_sub50498,2.3885797280954466,2.420025030027454,2.378124712405193,2.666903786453051,2.674542718070287
226,0.75,Beijing_Zang_sub50498,2.501021899305274,2.5273830168504925,2.4775956927339395,2.7775027182418834,2.810759010736638
226,0.95,Beijing_Zang_sub50498,2.662788362226679,2.6818350485736904,2.620700975013472,2.936617379635057,3.0067284376857377
227,0.05,Beijing_Zang_sub50873,2.104548549504056,2.1557241192110435,2.12986708456203,2.387497239669894,2.3320996778953744
227,0.25,Beijing_Zang_sub50873,2.2647179353995046,2.3094489393231803,2.2723879994766745,2.54582330064983,2.5246506318562805
227,0.5,Beijing_Zang_sub50873,2.3760499951242644,2.416301448984883,2.3714527921809556,2.655874084564993,2.6584907798133193
227,0.75,Beijing_Zang_sub50873,2.487382054849025,2.5231539586465863,2.4705175848852363,2.7659248684801563,2.792330927770358
227,0.95,Beijing_Zang_sub50873,2.6475514407444734,2.6768787787587236,2.61303849979988,2.924250929460093,2.984881881731263
228,0.05,Beijing_Zang_sub50972,2.089529189955266,2.1517642557728553,2.118177561325985,2.3682645761593473,2.3168701879270435
228,0.25,Beijing_Zang_sub50972,2.2470513499325224,2.3050036988379685,2.260140536834503,2.5254643934683627,2.502657819614257
228,0.5,Beijing_Zang_sub50972,2.35654335069482,2.4115188280066,2.358817511711186,2.634732337223812,2.6317968532159983
228,0.75,Beijing_Zang_sub50972,2.4660353514571174,2.5180339571752306,2.457494486587869,2.7440002809792614,2.76093588681774
228,0.95,Beijing_Zang_sub50972,2.623557511434374,2.671273400240342,2.599457462096387,2.9012000982882764,2.9467235185049536
229,0.05,Beijing_Zang_sub50985,2.1394903545687574,2.164656771456664,2.146556619328907,2.416061666742505,2.370593737049113
229,0.25,Beijing_Zang_sub50985,2.305249682576246,2.322227019834389,2.2913537519185194,2.5772950419484473,2.5726297210587123
229,0.5,Beijing_Zang_sub50985,2.4204672524164152,2.431752446339334,2.3920007196478172,2.689366669480127,2.713062813890759
229,0.75,Beijing_Zang_sub50985,2.535684822256584,2.541277872844278,2.492647687377115,2.8014382970118064,2.853495906722806
229,0.95,Beijing_Zang_sub50985,2.7014441502640727,2.698848121222003,2.6374448199667277,2.9626716722177466,3.055531890732404
230,0.05,Beijing_Zang_sub51015,2.1259627342485565,2.1611663343427256,2.1411135001653663,2.406756237673588,2.3550208459173767
230,0.25,Beijing_Zang_sub51015,2.289575174234634,2.316852103500703,2.284983354655557,2.5668339331955665,2.5542111918266728
230,0.5,Beijing_Zang_sub51015,2.4033004647351177,2.425067648270946,2.3849857811064514,2.678102259903694,2.692666311470105
230,0.75,Beijing_Zang_sub51015,2.5170257552356,2.533283193041188,2.4849882075573455,2.7893705866118217,2.831121431113537
230,0.95,Beijing_Zang_sub51015,2.6806381952216793,2.6889689621991657,2.6288580620475366,2.9494482821338,3.030311777022834
231,0.05,Beijing_Zang_sub51586,2.097571090777018,2.1647912863358085,2.1269104049873206,2.408854268516074,2.3039354965319876
231,0.25,Beijing_Zang_sub51586,2.257740476672467,2.3185161064479467,2.269431319901965,2.567180329496011,2.496486450492892
231,0.5,Beijing_Zang_sub51586,2.3690725363972267,2.4253686161096497,2.368496112606246,2.677231113411174,2.6303265984499307
231,0.75,Beijing_Zang_sub51586,2.4804045961219874,2.532221125771353,2.467560905310527,2.7872818973263374,2.7641667464069695
231,0.95,Beijing_Zang_sub51586,2.640573982017436,2.6859459458834896,2.610081820225171,2.9456079583062746,2.9567177003678737
232,0.05,Beijing_Zang_sub52044,2.104548549504056,2.1557241192110435,2.12986708456203,2.387497239669894,2.3320996778953744
232,0.25,Beijing_Zang_sub52044,2.2647179353995046,2.3094489393231803,2.2723879994766745,2.54582330064983,2.5246506318562805
232,0.5,Beijing_Zang_sub52044,2.3760499951242644,2.416301448984883,2.3714527921809556,2.655874084564993,2.6584907798133193
232,0.75,Beijing_Zang_sub52044,2.487382054849025,2.5231539586465863,2.4705175848852363,2.7659248684801563,2.792330927770358
232,0.95,Beijing_Zang_sub52044,2.6475514407444734,2.6768787787587236,2.61303849979988,2.924250929460093,2.984881881731263
233,0.05,Beijing_Zang_sub52259,2.107393635237176,2.167282178605984,2.132591770222204,2.4185472221172257,2.3141928170914454
233,0.25,Beijing_Zang_sub52259,2.269160098158581,2.3217342103291827,2.275697052501737,2.5776618835104,2.5101622440405467
233,0.5,Beijing_Zang_sub52259,2.381602269368409,2.4290921971522206,2.375168032830483,2.688260815299232,2.646378536706898
233,0.75,Beijing_Zang_sub52259,2.4940444405782363,2.5364501839752585,2.4746390131592304,2.798859747088064,2.7825948293732496
233,0.95,Beijing_Zang_sub52259,2.6558109034996407,2.690902215698456,2.6177442954387615,2.957974408481237,2.9785642563223496
234,0.05,Beijing_Zang_sub53572,2.1189852755215184,2.1702335014674916,2.138156820590656,2.4281132665197678,2.3268566645539868
234,0.25,Beijing_Zang_sub53572,2.282597715507597,2.32591927062547,2.282026675080847,2.588190962041747,2.526047010463284
234,0.5,Beijing_Zang_sub53572,2.39632300600808,2.434134815395712,2.3820291015317414,2.6994592887498747,2.6645021301067158
234,0.75,Beijing_Zang_sub53572,2.510048296508563,2.5423503601659547,2.4820315279826355,2.8107276154580028,2.8029572497501487
234,0.95,Beijing_Zang_sub53572,2.6736607364946408,2.6980361293239326,2.625901382472827,2.970805310979981,3.0021475956594452
235,0.05,Beijing_Zang_sub53998,2.1259627342485565,2.1611663343427256,2.1411135001653663,2.406756237673588,2.3550208459173767
235,0.25,Beijing_Zang_sub53998,2.289575174234634,2.316852103500703,2.284983354655557,2.5668339331955665,2.5542111918266728
235,0.5,Beijing_Zang_sub53998,2.4033004647351177,2.425067648270946,2.3849857811064514,2.678102259903694,2.692666311470105
235,0.75,Beijing_Zang_sub53998,2.5170257552356,2.533283193041188,2.4849882075573455,2.7893705866118217,2.831121431113537
235,0.95,Beijing_Zang_sub53998,2.6806381952216793,2.6889689621991657,2.6288580620475366,2.9494482821338,3.030311777022834
236,0.05,Beijing_Zang_sub54890,2.114371093964215,2.1582150114812175,2.1355484497969144,2.3971901932710438,2.3423569984548362
236,0.25,Beijing_Zang_sub54890,2.276137556885619,2.3126670432044163,2.2786537320764464,2.5563048546642193,2.5383264254039353
236,0.5,Beijing_Zang_sub54890,2.3885797280954466,2.420025030027454,2.378124712405193,2.666903786453051,2.674542718070287
236,0.75,Beijing_Zang_sub54890,2.501021899305274,2.5273830168504925,2.4775956927339395,2.7775027182418834,2.810759010736638
236,0.95,Beijing_Zang_sub54890,2.662788362226679,2.6818350485736904,2.620700975013472,2.936617379635057,3.0067284376857377
237,0.05,Beijing_Zang_sub55301,2.096325040550137,2.153604855449213,2.1240747598513265,2.37781067047194,2.323760938392333
237,0.25,Beijing_Zang_sub55301,2.2550961122503916,2.306970743067973,2.266209165147273,2.5355045962841896,2.512864996210212
237,0.5,Beijing_Zang_sub55301,2.365456218448435,2.413573762519257,2.365005299070649,2.645115989676315,2.6443092428212185
237,0.75,Beijing_Zang_sub55301,2.4758163246464773,2.52017678197054,2.463801432994025,2.7547273830684413,2.775753489432224
237,0.95,Beijing_Zang_sub55301,2.634587396346733,2.6735426695893008,2.6059358382899727,2.9124213088806896,2.964857547250103
238,0.05,Beijing_Zang_sub55541,2.0770117925102682,2.1591760641530904,2.109225815063949,2.3803513747582814,2.282810062759173
238,0.25,Beijing_Zang_sub55541,2.2333853007633704,2.3123860300496633,2.2512491199622144,2.537175905494474,2.465560360862578
238,0.5,Beijing_Zang_sub55541,2.342078885763245,2.418880669947702,2.3499680291647675,2.6461829914904595,2.592588175756285
238,0.75,Beijing_Zang_sub55541,2.4507724707631198,2.52537530984574,2.448686938367321,2.755190077486445,2.719615990649993
238,0.95,Beijing_Zang_sub55541,2.607145979016223,2.6785852757423143,2.590710243265586,2.9120146082226386,2.902366288753396
239,0.05,Beijing_Zang_sub55736,2.132512895841719,2.1737239385814306,2.143599939754198,2.437418695588687,2.3424295556857224
239,0.25,Beijing_Zang_sub55736,2.298272223849208,2.3312941869591555,2.2883970723438094,2.5986520707946283,2.5444655396953233
239,0.5,Beijing_Zang_sub55736,2.4134897936893775,2.4408196134641003,2.3890440400731077,2.7107236983263077,2.6848986325273696
239,0.75,Beijing_Zang_sub55736,2.5287073635295463,2.550345039969044,2.489691007802406,2.822795325857987,2.8253317253594155
239,0.95,Beijing_Zang_sub55736,2.694466691537036,2.707915288346769,2.6344881403920173,2.984028701063928,3.0273677093690154
240,0.05,Beijing_Zang_sub55856,2.104548549504056,2.1557241192110435,2.12986708456203,2.387497239669894,2.3320996778953744
240,0.25,Beijing_Zang_sub55856,2.2647179353995046,2.3094489393231803,2.2723879994766745,2.54582330064983,2.5246506318562805
240,0.5,Beijing_Zang_sub55856,2.3760499951242644,2.416301448984883,2.3714527921809556,2.655874084564993,2.6584907798133193
240,0.75,Beijing_Zang_sub55856,2.487382054849025,2.5231539586465863,2.4705175848852363,2.7659248684801563,2.792330927770358
240,0.95,Beijing_Zang_sub55856,2.6475514407444734,2.6768787787587236,2.61303849979988,2.924250929460093,2.984881881731263
241,0.05,Beijing_Zang_sub56136,2.097571090777018,2.1647912863358085,2.1269104049873206,2.408854268516074,2.3039354965319876
241,0.25,Beijing_Zang_sub56136,2.257740476672467,2.3185161064479467,2.269431319901965,2.567180329496011,2.496486450492892
241,0.5,Beijing_Zang_sub56136,2.3690725363972267,2.4253686161096497,2.368496112606246,2.677231113411174,2.6303265984499307
241,0.75,Beijing_Zang_sub56136,2.4804045961219874,2.532221125771353,2.467560905310527,2.7872818973263374,2.7641667464069695
241,0.95,Beijing_Zang_sub56136,2.640573982017436,2.6859459458834896,2.610081820225171,2.9456079583062746,2.9567177003678737
242,0.05,Beijing_Zang_sub56659,2.096325040550137,2.153604855449213,2.1240747598513265,2.37781067047194,2.323760938392333
242,0.25,Beijing_Zang_sub56659,2.2550961122503916,2.306970743067973,2.266209165147273,2.5355045962841896,2.512864996210212
242,0.5,Beijing_Zang_sub56659,2.365456218448435,2.413573762519257,2.365005299070649,2.645115989676315,2.6443092428212185
242,0.75,Beijing_Zang_sub56659,2.4758163246464773,2.52017678197054,2.463801432994025,2.7547273830684413,2.775753489432224
242,0.95,Beijing_Zang_sub56659,2.634587396346733,2.6735426695893008,2.6059358382899727,2.9124213088806896,2.964857547250103
243,0.05,Beijing_Zang_sub56703,2.107393635237176,2.167282178605984,2.132591770222204,2.4185472221172257,2.3141928170914454
243,0.25,Beijing_Zang_sub56703,2.269160098158581,2.3217342103291827,2.275697052501737,2.5776618835104,2.5101622440405467
243,0.5,Beijing_Zang_sub56703,2.381602269368409,2.4290921971522206,2.375168032830483,2.688260815299232,2.646378536706898
243,0.75,Beijing_Zang_sub56703,2.4940444405782363,2.5364501839752585,2.4746390131592304,2.798859747088064,2.7825948293732496
243,0.95,Beijing_Zang_sub56703,2.6558109034996407,2.690902215698456,2.6177442954387615,2.957974408481237,2.9785642563223496
244,0.05,Beijing_Zang_sub56757,2.107393635237176,2.167282178605984,2.132591770222204,2.4185472221172257,2.3141928170914454
244,0.25,Beijing_Zang_sub56757,2.269160098158581,2.3217342103291827,2.275697052501737,2.5776618835104,2.5101622440405467
244,0.5,Beijing_Zang_sub56757,2.381602269368409,2.4290921971522206,2.375168032830483,2.688260815299232,2.646378536706898
244,0.75,Beijing_Zang_sub56757,2.4940444405782363,2.5364501839752585,2.4746390131592304,2.798859747088064,2.7825948293732496
244,0.95,Beijing_Zang_sub56757,2.6558109034996407,2.690902215698456,2.6177442954387615,2.957974408481237,2.9785642563223496
245,0.05,Beijing_Zang_sub58029,2.079539715787619,2.1485534853932062,2.1060993088239353,2.350126324304877,2.305666933820313
245,0.25,Beijing_Zang_sub58029,2.2348196150054047,2.3017059538009326,2.248427596820909,2.506675041030074,2.4857854625020765
245,0.5,Beijing_Zang_sub58029,2.3427530438383886,2.408160627797706,2.347358496575656,2.6154904116007094,2.6109839620819137
245,0.75,Beijing_Zang_sub58029,2.4506864726713733,2.5146153017944792,2.446289396330403,2.724305782171345,2.736182461661751
245,0.95,Beijing_Zang_sub58029,2.6059663718891586,2.667767770202206,2.5886176843273767,2.8808544988965425,2.916300990343516
246,0.05,Beijing_Zang_sub58332,2.107393635237176,2.167282178605984,2.132591770222204,2.4185472221172257,2.3141928170914454
246,0.25,Beijing_Zang_sub58332,2.269160098158581,2.3217342103291827,2.275697052501737,2.5776618835104,2.5101622440405467
246,0.5,Beijing_Zang_sub58332,2.381602269368409,2.4290921971522206,2.375168032830483,2.688260815299232,2.646378536706898
246,0.75,Beijing_Zang_sub58332,2.4940444405782363,2.5364501839752585,2.4746390131592304,2.798859747088064,2.7825948293732496
246,0.95,Beijing_Zang_sub58332,2.6558109034996407,2.690902215698456,2.6177442954387615,2.957974408481237,2.9785642563223496
247,0.05,Beijing_Zang_sub58614,2.132512895841719,2.1737239385814306,2.143599939754198,2.437418695588687,2.3424295556857224
247,0.25,Beijing_Zang_sub58614,2.298272223849208,2.3312941869591555,2.2883970723438094,2.5986520707946283,2.5444655396953233
247,0.5,Beijing_Zang_sub58614,2.4134897936893775,2.4408196134641003,2.3890440400731077,2.7107236983263077,2.6848986325273696
247,0.75,Beijing_Zang_sub58614,2.5287073635295463,2.550345039969044,2.489691007802406,2.822795325857987,2.8253317253594155
247,0.95,Beijing_Zang_sub58614,2.694466691537036,2.707915288346769,2.6344881403920173,2.984028701063928,3.0273677093690154
248,0.05,Beijing_Zang_sub59347,2.107393635237176,2.167282178605984,2.132591770222204,2.4185472221172257,2.3141928170914454
248,0.25,Beijing_Zang_sub59347,2.269160098158581,2.3217342103291827,2.275697052501737,2.5776618835104,2.5101622440405467
248,0.5,Beijing_Zang_sub59347,2.381602269368409,2.4290921971522206,2.375168032830483,2.688260815299232,2.646378536706898
248,0.75,Beijing_Zang_sub59347,2.4940444405782363,2.5364501839752585,2.4746390131592304,2.798859747088064,2.7825948293732496
248,0.95,Beijing_Zang_sub59347,2.6558109034996407,2.690902215698456,2.6177442954387615,2.957974408481237,2.9785642563223496
249,0.05,Beijing_Zang_sub59448,2.1189852755215184,2.1702335014674916,2.138156820590656,2.4281132665197678,2.3268566645539868
249,0.25,Beijing_Zang_sub59448,2.282597715507597,2.32591927062547,2.282026675080847,2.588190962041747,2.526047010463284
249,0.5,Beijing_Zang_sub59448,2.39632300600808,2.434134815395712,2.3820291015317414,2.6994592887498747,2.6645021301067158
249,0.75,Beijing_Zang_sub59448,2.510048296508563,2.5423503601659547,2.4820315279826355,2.8107276154580028,2.8029572497501487
249,0.95,Beijing_Zang_sub59448,2.6736607364946408,2.6980361293239326,2.625901382472827,2.970805310979981,3.0021475956594452
250,0.05,Beijing_Zang_sub61961,2.114371093964215,2.1582150114812175,2.1355484497969144,2.3971901932710438,2.3423569984548362
250,0.25,Beijing_Zang_sub61961,2.276137556885619,2.3126670432044163,2.2786537320764464,2.5563048546642193,2.5383264254039353
250,0.5,Beijing_Zang_sub61961,2.3885797280954466,2.420025030027454,2.378124712405193,2.666903786453051,2.674542718070287
250,0.75,Beijing_Zang_sub61961,2.501021899305274,2.5273830168504925,2.4775956927339395,2.7775027182418834,2.810759010736638
250,0.95,Beijing_Zang_sub61961,2.662788362226679,2.6818350485736904,2.620700975013472,2.936617379635057,3.0067284376857377
251,0.05,Beijing_Zang_sub62083,2.1259627342485565,2.1611663343427256,2.1411135001653663,2.406756237673588,2.3550208459173767
251,0.25,Beijing_Zang_sub62083,2.289575174234634,2.316852103500703,2.284983354655557,2.5668339331955665,2.5542111918266728
251,0.5,Beijing_Zang_sub62083,2.4033004647351177,2.425067648270946,2.3849857811064514,2.678102259903694,2.692666311470105
251,0.75,Beijing_Zang_sub62083,2.5170257552356,2.533283193041188,2.4849882075573455,2.7893705866118217,2.831121431113537
251,0.95,Beijing_Zang_sub62083,2.6806381952216793,2.6889689621991657,2.6288580620475366,2.9494482821338,3.030311777022834
252,0.05,Beijing_Zang_sub62438,2.107393635237176,2.167282178605984,2.132591770222204,2.4185472221172257,2.3141928170914454
252,0.25,Beijing_Zang_sub62438,2.269160098158581,2.3217342103291827,2.275697052501737,2.5776618835104,2.5101622440405467
252,0.5,Beijing_Zang_sub62438,2.381602269368409,2.4290921971522206,2.375168032830483,2.688260815299232,2.646378536706898
252,0.75,Beijing_Zang_sub62438,2.4940444405782363,2.5364501839752585,2.4746390131592304,2.798859747088064,2.7825948293732496
252,0.95,Beijing_Zang_sub62438,2.6558109034996407,2.690902215698456,2.6177442954387615,2.957974408481237,2.9785642563223496
253,0.05,Beijing_Zang_sub62843,2.1394903545687574,2.164656771456664,2.146556619328907,2.416061666742505,2.370593737049113
253,0.25,Beijing_Zang_sub62843,2.305249682576246,2.322227019834389,2.2913537519185194,2.5772950419484473,2.5726297210587123
253,0.5,Beijing_Zang_sub62843,2.4204672524164152,2.431752446339334,2.3920007196478172,2.689366669480127,2.713062813890759
253,0.75,Beijing_Zang_sub62843,2.535684822256584,2.541277872844278,2.492647687377115,2.8014382970118064,2.853495906722806
253,0.95,Beijing_Zang_sub62843,2.7014441502640727,2.698848121222003,2.6374448199667277,2.9626716722177466,3.055531890732404
254,0.05,Beijing_Zang_sub62966,2.132512895841719,2.1737239385814306,2.143599939754198,2.437418695588687,2.3424295556857224
254,0.25,Beijing_Zang_sub62966,2.298272223849208,2.3312941869591555,2.2883970723438094,2.5986520707946283,2.5444655396953233
254,0.5,Beijing_Zang_sub62966,2.4134897936893775,2.4408196134641003,2.3890440400731077,2.7107236983263077,2.6848986325273696
254,0.75,Beijing_Zang_sub62966,2.5287073635295463,2.550345039969044,2.489691007802406,2.822795325857987,2.8253317253594155
254,0.95,Beijing_Zang_sub62966,2.694466691537036,2.707915288346769,2.6344881403920173,2.984028701063928,3.0273677093690154
255,0.05,Beijing_Zang_sub64923,2.114371093964215,2.1582150114812175,2.1355484497969144,2.3971901932710438,2.3423569984548362
255,0.25,Beijing_Zang_sub64923,2.276137556885619,2.3126670432044163,2.2786537320764464,2.5563048546642193,2.5383264254039353
255,0.5,Beijing_Zang_sub64923,2.3885797280954466,2.420025030027454,2.378124712405193,2.666903786453051,2.674542718070287
255,0.75,Beijing_Zang_sub64923,2.501021899305274,2.5273830168504925,2.4775956927339395,2.7775027182418834,2.810759010736638
255,0.95,Beijing_Zang_sub64923,2.662788362226679,2.6818350485736904,2.620700975013472,2.936617379635057,3.0067284376857377
256,0.05,Beijing_Zang_sub65467,2.107393635237176,2.167282178605984,2.132591770222204,2.4185472221172257,2.3141928170914454
256,0.25,Beijing_Zang_sub65467,2.269160098158581,2.3217342103291827,2.275697052501737,2.5776618835104,2.5101622440405467
256,0.5,Beijing_Zang_sub65467,2.381602269368409,2.4290921971522206,2.375168032830483,2.688260815299232,2.646378536706898
256,0.75,Beijing_Zang_sub65467,2.4940444405782363,2.5364501839752585,2.4746390131592304,2.798859747088064,2.7825948293732496
256,0.95,Beijing_Zang_sub65467,2.6558109034996407,2.690902215698456,2.6177442954387615,2.957974408481237,2.9785642563223496
257,0.05,Beijing_Zang_sub65659,2.107393635237176,2.167282178605984,2.132591770222204,2.4185472221172257,2.3141928170914454
257,0.25,Beijing_Zang_sub65659,2.269160098158581,2.3217342103291827,2.275697052501737,2.5776618835104,2.5101622440405467
257,0.5,Beijing_Zang_sub65659,2.381602269368409,2.4290921971522206,2.375168032830483,2.688260815299232,2.646378536706898
257,0.75,Beijing_Zang_sub65659,2.4940444405782363,2.5364501839752585,2.4746390131592304,2.798859747088064,2.7825948293732496
257,0.95,Beijing_Zang_sub65659,2.6558109034996407,2.690902215698456,2.6177442954387615,2.957974408481237,2.9785642563223496
258,0.05,Beijing_Zang_sub66158,2.114371093964215,2.1582150114812175,2.1355484497969144,2.3971901932710438,2.3423569984548362
258,0.25,Beijing_Zang_sub66158,2.276137556885619,2.3126670432044163,2.2786537320764464,2.5563048546642193,2.5383264254039353
258,0.5,Beijing_Zang_sub66158,2.3885797280954466,2.420025030027454,2.378124712405193,2.666903786453051,2.674542718070287
258,0.75,Beijing_Zang_sub66158,2.501021899305274,2.5273830168504925,2.4775956927339395,2.7775027182418834,2.810759010736638
258,0.95,Beijing_Zang_sub66158,2.662788362226679,2.6818350485736904,2.620700975013472,2.936617379635057,3.0067284376857377
259,0.05,Beijing_Zang_sub66528,2.104548549504056,2.1557241192110435,2.12986708456203,2.387497239669894,2.3320996778953744
259,0.25,Beijing_Zang_sub66528,2.2647179353995046,2.3094489393231803,2.2723879994766745,2.54582330064983,2.5246506318562805
259,0.5,Beijing_Zang_sub66528,2.3760499951242644,2.416301448984883,2.3714527921809556,2.655874084564993,2.6584907798133193
259,0.75,Beijing_Zang_sub66528,2.487382054849025,2.5231539586465863,2.4705175848852363,2.7659248684801563,2.792330927770358
259,0.95,Beijing_Zang_sub66528,2.6475514407444734,2.6768787787587236,2.61303849979988,2.924250929460093,2.984881881731263
260,0.05,Beijing_Zang_sub66781,2.107393635237176,2.167282178605984,2.132591770222204,2.4185472221172257,2.3141928170914454
260,0.25,Beijing_Zang_sub66781,2.269160098158581,2.3217342103291827,2.275697052501737,2.5776618835104,2.5101622440405467
260,0.5,Beijing_Zang_sub66781,2.381602269368409,2.4290921971522206,2.375168032830483,2.688260815299232,2.646378536706898
260,0.75,Beijing_Zang_sub66781,2.4940444405782363,2.5364501839752585,2.4746390131592304,2.798859747088064,2.7825948293732496
260,0.95,Beijing_Zang_sub66781,2.6558109034996407,2.690902215698456,2.6177442954387615,2.957974408481237,2.9785642563223496
261,0.05,Beijing_Zang_sub66889,2.089347581823099,2.1626720225739793,2.1211180802766165,2.399167699318121,2.295596757028943
261,0.25,Beijing_Zang_sub66889,2.2481186535233544,2.3160379101927395,2.263252485572563,2.55686162513037,2.484700814846823
261,0.5,Beijing_Zang_sub66889,2.358478759721397,2.4226409296440234,2.3620486194959396,2.6664730185224963,2.6161450614578294
261,0.75,Beijing_Zang_sub66889,2.46883886591944,2.529243949095307,2.460844753419315,2.7760844119146224,2.7475893080688354
261,0.95,Beijing_Zang_sub66889,2.6276099376196957,2.682609836714067,2.602979158715263,2.9337783377268716,2.9366933658867156
262,0.05,Beijing_Zang_sub67435,2.1259627342485565,2.1611663343427256,2.1411135001653663,2.406756237673588,2.3550208459173767
262,0.25,Beijing_Zang_sub67435,2.289575174234634,2.316852103500703,2.284983354655557,2.5668339331955665,2.5542111918266728
262,0.5,Beijing_Zang_sub67435,2.4033004647351177,2.425067648270946,2.3849857811064514,2.678102259903694,2.692666311470105
262,0.75,Beijing_Zang_sub67435,2.5170257552356,2.533283193041188,2.4849882075573455,2.7893705866118217,2.831121431113537
262,0.95,Beijing_Zang_sub67435,2.6806381952216793,2.6889689621991657,2.6288580620475366,2.9494482821338,3.030311777022834
263,0.05,Beijing_Zang_sub67844,2.1259627342485565,2.1611663343427256,2.1411135001653663,2.406756237673588,2.3550208459173767
263,0.25,Beijing_Zang_sub67844,2.289575174234634,2.316852103500703,2.284983354655557,2.5668339331955665,2.5542111918266728
263,0.5,Beijing_Zang_sub67844,2.4033004647351177,2.425067648270946,2.3849857811064514,2.678102259903694,2.692666311470105
263,0.75,Beijing_Zang_sub67844,2.5170257552356,2.533283193041188,2.4849882075573455,2.7893705866118217,2.831121431113537
263,0.95,Beijing_Zang_sub67844,2.6806381952216793,2.6889689621991657,2.6288580620475366,2.9494482821338,3.030311777022834
264,0.05,Beijing_Zang_sub68012,2.089529189955266,2.1517642557728553,2.118177561325985,2.3682645761593473,2.3168701879270435
264,0.25,Beijing_Zang_sub68012,2.2470513499325224,2.3050036988379685,2.260140536834503,2.5254643934683627,2.502657819614257
264,0.5,Beijing_Zang_sub68012,2.35654335069482,2.4115188280066,2.358817511711186,2.634732337223812,2.6317968532159983
264,0.75,Beijing_Zang_sub68012,2.4660353514571174,2.5180339571752306,2.457494486587869,2.7440002809792614,2.76093588681774
264,0.95,Beijing_Zang_sub68012,2.623557511434374,2.671273400240342,2.599457462096387,2.9012000982882764,2.9467235185049536
265,0.05,Beijing_Zang_sub68597,2.1394903545687574,2.164656771456664,2.146556619328907,2.416061666742505,2.370593737049113
265,0.25,Beijing_Zang_sub68597,2.305249682576246,2.322227019834389,2.2913537519185194,2.5772950419484473,2.5726297210587123
265,0.5,Beijing_Zang_sub68597,2.4204672524164152,2.431752446339334,2.3920007196478172,2.689366669480127,2.713062813890759
265,0.75,Beijing_Zang_sub68597,2.535684822256584,2.541277872844278,2.492647687377115,2.8014382970118064,2.853495906722806
265,0.95,Beijing_Zang_sub68597,2.7014441502640727,2.698848121222003,2.6374448199667277,2.9626716722177466,3.055531890732404
266,0.05,Beijing_Zang_sub69518,2.114371093964215,2.1582150114812175,2.1355484497969144,2.3971901932710438,2.3423569984548362
266,0.25,Beijing_Zang_sub69518,2.276137556885619,2.3126670432044163,2.2786537320764464,2.5563048546642193,2.5383264254039353
266,0.5,Beijing_Zang_sub69518,2.3885797280954466,2.420025030027454,2.378124712405193,2.666903786453051,2.674542718070287
266,0.75,Beijing_Zang_sub69518,2.501021899305274,2.5273830168504925,2.4775956927339395,2.7775027182418834,2.810759010736638
266,0.95,Beijing_Zang_sub69518,2.662788362226679,2.6818350485736904,2.620700975013472,2.936617379635057,3.0067284376857377
267,0.05,Beijing_Zang_sub69696,2.148137402250225,2.1778137774296247,2.1489134329162645,2.44632745828269,2.3614229678933802
267,0.25,Beijing_Zang_sub69696,2.3164000669052385,2.3380743154033254,2.294784276701262,2.608928753919823,2.5657462960770134
267,0.5,Beijing_Zang_sub69696,2.4333576797854386,2.4494697339813603,2.396177569817671,2.721951208591736,2.7077692978468444
267,0.75,Beijing_Zang_sub69696,2.550315292665639,2.560865152559395,2.497570862934079,2.8349736632636495,2.8497922996166745
267,0.95,Beijing_Zang_sub69696,2.718577957320653,2.7211256905330954,2.6434417067190767,2.997574958900782,3.0541156278003063
268,0.05,Beijing_Zang_sub71693,2.089347581823099,2.1626720225739793,2.1211180802766165,2.399167699318121,2.295596757028943
268,0.25,Beijing_Zang_sub71693,2.2481186535233544,2.3160379101927395,2.263252485572563,2.55686162513037,2.484700814846823
268,0.5,Beijing_Zang_sub71693,2.358478759721397,2.4226409296440234,2.3620486194959396,2.6664730185224963,2.6161450614578294
268,0.75,Beijing_Zang_sub71693,2.46883886591944,2.529243949095307,2.460844753419315,2.7760844119146224,2.7475893080688354
268,0.95,Beijing_Zang_sub71693,2.6276099376196957,2.682609836714067,2.602979158715263,2.9337783377268716,2.9366933658867156
269,0.05,Beijing_Zang_sub72654,2.104548549504056,2.1557241192110435,2.12986708456203,2.387497239669894,2.3320996778953744
269,0.25,Beijing_Zang_sub72654,2.2647179353995046,2.3094489393231803,2.2723879994766745,2.54582330064983,2.5246506318562805
269,0.5,Beijing_Zang_sub72654,2.3760499951242644,2.416301448984883,2.3714527921809556,2.655874084564993,2.6584907798133193
269,0.75,Beijing_Zang_sub72654,2.487382054849025,2.5231539586465863,2.4705175848852363,2.7659248684801563,2.792330927770358
269,0.95,Beijing_Zang_sub72654,2.6475514407444734,2.6768787787587236,2.61303849979988,2.924250929460093,2.984881881731263
270,0.05,Beijing_Zang_sub72678,2.1259627342485565,2.1611663343427256,2.1411135001653663,2.406756237673588,2.3550208459173767
270,0.25,Beijing_Zang_sub72678,2.289575174234634,2.316852103500703,2.284983354655557,2.5668339331955665,2.5542111918266728
270,0.5,Beijing_Zang_sub72678,2.4033004647351177,2.425067648270946,2.3849857811064514,2.678102259903694,2.692666311470105
270,0.75,Beijing_Zang_sub72678,2.5170257552356,2.533283193041188,2.4849882075573455,2.7893705866118217,2.831121431113537
270,0.95,Beijing_Zang_sub72678,2.6806381952216793,2.6889689621991657,2.6288580620475366,2.9494482821338,3.030311777022834
271,0.05,Beijing_Zang_sub73098,2.1259627342485565,2.1611663343427256,2.1411135001653663,2.406756237673588,2.3550208459173767
271,0.25,Beijing_Zang_sub73098,2.289575174234634,2.316852103500703,2.284983354655557,2.5668339331955665,2.5542111918266728
271,0.5,Beijing_Zang_sub73098,2.4033004647351177,2.425067648270946,2.3849857811064514,2.678102259903694,2.692666311470105
271,0.75,Beijing_Zang_sub73098,2.5170257552356,2.533283193041188,2.4849882075573455,2.7893705866118217,2.831121431113537
271,0.95,Beijing_Zang_sub73098,2.6806381952216793,2.6889689621991657,2.6288580620475366,2.9494482821338,3.030311777022834
272,0.05,Beijing_Zang_sub73245,2.089529189955266,2.1517642557728553,2.118177561325985,2.3682645761593473,2.3168701879270435
272,0.25,Beijing_Zang_sub73245,2.2470513499325224,2.3050036988379685,2.260140536834503,2.5254643934683627,2.502657819614257
272,0.5,Beijing_Zang_sub73245,2.35654335069482,2.4115188280066,2.358817511711186,2.634732337223812,2.6317968532159983
272,0.75,Beijing_Zang_sub73245,2.4660353514571174,2.5180339571752306,2.457494486587869,2.7440002809792614,2.76093588681774
272,0.95,Beijing_Zang_sub73245,2.623557511434374,2.671273400240342,2.599457462096387,2.9012000982882764,2.9467235185049536
273,0.05,Beijing_Zang_sub73279,2.1259627342485565,2.1611663343427256,2.1411135001653663,2.406756237673588,2.3550208459173767
273,0.25,Beijing_Zang_sub73279,2.289575174234634,2.316852103500703,2.284983354655557,2.5668339331955665,2.5542111918266728
273,0.5,Beijing_Zang_sub73279,2.4033004647351177,2.425067648270946,2.3849857811064514,2.678102259903694,2.692666311470105
273,0.75,Beijing_Zang_sub73279,2.5170257552356,2.533283193041188,2.4849882075573455,2.7893705866118217,2.831121431113537
273,0.95,Beijing_Zang_sub73279,2.6806381952216793,2.6889689621991657,2.6288580620475366,2.9494482821338,3.030311777022834
274,0.05,Beijing_Zang_sub73421,2.1394903545687574,2.164656771456664,2.146556619328907,2.416061666742505,2.370593737049113
274,0.25,Beijing_Zang_sub73421,2.305249682576246,2.322227019834389,2.2913537519185194,2.5772950419484473,2.5726297210587123
274,0.5,Beijing_Zang_sub73421,2.4204672524164152,2.431752446339334,2.3920007196478172,2.689366669480127,2.713062813890759
274,0.75,Beijing_Zang_sub73421,2.535684822256584,2.541277872844278,2.492647687377115,2.8014382970118064,2.853495906722806
274,0.95,Beijing_Zang_sub73421,2.7014441502640727,2.698848121222003,2.6374448199667277,2.9626716722177466,3.055531890732404
275,0.05,Beijing_Zang_sub74386,2.1259627342485565,2.1611663343427256,2.1411135001653663,2.406756237673588,2.3550208459173767
275,0.25,Beijing_Zang_sub74386,2.289575174234634,2.316852103500703,2.284983354655557,2.5668339331955665,2.5542111918266728
275,0.5,Beijing_Zang_sub74386,2.4033004647351177,2.425067648270946,2.3849857811064514,2.678102259903694,2.692666311470105
275,0.75,Beijing_Zang_sub74386,2.5170257552356,2.533283193041188,2.4849882075573455,2.7893705866118217,2.831121431113537
275,0.95,Beijing_Zang_sub74386,2.6806381952216793,2.6889689621991657,2.6288580620475366,2.9494482821338,3.030311777022834
276,0.05,Beijing_Zang_sub74587,2.1259627342485565,2.1611663343427256,2.1411135001653663,2.406756237673588,2.3550208459173767
276,0.25,Beijing_Zang_sub74587,2.289575174234634,2.316852103500703,2.284983354655557,2.5668339331955665,2.5542111918266728
276,0.5,Beijing_Zang_sub74587,2.4033004647351177,2.425067648270946,2.3849857811064514,2.678102259903694,2.692666311470105
276,0.75,Beijing_Zang_sub74587,2.5170257552356,2.533283193041188,2.4849882075573455,2.7893705866118217,2.831121431113537
276,0.95,Beijing_Zang_sub74587,2.6806381952216793,2.6889689621991657,2.6288580620475366,2.9494482821338,3.030311777022834
277,0.05,Beijing_Zang_sub75878,2.082551731228228,2.1608314228976226,2.1152208817512745,2.3896216050055283,2.288706006563654
277,0.25,Beijing_Zang_sub75878,2.2400738912054847,2.314070865962735,2.257183857259793,2.5468214223145442,2.4744936382508675
277,0.5,Beijing_Zang_sub75878,2.349565891967782,2.420585995131366,2.355860832136476,2.656089366069993,2.6036326718526093
277,0.75,Beijing_Zang_sub75878,2.4590578927300797,2.5271011242999974,2.454537807013159,2.7653573098254425,2.7327717054543506
277,0.95,Beijing_Zang_sub75878,2.6165800527073357,2.68034056736511,2.5965007825216775,2.9225571271344584,2.9185593371415646
278,0.05,Beijing_Zang_sub76377,2.082551731228228,2.1608314228976226,2.1152208817512745,2.3896216050055283,2.288706006563654
278,0.25,Beijing_Zang_sub76377,2.2400738912054847,2.314070865962735,2.257183857259793,2.5468214223145442,2.4744936382508675
278,0.5,Beijing_Zang_sub76377,2.349565891967782,2.420585995131366,2.355860832136476,2.656089366069993,2.6036326718526093
278,0.75,Beijing_Zang_sub76377,2.4590578927300797,2.5271011242999974,2.454537807013159,2.7653573098254425,2.7327717054543506
278,0.95,Beijing_Zang_sub76377,2.6165800527073357,2.68034056736511,2.5965007825216775,2.9225571271344584,2.9185593371415646
279,0.05,Beijing_Zang_sub77440,2.089529189955266,2.1517642557728553,2.118177561325985,2.3682645761593473,2.3168701879270435
279,0.25,Beijing_Zang_sub77440,2.2470513499325224,2.3050036988379685,2.260140536834503,2.5254643934683627,2.502657819614257
279,0.5,Beijing_Zang_sub77440,2.35654335069482,2.4115188280066,2.358817511711186,2.634732337223812,2.6317968532159983
279,0.75,Beijing_Zang_sub77440,2.4660353514571174,2.5180339571752306,2.457494486587869,2.7440002809792614,2.76093588681774
279,0.95,Beijing_Zang_sub77440,2.623557511434374,2.671273400240342,2.599457462096387,2.9012000982882764,2.9467235185049536
280,0.05,Beijing_Zang_sub80163,2.089529189955266,2.1517642557728553,2.118177561325985,2.3682645761593473,2.3168701879270435
280,0.25,Beijing_Zang_sub80163,2.2470513499325224,2.3050036988379685,2.260140536834503,2.5254643934683627,2.502657819614257
280,0.5,Beijing_Zang_sub80163,2.35654335069482,2.4115188280066,2.358817511711186,2.634732337223812,2.6317968532159983
280,0.75,Beijing_Zang_sub80163,2.4660353514571174,2.5180339571752306,2.457494486587869,2.7440002809792614,2.76093588681774
280,0.95,Beijing_Zang_sub80163,2.623557511434374,2.671273400240342,2.599457462096387,2.9012000982882764,2.9467235185049536
281,0.05,Beijing_Zang_sub80551,2.1259627342485565,2.1611663343427256,2.1411135001653663,2.406756237673588,2.3550208459173767
281,0.25,Beijing_Zang_sub80551,2.289575174234634,2.316852103500703,2.284983354655557,2.5668339331955665,2.5542111918266728
281,0.5,Beijing_Zang_sub80551,2.4033004647351177,2.425067648270946,2.3849857811064514,2.678102259903694,2.692666311470105
281,0.75,Beijing_Zang_sub80551,2.5170257552356,2.533283193041188,2.4849882075573455,2.7893705866118217,2.831121431113537
281,0.95,Beijing_Zang_sub80551,2.6806381952216793,2.6889689621991657,2.6288580620475366,2.9494482821338,3.030311777022834
282,0.05,Beijing_Zang_sub80569,2.097571090777018,2.1647912863358085,2.1269104049873206,2.408854268516074,2.3039354965319876
282,0.25,Beijing_Zang_sub80569,2.257740476672467,2.3185161064479467,2.269431319901965,2.567180329496011,2.496486450492892
282,0.5,Beijing_Zang_sub80569,2.3690725363972267,2.4253686161096497,2.368496112606246,2.677231113411174,2.6303265984499307
282,0.75,Beijing_Zang_sub80569,2.4804045961219874,2.532221125771353,2.467560905310527,2.7872818973263374,2.7641667464069695
282,0.95,Beijing_Zang_sub80569,2.640573982017436,2.6859459458834896,2.610081820225171,2.9456079583062746,2.9567177003678737
283,0.05,Beijing_Zang_sub80927,2.1394903545687574,2.164656771456664,2.146556619328907,2.416061666742505,2.370593737049113
283,0.25,Beijing_Zang_sub80927,2.305249682576246,2.322227019834389,2.2913537519185194,2.5772950419484473,2.5726297210587123
283,0.5,Beijing_Zang_sub80927,2.4204672524164152,2.431752446339334,2.3920007196478172,2.689366669480127,2.713062813890759
283,0.75,Beijing_Zang_sub80927,2.535684822256584,2.541277872844278,2.492647687377115,2.8014382970118064,2.853495906722806
283,0.95,Beijing_Zang_sub80927,2.7014441502640727,2.698848121222003,2.6374448199667277,2.9626716722177466,3.055531890732404
284,0.05,Beijing_Zang_sub81062,2.104548549504056,2.1557241192110435,2.12986708456203,2.387497239669894,2.3320996778953744
284,0.25,Beijing_Zang_sub81062,2.2647179353995046,2.3094489393231803,2.2723879994766745,2.54582330064983,2.5246506318562805
284,0.5,Beijing_Zang_sub81062,2.3760499951242644,2.416301448984883,2.3714527921809556,2.655874084564993,2.6584907798133193
284,0.75,Beijing_Zang_sub81062,2.487382054849025,2.5231539586465863,2.4705175848852363,2.7659248684801563,2.792330927770358
284,0.95,Beijing_Zang_sub81062,2.6475514407444734,2.6768787787587236,2.61303849979988,2.924250929460093,2.984881881731263
285,0.05,Beijing_Zang_sub81074,2.1259627342485565,2.1611663343427256,2.1411135001653663,2.406756237673588,2.3550208459173767
285,0.25,Beijing_Zang_sub81074,2.289575174234634,2.316852103500703,2.284983354655557,2.5668339331955665,2.5542111918266728
285,0.5,Beijing_Zang_sub81074,2.4033004647351177,2.425067648270946,2.3849857811064514,2.678102259903694,2.692666311470105
285,0.75,Beijing_Zang_sub81074,2.5170257552356,2.533283193041188,2.4849882075573455,2.7893705866118217,2.831121431113537
285,0.95,Beijing_Zang_sub81074,2.6806381952216793,2.6889689621991657,2.6288580620475366,2.9494482821338,3.030311777022834
286,0.05,Beijing_Zang_sub82352,2.089529189955266,2.1517642557728553,2.118177561325985,2.3682645761593473,2.3168701879270435
286,0.25,Beijing_Zang_sub82352,2.2470513499325224,2.3050036988379685,2.260140536834503,2.5254643934683627,2.502657819614257
286,0.5,Beijing_Zang_sub82352,2.35654335069482,2.4115188280066,2.358817511711186,2.634732337223812,2.6317968532159983
286,0.75,Beijing_Zang_sub82352,2.4660353514571174,2.5180339571752306,2.457494486587869,2.7440002809792614,2.76093588681774
286,0.95,Beijing_Zang_sub82352,2.623557511434374,2.671273400240342,2.599457462096387,2.9012000982882764,2.9467235185049536
287,0.05,Beijing_Zang_sub82426,2.096325040550137,2.153604855449213,2.1240747598513265,2.37781067047194,2.323760938392333
287,0.25,Beijing_Zang_sub82426,2.2550961122503916,2.306970743067973,2.266209165147273,2.5355045962841896,2.512864996210212
287,0.5,Beijing_Zang_sub82426,2.365456218448435,2.413573762519257,2.365005299070649,2.645115989676315,2.6443092428212185
287,0.75,Beijing_Zang_sub82426,2.4758163246464773,2.52017678197054,2.463801432994025,2.7547273830684413,2.775753489432224
287,0.95,Beijing_Zang_sub82426,2.634587396346733,2.6735426695893008,2.6059358382899727,2.9124213088806896,2.964857547250103
288,0.05,Beijing_Zang_sub82714,2.1259627342485565,2.1611663343427256,2.1411135001653663,2.406756237673588,2.3550208459173767
288,0.25,Beijing_Zang_sub82714,2.289575174234634,2.316852103500703,2.284983354655557,2.5668339331955665,2.5542111918266728
288,0.5,Beijing_Zang_sub82714,2.4033004647351177,2.425067648270946,2.3849857811064514,2.678102259903694,2.692666311470105
288,0.75,Beijing_Zang_sub82714,2.5170257552356,2.533283193041188,2.4849882075573455,2.7893705866118217,2.831121431113537
288,0.95,Beijing_Zang_sub82714,2.6806381952216793,2.6889689621991657,2.6288580620475366,2.9494482821338,3.030311777022834
289,0.05,Beijing_Zang_sub82826,2.1259627342485565,2.1611663343427256,2.1411135001653663,2.406756237673588,2.3550208459173767
289,0.25,Beijing_Zang_sub82826,2.289575174234634,2.316852103500703,2.284983354655557,2.5668339331955665,2.5542111918266728
289,0.5,Beijing_Zang_sub82826,2.4033004647351177,2.425067648270946,2.3849857811064514,2.678102259903694,2.692666311470105
289,0.75,Beijing_Zang_sub82826,2.5170257552356,2.533283193041188,2.4849882075573455,2.7893705866118217,2.831121431113537
289,0.95,Beijing_Zang_sub82826,2.6806381952216793,2.6889689621991657,2.6288580620475366,2.9494482821338,3.030311777022834
290,0.05,Beijing_Zang_sub82980,2.1189852755215184,2.1702335014674916,2.138156820590656,2.4281132665197678,2.3268566645539868
290,0.25,Beijing_Zang_sub82980,2.282597715507597,2.32591927062547,2.282026675080847,2.588190962041747,2.526047010463284
290,0.5,Beijing_Zang_sub82980,2.39632300600808,2.434134815395712,2.3820291015317414,2.6994592887498747,2.6645021301067158
290,0.75,Beijing_Zang_sub82980,2.510048296508563,2.5423503601659547,2.4820315279826355,2.8107276154580028,2.8029572497501487
290,0.95,Beijing_Zang_sub82980,2.6736607364946408,2.6980361293239326,2.625901382472827,2.970805310979981,3.0021475956594452
291,0.05,Beijing_Zang_sub83430,2.155114860977262,2.1687466103048574,2.1518701124909745,2.4249704294365095,2.38958714925677
291,0.25,Beijing_Zang_sub83430,2.323377525632276,2.329007148278559,2.297740956275972,2.5875717250736416,2.5939104774404025
291,0.5,Beijing_Zang_sub83430,2.4403351385124763,2.440402566856594,2.39913424939238,2.700594179745555,2.735933479210234
291,0.75,Beijing_Zang_sub83430,2.557292751392676,2.551797985434629,2.500527542508789,2.8136166344174685,2.877956480980063
291,0.95,Beijing_Zang_sub83430,2.72555541604769,2.71205852340833,2.6463983862937845,2.976217930054601,3.082279809163698
292,0.05,Beijing_Zang_sub83624,2.1259627342485565,2.1611663343427256,2.1411135001653663,2.406756237673588,2.3550208459173767
292,0.25,Beijing_Zang_sub83624,2.289575174234634,2.316852103500703,2.284983354655557,2.5668339331955665,2.5542111918266728
292,0.5,Beijing_Zang_sub83624,2.4033004647351177,2.425067648270946,2.3849857811064514,2.678102259903694,2.692666311470105
292,0.75,Beijing_Zang_sub83624,2.5170257552356,2.533283193041188,2.4849882075573455,2.7893705866118217,2.831121431113537
292,0.95,Beijing_Zang_sub83624,2.6806381952216793,2.6889689621991657,2.6288580620475366,2.9494482821338,3.030311777022834
293,0.05,Beijing_Zang_sub83728,2.107393635237176,2.167282178605984,2.132591770222204,2.4185472221172257,2.3141928170914454
293,0.25,Beijing_Zang_sub83728,2.269160098158581,2.3217342103291827,2.275697052501737,2.5776618835104,2.5101622440405467
293,0.5,Beijing_Zang_sub83728,2.381602269368409,2.4290921971522206,2.375168032830483,2.688260815299232,2.646378536706898
293,0.75,Beijing_Zang_sub83728,2.4940444405782363,2.5364501839752585,2.4746390131592304,2.798859747088064,2.7825948293732496
293,0.95,Beijing_Zang_sub83728,2.6558109034996407,2.690902215698456,2.6177442954387615,2.957974408481237,2.9785642563223496
294,0.05,Beijing_Zang_sub85030,2.097571090777018,2.1647912863358085,2.1269104049873206,2.408854268516074,2.3039354965319876
294,0.25,Beijing_Zang_sub85030,2.257740476672467,2.3185161064479467,2.269431319901965,2.567180329496011,2.496486450492892
294,0.5,Beijing_Zang_sub85030,2.3690725363972267,2.4253686161096497,2.368496112606246,2.677231113411174,2.6303265984499307
294,0.75,Beijing_Zang_sub85030,2.4804045961219874,2.532221125771353,2.467560905310527,2.7872818973263374,2.7641667464069695
294,0.95,Beijing_Zang_sub85030,2.640573982017436,2.6859459458834896,2.610081820225171,2.9456079583062746,2.9567177003678737
295,0.05,Beijing_Zang_sub85543,2.1259627342485565,2.1611663343427256,2.1411135001653663,2.406756237673588,2.3550208459173767
295,0.25,Beijing_Zang_sub85543,2.289575174234634,2.316852103500703,2.284983354655557,2.5668339331955665,2.5542111918266728
295,0.5,Beijing_Zang_sub85543,2.4033004647351177,2.425067648270946,2.3849857811064514,2.678102259903694,2.692666311470105
295,0.75,Beijing_Zang_sub85543,2.5170257552356,2.533283193041188,2.4849882075573455,2.7893705866118217,2.831121431113537
295,0.95,Beijing_Zang_sub85543,2.6806381952216793,2.6889689621991657,2.6288580620475366,2.9494482821338,3.030311777022834
296,0.05,Beijing_Zang_sub85818,2.096325040550137,2.153604855449213,2.1240747598513265,2.37781067047194,2.323760938392333
296,0.25,Beijing_Zang_sub85818,2.2550961122503916,2.306970743067973,2.266209165147273,2.5355045962841896,2.512864996210212
296,0.5,Beijing_Zang_sub85818,2.365456218448435,2.413573762519257,2.365005299070649,2.645115989676315,2.6443092428212185
296,0.75,Beijing_Zang_sub85818,2.4758163246464773,2.52017678197054,2.463801432994025,2.7547273830684413,2.775753489432224
296,0.95,Beijing_Zang_sub85818,2.634587396346733,2.6735426695893008,2.6059358382899727,2.9124213088806896,2.964857547250103
297,0.05,Beijing_Zang_sub86114,2.104548549504056,2.1557241192110435,2.12986708456203,2.387497239669894,2.3320996778953744
297,0.25,Beijing_Zang_sub86114,2.2647179353995046,2.3094489393231803,2.2723879994766745,2.54582330064983,2.5246506318562805
297,0.5,Beijing_Zang_sub86114,2.3760499951242644,2.416301448984883,2.3714527921809556,2.655874084564993,2.6584907798133193
297,0.75,Beijing_Zang_sub86114,2.487382054849025,2.5231539586465863,2.4705175848852363,2.7659248684801563,2.792330927770358
297,0.95,Beijing_Zang_sub86114,2.6475514407444734,2.6768787787587236,2.61303849979988,2.924250929460093,2.984881881731263
298,0.05,Beijing_Zang_sub87089,2.089529189955266,2.1517642557728553,2.118177561325985,2.3682645761593473,2.3168701879270435
298,0.25,Beijing_Zang_sub87089,2.2470513499325224,2.3050036988379685,2.260140536834503,2.5254643934683627,2.502657819614257
298,0.5,Beijing_Zang_sub87089,2.35654335069482,2.4115188280066,2.358817511711186,2.634732337223812,2.6317968532159983
298,0.75,Beijing_Zang_sub87089,2.4660353514571174,2.5180339571752306,2.457494486587869,2.7440002809792614,2.76093588681774
298,0.95,Beijing_Zang_sub87089,2.623557511434374,2.671273400240342,2.599457462096387,2.9012000982882764,2.9467235185049536
299,0.05,Beijing_Zang_sub87776,2.114371093964215,2.1582150114812175,2.1355484497969144,2.3971901932710438,2.3423569984548362
299,0.25,Beijing_Zang_sub87776,2.276137556885619,2.3126670432044163,2.2786537320764464,2.5563048546642193,2.5383264254039353
299,0.5,Beijing_Zang_sub87776,2.3885797280954466,2.420025030027454,2.378124712405193,2.666903786453051,2.674542718070287
299,0.75,Beijing_Zang_sub87776,2.501021899305274,2.5273830168504925,2.4775956927339395,2.7775027182418834,2.810759010736638
299,0.95,Beijing_Zang_sub87776,2.662788362226679,2.6818350485736904,2.620700975013472,2.936617379635057,3.0067284376857377
300,0.05,Beijing_Zang_sub88306,2.1394903545687574,2.164656771456664,2.146556619328907,2.416061666742505,2.370593737049113
300,0.25,Beijing_Zang_sub88306,2.305249682576246,2.322227019834389,2.2913537519185194,2.5772950419484473,2.5726297210587123
300,0.5,Beijing_Zang_sub88306,2.4204672524164152,2.431752446339334,2.3920007196478172,2.689366669480127,2.713062813890759
300,0.75,Beijing_Zang_sub88306,2.535684822256584,2.541277872844278,2.492647687377115,2.8014382970118064,2.853495906722806
300,0.95,Beijing_Zang_sub88306,2.7014441502640727,2.698848121222003,2.6374448199667277,2.9626716722177466,3.055531890732404
301,0.05,Beijing_Zang_sub88947,2.114371093964215,2.1582150114812175,2.1355484497969144,2.3971901932710438,2.3423569984548362
301,0.25,Beijing_Zang_sub88947,2.276137556885619,2.3126670432044163,2.2786537320764464,2.5563048546642193,2.5383264254039353
301,0.5,Beijing_Zang_sub88947,2.3885797280954466,2.420025030027454,2.378124712405193,2.666903786453051,2.674542718070287
301,0.75,Beijing_Zang_sub88947,2.501021899305274,2.5273830168504925,2.4775956927339395,2.7775027182418834,2.810759010736638
301,0.95,Beijing_Zang_sub88947,2.662788362226679,2.6818350485736904,2.620700975013472,2.936617379635057,3.0067284376857377
302,0.05,Beijing_Zang_sub89088,2.1394903545687574,2.164656771456664,2.146556619328907,2.416061666742505,2.370593737049113
302,0.25,Beijing_Zang_sub89088,2.305249682576246,2.322227019834389,2.2913537519185194,2.5772950419484473,2.5726297210587123
302,0.5,Beijing_Zang_sub89088,2.4204672524164152,2.431752446339334,2.3920007196478172,2.689366669480127,2.713062813890759
302,0.75,Beijing_Zang_sub89088,2.535684822256584,2.541277872844278,2.492647687377115,2.8014382970118064,2.853495906722806
302,0.95,Beijing_Zang_sub89088,2.7014441502640727,2.698848121222003,2.6374448199667277,2.9626716722177466,3.055531890732404
303,0.05,Beijing_Zang_sub89238,2.104548549504056,2.1557241192110435,2.12986708456203,2.387497239669894,2.3320996778953744
303,0.25,Beijing_Zang_sub89238,2.2647179353995046,2.3094489393231803,2.2723879994766745,2.54582330064983,2.5246506318562805
303,0.5,Beijing_Zang_sub89238,2.3760499951242644,2.416301448984883,2.3714527921809556,2.655874084564993,2.6584907798133193
303,0.75,Beijing_Zang_sub89238,2.487382054849025,2.5231539586465863,2.4705175848852363,2.7659248684801563,2.792330927770358
303,0.95,Beijing_Zang_sub89238,2.6475514407444734,2.6768787787587236,2.61303849979988,2.924250929460093,2.984881881731263
304,0.05,Beijing_Zang_sub89592,2.107393635237176,2.167282178605984,2.132591770222204,2.4185472221172257,2.3141928170914454
304,0.25,Beijing_Zang_sub89592,2.269160098158581,2.3217342103291827,2.275697052501737,2.5776618835104,2.5101622440405467
304,0.5,Beijing_Zang_sub89592,2.381602269368409,2.4290921971522206,2.375168032830483,2.688260815299232,2.646378536706898
304,0.75,Beijing_Zang_sub89592,2.4940444405782363,2.5364501839752585,2.4746390131592304,2.798859747088064,2.7825948293732496
304,0.95,Beijing_Zang_sub89592,2.6558109034996407,2.690902215698456,2.6177442954387615,2.957974408481237,2.9785642563223496
305,0.05,Beijing_Zang_sub89742,2.107393635237176,2.167282178605984,2.132591770222204,2.4185472221172257,2.3141928170914454
305,0.25,Beijing_Zang_sub89742,2.269160098158581,2.3217342103291827,2.275697052501737,2.5776618835104,2.5101622440405467
305,0.5,Beijing_Zang_sub89742,2.381602269368409,2.4290921971522206,2.375168032830483,2.688260815299232,2.646378536706898
305,0.75,Beijing_Zang_sub89742,2.4940444405782363,2.5364501839752585,2.4746390131592304,2.798859747088064,2.7825948293732496
305,0.95,Beijing_Zang_sub89742,2.6558109034996407,2.690902215698456,2.6177442954387615,2.957974408481237,2.9785642563223496
306,0.05,Beijing_Zang_sub89941,2.148137402250225,2.1778137774296247,2.1489134329162645,2.44632745828269,2.3614229678933802
306,0.25,Beijing_Zang_sub89941,2.3164000669052385,2.3380743154033254,2.294784276701262,2.608928753919823,2.5657462960770134
306,0.5,Beijing_Zang_sub89941,2.4333576797854386,2.4494697339813603,2.396177569817671,2.721951208591736,2.7077692978468444
306,0.75,Beijing_Zang_sub89941,2.550315292665639,2.560865152559395,2.497570862934079,2.8349736632636495,2.8497922996166745
306,0.95,Beijing_Zang_sub89941,2.718577957320653,2.7211256905330954,2.6434417067190767,2.997574958900782,3.0541156278003063
307,0.05,Beijing_Zang_sub91145,2.107393635237176,2.167282178605984,2.132591770222204,2.4185472221172257,2.3141928170914454
307,0.25,Beijing_Zang_sub91145,2.269160098158581,2.3217342103291827,2.275697052501737,2.5776618835104,2.5101622440405467
307,0.5,Beijing_Zang_sub91145,2.381602269368409,2.4290921971522206,2.375168032830483,2.688260815299232,2.646378536706898
307,0.75,Beijing_Zang_sub91145,2.4940444405782363,2.5364501839752585,2.4746390131592304,2.798859747088064,2.7825948293732496
307,0.95,Beijing_Zang_sub91145,2.6558109034996407,2.690902215698456,2.6177442954387615,2.957974408481237,2.9785642563223496
308,0.05,Beijing_Zang_sub91399,2.107393635237176,2.167282178605984,2.132591770222204,2.4185472221172257,2.3141928170914454
308,0.25,Beijing_Zang_sub91399,2.269160098158581,2.3217342103291827,2.275697052501737,2.5776618835104,2.5101622440405467
308,0.5,Beijing_Zang_sub91399,2.381602269368409,2.4290921971522206,2.375168032830483,2.688260815299232,2.646378536706898
308,0.75,Beijing_Zang_sub91399,2.4940444405782363,2.5364501839752585,2.4746390131592304,2.798859747088064,2.7825948293732496
308,0.95,Beijing_Zang_sub91399,2.6558109034996407,2.690902215698456,2.6177442954387615,2.957974408481237,2.9785642563223496
309,0.05,Beijing_Zang_sub91952,2.104548549504056,2.1557241192110435,2.12986708456203,2.387497239669894,2.3320996778953744
309,0.25,Beijing_Zang_sub91952,2.2647179353995046,2.3094489393231803,2.2723879994766745,2.54582330064983,2.5246506318562805
309,0.5,Beijing_Zang_sub91952,2.3760499951242644,2.416301448984883,2.3714527921809556,2.655874084564993,2.6584907798133193
309,0.75,Beijing_Zang_sub91952,2.487382054849025,2.5231539586465863,2.4705175848852363,2.7659248684801563,2.792330927770358
309,0.95,Beijing_Zang_sub91952,2.6475514407444734,2.6768787787587236,2.61303849979988,2.924250929460093,2.984881881731263
310,0.05,Beijing_Zang_sub92430,2.107393635237176,2.167282178605984,2.132591770222204,2.4185472221172257,2.3141928170914454
310,0.25,Beijing_Zang_sub92430,2.269160098158581,2.3217342103291827,2.275697052501737,2.5776618835104,2.5101622440405467
310,0.5,Beijing_Zang_sub92430,2.381602269368409,2.4290921971522206,2.375168032830483,2.688260815299232,2.646378536706898
310,0.75,Beijing_Zang_sub92430,2.4940444405782363,2.5364501839752585,2.4746390131592304,2.798859747088064,2.7825948293732496
310,0.95,Beijing_Zang_sub92430,2.6558109034996407,2.690902215698456,2.6177442954387615,2.957974408481237,2.9785642563223496
311,0.05,Beijing_Zang_sub92490,2.1189852755215184,2.1702335014674916,2.138156820590656,2.4281132665197678,2.3268566645539868
311,0.25,Beijing_Zang_sub92490,2.282597715507597,2.32591927062547,2.282026675080847,2.588190962041747,2.526047010463284
311,0.5,Beijing_Zang_sub92490,2.39632300600808,2.434134815395712,2.3820291015317414,2.6994592887498747,2.6645021301067158
311,0.75,Beijing_Zang_sub92490,2.510048296508563,2.5423503601659547,2.4820315279826355,2.8107276154580028,2.8029572497501487
311,0.95,Beijing_Zang_sub92490,2.6736607364946408,2.6980361293239326,2.625901382472827,2.970805310979981,3.0021475956594452
312,0.05,Beijing_Zang_sub92544,2.097571090777018,2.1647912863358085,2.1269104049873206,2.408854268516074,2.3039354965319876
312,0.25,Beijing_Zang_sub92544,2.257740476672467,2.3185161064479467,2.269431319901965,2.567180329496011,2.496486450492892
312,0.5,Beijing_Zang_sub92544,2.3690725363972267,2.4253686161096497,2.368496112606246,2.677231113411174,2.6303265984499307
312,0.75,Beijing_Zang_sub92544,2.4804045961219874,2.532221125771353,2.467560905310527,2.7872818973263374,2.7641667464069695
312,0.95,Beijing_Zang_sub92544,2.640573982017436,2.6859459458834896,2.610081820225171,2.9456079583062746,2.9567177003678737
313,0.05,Beijing_Zang_sub92602,2.0725622570605813,2.157620652517974,2.1031426292492252,2.371483353151056,2.2775027524569236
313,0.25,Beijing_Zang_sub92602,2.2278421562783666,2.310773120925699,2.245470917246199,2.528032069876256,2.4576212811386875
313,0.5,Beijing_Zang_sub92602,2.335775585111351,2.4172277949224728,2.344401817000946,2.636847440446891,2.5828197807185247
313,0.75,Beijing_Zang_sub92602,2.4437090139443356,2.5236824689192456,2.4433327167556933,2.745662811017526,2.708018280298362
313,0.95,Beijing_Zang_sub92602,2.5989889131621204,2.6768349373269715,2.5856610047526667,2.9022115277427236,2.8881368089801245
314,0.05,Beijing_Zang_sub92799,2.096325040550137,2.153604855449213,2.1240747598513265,2.37781067047194,2.323760938392333
314,0.25,Beijing_Zang_sub92799,2.2550961122503916,2.306970743067973,2.266209165147273,2.5355045962841896,2.512864996210212
314,0.5,Beijing_Zang_sub92799,2.365456218448435,2.413573762519257,2.365005299070649,2.645115989676315,2.6443092428212185
314,0.75,Beijing_Zang_sub92799,2.4758163246464773,2.52017678197054,2.463801432994025,2.7547273830684413,2.775753489432224
314,0.95,Beijing_Zang_sub92799,2.634587396346733,2.6735426695893008,2.6059358382899727,2.9124213088806896,2.964857547250103
315,0.05,Beijing_Zang_sub92859,2.114371093964215,2.1582150114812175,2.1355484497969144,2.3971901932710438,2.3423569984548362
315,0.25,Beijing_Zang_sub92859,2.276137556885619,2.3126670432044163,2.2786537320764464,2.5563048546642193,2.5383264254039353
315,0.5,Beijing_Zang_sub92859,2.3885797280954466,2.420025030027454,2.378124712405193,2.666903786453051,2.674542718070287
315,0.75,Beijing_Zang_sub92859,2.501021899305274,2.5273830168504925,2.4775956927339395,2.7775027182418834,2.810759010736638
315,0.95,Beijing_Zang_sub92859,2.662788362226679,2.6818350485736904,2.620700975013472,2.936617379635057,3.0067284376857377
316,0.05,Beijing_Zang_sub93689,2.1394903545687574,2.164656771456664,2.146556619328907,2.416061666742505,2.370593737049113
316,0.25,Beijing_Zang_sub93689,2.305249682576246,2.322227019834389,2.2913537519185194,2.5772950419484473,2.5726297210587123
316,0.5,Beijing_Zang_sub93689,2.4204672524164152,2.431752446339334,2.3920007196478172,2.689366669480127,2.713062813890759
316,0.75,Beijing_Zang_sub93689,2.535684822256584,2.541277872844278,2.492647687377115,2.8014382970118064,2.853495906722806
316,0.95,Beijing_Zang_sub93689,2.7014441502640727,2.698848121222003,2.6374448199667277,2.9626716722177466,3.055531890732404
317,0.05,Beijing_Zang_sub93856,2.1259627342485565,2.1611663343427256,2.1411135001653663,2.406756237673588,2.3550208459173767
317,0.25,Beijing_Zang_sub93856,2.289575174234634,2.316852103500703,2.284983354655557,2.5668339331955665,2.5542111918266728
317,0.5,Beijing_Zang_sub93856,2.4033004647351177,2.425067648270946,2.3849857811064514,2.678102259903694,2.692666311470105
317,0.75,Beijing_Zang_sub93856,2.5170257552356,2.533283193041188,2.4849882075573455,2.7893705866118217,2.831121431113537
317,0.95,Beijing_Zang_sub93856,2.6806381952216793,2.6889689621991657,2.6288580620475366,2.9494482821338,3.030311777022834
318,0.05,Beijing_Zang_sub94536,2.1259627342485565,2.1611663343427256,2.1411135001653663,2.406756237673588,2.3550208459173767
318,0.25,Beijing_Zang_sub94536,2.289575174234634,2.316852103500703,2.284983354655557,2.5668339331955665,2.5542111918266728
318,0.5,Beijing_Zang_sub94536,2.4033004647351177,2.425067648270946,2.3849857811064514,2.678102259903694,2.692666311470105
318,0.75,Beijing_Zang_sub94536,2.5170257552356,2.533283193041188,2.4849882075573455,2.7893705866118217,2.831121431113537
318,0.95,Beijing_Zang_sub94536,2.6806381952216793,2.6889689621991657,2.6288580620475366,2.9494482821338,3.030311777022834
319,0.05,Beijing_Zang_sub95575,2.114371093964215,2.1582150114812175,2.1355484497969144,2.3971901932710438,2.3423569984548362
319,0.25,Beijing_Zang_sub95575,2.276137556885619,2.3126670432044163,2.2786537320764464,2.5563048546642193,2.5383264254039353
319,0.5,Beijing_Zang_sub95575,2.3885797280954466,2.420025030027454,2.378124712405193,2.666903786453051,2.674542718070287
319,0.75,Beijing_Zang_sub95575,2.501021899305274,2.5273830168504925,2.4775956927339395,2.7775027182418834,2.810759010736638
319,0.95,Beijing_Zang_sub95575,2.662788362226679,2.6818350485736904,2.620700975013472,2.936617379635057,3.0067284376857377
320,0.05,Beijing_Zang_sub95755,2.079539715787619,2.1485534853932062,2.1060993088239353,2.350126324304877,2.305666933820313
320,0.25,Beijing_Zang_sub95755,2.2348196150054047,2.3017059538009326,2.248427596820909,2.506675041030074,2.4857854625020765
320,0.5,Beijing_Zang_sub95755,2.3427530438383886,2.408160627797706,2.347358496575656,2.6154904116007094,2.6109839620819137
320,0.75,Beijing_Zang_sub95755,2.4506864726713733,2.5146153017944792,2.446289396330403,2.724305782171345,2.736182461661751
320,0.95,Beijing_Zang_sub95755,2.6059663718891586,2.667767770202206,2.5886176843273767,2.8808544988965425,2.916300990343516
321,0.05,Beijing_Zang_sub96163,2.097571090777018,2.1647912863358085,2.1269104049873206,2.408854268516074,2.3039354965319876
321,0.25,Beijing_Zang_sub96163,2.257740476672467,2.3185161064479467,2.269431319901965,2.567180329496011,2.496486450492892
321,0.5,Beijing_Zang_sub96163,2.3690725363972267,2.4253686161096497,2.368496112606246,2.677231113411174,2.6303265984499307
321,0.75,Beijing_Zang_sub96163,2.4804045961219874,2.532221125771353,2.467560905310527,2.7872818973263374,2.7641667464069695
321,0.95,Beijing_Zang_sub96163,2.640573982017436,2.6859459458834896,2.610081820225171,2.9456079583062746,2.9567177003678737
322,0.05,Beijing_Zang_sub97442,2.096325040550137,2.153604855449213,2.1240747598513265,2.37781067047194,2.323760938392333
322,0.25,Beijing_Zang_sub97442,2.2550961122503916,2.306970743067973,2.266209165147273,2.5355045962841896,2.512864996210212
322,0.5,Beijing_Zang_sub97442,2.365456218448435,2.413573762519257,2.365005299070649,2.645115989676315,2.6443092428212185
322,0.75,Beijing_Zang_sub97442,2.4758163246464773,2.52017678197054,2.463801432994025,2.7547273830684413,2.775753489432224
322,0.95,Beijing_Zang_sub97442,2.634587396346733,2.6735426695893008,2.6059358382899727,2.9124213088806896,2.964857547250103
323,0.05,Beijing_Zang_sub98353,2.107393635237176,2.167282178605984,2.132591770222204,2.4185472221172257,2.3141928170914454
323,0.25,Beijing_Zang_sub98353,2.269160098158581,2.3217342103291827,2.275697052501737,2.5776618835104,2.5101622440405467
323,0.5,Beijing_Zang_sub98353,2.381602269368409,2.4290921971522206,2.375168032830483,2.688260815299232,2.646378536706898
323,0.75,Beijing_Zang_sub98353,2.4940444405782363,2.5364501839752585,2.4746390131592304,2.798859747088064,2.7825948293732496
323,0.95,Beijing_Zang_sub98353,2.6558109034996407,2.690902215698456,2.6177442954387615,2.957974408481237,2.9785642563223496
324,0.05,Beijing_Zang_sub98617,2.1259627342485565,2.1611663343427256,2.1411135001653663,2.406756237673588,2.3550208459173767
324,0.25,Beijing_Zang_sub98617,2.289575174234634,2.316852103500703,2.284983354655557,2.5668339331955665,2.5542111918266728
324,0.5,Beijing_Zang_sub98617,2.4033004647351177,2.425067648270946,2.3849857811064514,2.678102259903694,2.692666311470105
324,0.75,Beijing_Zang_sub98617,2.5170257552356,2.533283193041188,2.4849882075573455,2.7893705866118217,2.831121431113537
324,0.95,Beijing_Zang_sub98617,2.6806381952216793,2.6889689621991657,2.6288580620475366,2.9494482821338,3.030311777022834
325,0.05,Berlin_Margulies_sub06204,2.049005362269204,2.2435478627332417,2.1601746967334927,2.4482488132607014,2.1885784347009203
325,0.25,Berlin_Margulies_sub06204,2.197268621257611,2.395100008479232,2.310809508066084,2.604702129003735,2.3598960720268396
325,0.5,Berlin_Margulies_sub06204,2.3003248570819754,2.5004423149835593,2.4155141850438375,2.713451187352563,2.478977164359453
325,0.75,Berlin_Margulies_sub06204,2.403381092906339,2.605784621487886,2.5202188620215904,2.8222002457013904,2.598058256692067
325,0.95,Berlin_Margulies_sub06204,2.5516443518947463,2.757336767233877,2.670853673354182,2.9786535614444234,2.769375894017985
326,0.05,Berlin_Margulies_sub06716,2.0806900820693923,2.2494358233362806,2.2290253176397683,2.509614548076216,2.2626229821766284
326,0.25,Berlin_Margulies_sub06716,2.239461153769648,2.402801710955041,2.3711597229357153,2.6673084738884647,2.451727039994509
326,0.5,Berlin_Margulies_sub06716,2.34982125996769,2.5094047304063243,2.4699558568590914,2.7769198672805904,2.583171286605515
326,0.75,Berlin_Margulies_sub06716,2.460181366165733,2.6160077498576073,2.5687519907824674,2.886531260672716,2.7146155332165205
326,0.95,Berlin_Margulies_sub06716,2.618952437865988,2.769373637476369,2.710886396078414,3.0442251864849643,2.9037195910344007
327,0.05,Berlin_Margulies_sub12855,2.0481489769000625,2.244557918839003,2.1657726359855958,2.4536079248916094,2.1908640987625265
327,0.25,Berlin_Margulies_sub12855,2.1970873340157033,2.396294358291834,2.315060622926224,2.609963928079676,2.3623678787313462
327,0.5,Berlin_Margulies_sub12855,2.30061282346554,2.5017647654182755,2.4188291363992804,2.718645345492498,2.4815783568621312
327,0.75,Berlin_Margulies_sub12855,2.404138312915377,2.6072351725447165,2.522597649872337,2.82732676290532,2.6007888349929154
327,0.95,Berlin_Margulies_sub12855,2.5530766700310172,2.758971611997548,2.671885636812964,2.9836827660933856,2.7722926149617333
328,0.05,Berlin_Margulies_sub18913,2.0560677131174403,2.2401569057053186,2.1925836687494638,2.45799772221045,2.2312702911402464
328,0.25,Berlin_Margulies_sub18913,2.2083226727063847,2.3928144163799727,2.337084660199353,2.614177667740014,2.4058553934435336
328,0.5,Berlin_Margulies_sub18913,2.314153497739405,2.4989250504493192,2.437525783329383,2.7227367093215142,2.527207666401428
328,0.75,Berlin_Margulies_sub18913,2.4199843227724243,2.6050356845186653,2.5379669064594133,2.8312957509030143,2.648559939359323
328,0.95,Berlin_Margulies_sub18913,2.57223928236137,2.7576931951933203,2.6824678979093015,2.9874756964325795,2.8231450416626096
329,0.05,Berlin_Margulies_sub23506,2.0604327768685478,2.242902174441443,2.204906980703075,2.473507405524048,2.2396744171920924
329,0.25,Berlin_Margulies_sub23506,2.214660188788458,2.3959353344131658,2.347769021314194,2.629864650080999,2.417579527988488
329,0.5,Berlin_Margulies_sub23506,2.3218620447428204,2.502307078367793,2.447070926911186,2.7385469303563084,2.5412395040181974
329,0.75,Berlin_Margulies_sub23506,2.4290639006971824,2.6086788223224215,2.5463728325081787,2.847229210631618,2.6648994800479073
329,0.95,Berlin_Margulies_sub23506,2.5832913126170918,2.761711982294144,2.689234873119298,3.003586455188571,2.8428045908443034
330,0.05,Berlin_Margulies_sub27536,2.0613768340295238,2.2550070320401585,2.2141763728523913,2.512155252362556,2.221672106543471
330,0.25,Berlin_Margulies_sub27536,2.2177503422826255,2.4082169979367314,2.3561996777506566,2.6689797830987496,2.4044224046468745
330,0.5,Berlin_Margulies_sub27536,2.3264439272825004,2.514711637834769,2.45491858695321,2.777986869094735,2.531450219540582
330,0.75,Berlin_Margulies_sub27536,2.4351375122823753,2.621206277732808,2.5536374961557633,2.8869939550907207,2.6584780344342898
330,0.95,Berlin_Margulies_sub27536,2.591511020535477,2.7744162436293807,2.695660801054028,3.0438184858269133,2.8412283325376935
331,0.05,Berlin_Margulies_sub27711,2.0639047573068754,2.244384453280274,2.211049866612377,2.481930201909152,2.2445289776046096
331,0.25,Berlin_Margulies_sub27711,2.21918465652466,2.3975369216880003,2.3533781546093513,2.63847891863435,2.424647506286373
331,0.5,Berlin_Margulies_sub27711,2.327118085357644,2.503991595684774,2.4523090543640977,2.747294289204985,2.5498460058662102
331,0.75,Berlin_Margulies_sub27711,2.4350515141906284,2.610446269681548,2.5512399541188446,2.85610965977562,2.6750445054460474
331,0.95,Berlin_Margulies_sub27711,2.590331413408414,2.7635987380892724,2.6935682421158202,3.0126583765008186,2.855163034127812
332,0.05,Berlin_Margulies_sub27797,2.0475639604698346,2.246760434805088,2.177477952727358,2.465611723049984,2.1962996772948857
332,0.25,Berlin_Margulies_sub27797,2.1980454598791597,2.3989486033412186,2.324194931660459,2.6218176586856945,2.368825850709772
332,0.5,Berlin_Margulies_sub27797,2.3026435713475166,2.5047330026141625,2.426176364441119,2.7303947657173024,2.488746983798517
332,0.75,Berlin_Margulies_sub27797,2.407241682815874,2.6105174018871065,2.5281577972217795,2.8389718727489104,2.6086681168872614
332,0.95,Berlin_Margulies_sub27797,2.5577231822251996,2.762705570423238,2.6748747761548812,2.9951778083846206,2.7811942903021474
333,0.05,Berlin_Margulies_sub28092,2.0639047573068754,2.244384453280274,2.211049866612377,2.481930201909152,2.2445289776046096
333,0.25,Berlin_Margulies_sub28092,2.21918465652466,2.3975369216880003,2.3533781546093513,2.63847891863435,2.424647506286373
333,0.5,Berlin_Margulies_sub28092,2.327118085357644,2.503991595684774,2.4523090543640977,2.747294289204985,2.5498460058662102
333,0.75,Berlin_Margulies_sub28092,2.4350515141906284,2.610446269681548,2.5512399541188446,2.85610965977562,2.6750445054460474
333,0.95,Berlin_Margulies_sub28092,2.590331413408414,2.7635987380892724,2.6935682421158202,3.0126583765008186,2.855163034127812
334,0.05,Berlin_Margulies_sub33248,2.0578501986277495,2.24149330537634,2.198740195390682,2.465530368534754,2.235260705938816
334,0.25,Berlin_Margulies_sub33248,2.2110683112499854,2.39435716088823,2.3423358150661593,2.621768394830627,2.4113328215062007
334,0.5,Berlin_Margulies_sub33248,2.317568613851561,2.50061122308908,2.44214762377447,2.7303678077434355,2.533718701783025
334,0.75,Berlin_Margulies_sub33248,2.4240689164531366,2.6068652852899303,2.5419594324827814,2.8389672206562437,2.6561045820598497
334,0.95,Berlin_Margulies_sub33248,2.577287029075373,2.75972914080182,2.685555052158258,2.995205246952116,2.8321766976272347
335,0.05,Berlin_Margulies_sub38279,2.0490902543904017,2.249224072830085,2.1896269891747533,2.479354751056631,2.203106109776856
335,0.25,Berlin_Margulies_sub38279,2.201345213979347,2.401881583504739,2.334127980624643,2.6355346965861957,2.3776912120801437
335,0.5,Berlin_Margulies_sub38279,2.307176039012367,2.507992217574085,2.434569103754673,2.7440937381676953,2.499043485038039
335,0.75,Berlin_Margulies_sub38279,2.4130068640453866,2.6141028516434317,2.5350102268847037,2.852652779749195,2.620395757995934
335,0.95,Berlin_Margulies_sub38279,2.5652618236343323,2.766760362318085,2.6795112183345924,3.0088327252787592,2.794980860299221
336,0.05,Berlin_Margulies_sub40143,2.049005362269204,2.2435478627332417,2.1601746967334927,2.4482488132607014,2.1885784347009203
336,0.25,Berlin_Margulies_sub40143,2.197268621257611,2.395100008479232,2.310809508066084,2.604702129003735,2.3598960720268396
336,0.5,Berlin_Margulies_sub40143,2.3003248570819754,2.5004423149835593,2.4155141850438375,2.713451187352563,2.478977164359453
336,0.75,Berlin_Margulies_sub40143,2.403381092906339,2.605784621487886,2.5202188620215904,2.8222002457013904,2.598058256692067
336,0.95,Berlin_Margulies_sub40143,2.5516443518947463,2.757336767233877,2.670853673354182,2.9786535614444234,2.769375894017985
337,0.05,Berlin_Margulies_sub47066,2.0639047573068754,2.244384453280274,2.211049866612377,2.481930201909152,2.2445289776046096
337,0.25,Berlin_Margulies_sub47066,2.21918465652466,2.3975369216880003,2.3533781546093513,2.63847891863435,2.424647506286373
337,0.5,Berlin_Margulies_sub47066,2.327118085357644,2.503991595684774,2.4523090543640977,2.747294289204985,2.5498460058662102
337,0.75,Berlin_Margulies_sub47066,2.4350515141906284,2.610446269681548,2.5512399541188446,2.85610965977562,2.6750445054460474
337,0.95,Berlin_Margulies_sub47066,2.590331413408414,2.7635987380892724,2.6935682421158202,3.0126583765008186,2.855163034127812
338,0.05,Berlin_Margulies_sub47791,2.0475639604698346,2.246760434805088,2.177477952727358,2.465611723049984,2.1962996772948857
338,0.25,Berlin_Margulies_sub47791,2.1980454598791597,2.3989486033412186,2.324194931660459,2.6218176586856945,2.368825850709772
338,0.5,Berlin_Margulies_sub47791,2.3026435713475166,2.5047330026141625,2.426176364441119,2.7303947657173024,2.488746983798517
338,0.75,Berlin_Margulies_sub47791,2.407241682815874,2.6105174018871065,2.5281577972217795,2.8389718727489104,2.6086681168872614
338,0.95,Berlin_Margulies_sub47791,2.5577231822251996,2.762705570423238,2.6748747761548812,2.9951778083846206,2.7811942903021474
339,0.05,Berlin_Margulies_sub49134,2.056807662513708,2.2364516176548177,2.1234440383214346,2.4176624712341463,2.1733095299278653
339,0.25,Berlin_Margulies_sub49134,2.202651787457975,2.3908410667931865,2.2820711053245817,2.573396726971303,2.348879120216125
339,0.5,Berlin_Margulies_sub49134,2.304026508588511,2.498155553118092,2.3923311153684836,2.681645974254037,2.470915700443656
339,0.75,Berlin_Margulies_sub49134,2.405401229719048,2.6054700394429977,2.502591125412386,2.789895221536771,2.592952280671187
339,0.95,Berlin_Margulies_sub49134,2.5512453546633154,2.759859488581368,2.6612181924155327,2.9456294772739278,2.7685218709594475
340,0.05,Berlin_Margulies_sub54976,2.052742096410531,2.24085753950309,2.1448636208535463,2.4347036448048143,2.183030245562358
340,0.25,Berlin_Margulies_sub54976,2.19941101929913,2.392186624336391,2.2994159438852426,2.5914179245768865,2.354799718840046
340,0.5,Berlin_Margulies_sub54976,2.3013590488274356,2.497373883540543,2.406843642144615,2.7003483762844054,2.474194877602315
340,0.75,Berlin_Margulies_sub54976,2.4033070783557404,2.6025611427446944,2.5142713404039863,2.8092788279919243,2.593590036364584
340,0.95,Berlin_Margulies_sub54976,2.5499760012443393,2.7538902275779957,2.6688236634356843,2.965993107763997,2.765359509642272
341,0.05,Berlin_Margulies_sub57028,2.059719555137569,2.2317903723783235,2.147820300428257,2.413346615958633,2.2111944269257475
341,0.25,Berlin_Margulies_sub57028,2.206388478026167,2.3831194572116248,2.3023726234599526,2.5700608957307054,2.3829639002034355
341,0.5,Berlin_Margulies_sub57028,2.308336507554473,2.4883067164157766,2.4098003217193247,2.6789913474382248,2.5023590589657045
341,0.75,Berlin_Margulies_sub57028,2.410284537082778,2.593493975619929,2.517228019978697,2.7879217991457437,2.621754217727973
341,0.95,Berlin_Margulies_sub57028,2.5569534599713775,2.74482306045323,2.671780343010392,2.9446360789178154,2.793523691005661
342,0.05,Berlin_Margulies_sub67166,2.054615611248468,2.2365607545565585,2.1745091947634014,2.438037295010902,2.221590670706976
342,0.25,Berlin_Margulies_sub67166,2.204294714391188,2.3885138393445913,2.322481455739338,2.5943075936635367,2.3934890640431155
342,0.5,Berlin_Margulies_sub67166,2.308335088632938,2.4941348343706053,2.425335421898229,2.7029294387529466,2.5129738337854532
342,0.75,Berlin_Margulies_sub67166,2.4123754628746874,2.59975582939662,2.5281893880571187,2.8115512838423564,2.632458603527791
342,0.95,Berlin_Margulies_sub67166,2.562054566017406,2.7517089141846522,2.6761616490330558,2.9678215824949916,2.804356996863931
343,0.05,Berlin_Margulies_sub75506,2.0508727399007114,2.250560472501106,2.195783515815972,2.486887397380935,2.207096524575425
343,0.25,Berlin_Margulies_sub75506,2.2040908525229477,2.403424328012997,2.3393791354914493,2.6431254236768082,2.3831686401428107
343,0.5,Berlin_Margulies_sub75506,2.3105911551245235,2.5096783902138466,2.43919094419976,2.751724836589616,2.5055545204196354
343,0.75,Berlin_Margulies_sub75506,2.417091457726099,2.6159324524146954,2.5390027529080714,2.860324249502425,2.6279404006964606
343,0.95,Berlin_Margulies_sub75506,2.570309570348335,2.7687963079265865,2.68259837258355,3.016562275798298,2.8040125162638443
344,0.05,Berlin_Margulies_sub77281,2.0738942314745215,2.2475952236599244,2.2231281191144276,2.5000684537636224,2.255732231711339
344,0.25,Berlin_Margulies_sub77281,2.231416391451778,2.400834666725036,2.365091094622945,2.6572682710726383,2.4415198633985535
344,0.5,Berlin_Margulies_sub77281,2.340908392214075,2.507349795893667,2.4637680694996282,2.7665362148280876,2.570658897000295
344,0.75,Berlin_Margulies_sub77281,2.4504003929763725,2.613864925062298,2.562445044376311,2.875804158583536,2.699797930602036
344,0.95,Berlin_Margulies_sub77281,2.60792255295363,2.767104368127411,2.704408019884829,3.033003975892552,2.88558556228925
345,0.05,Berlin_Margulies_sub85681,2.0639047573068754,2.244384453280274,2.211049866612377,2.481930201909152,2.2445289776046096
345,0.25,Berlin_Margulies_sub85681,2.21918465652466,2.3975369216880003,2.3533781546093513,2.63847891863435,2.424647506286373
345,0.5,Berlin_Margulies_sub85681,2.327118085357644,2.503991595684774,2.4523090543640977,2.747294289204985,2.5498460058662102
345,0.75,Berlin_Margulies_sub85681,2.4350515141906284,2.610446269681548,2.5512399541188446,2.85610965977562,2.6750445054460474
345,0.95,Berlin_Margulies_sub85681,2.590331413408414,2.7635987380892724,2.6935682421158202,3.0126583765008186,2.855163034127812
346,0.05,Berlin_Margulies_sub86111,2.0738942314745215,2.2475952236599244,2.2231281191144276,2.5000684537636224,2.255732231711339
346,0.25,Berlin_Margulies_sub86111,2.231416391451778,2.400834666725036,2.365091094622945,2.6572682710726383,2.4415198633985535
346,0.5,Berlin_Margulies_sub86111,2.340908392214075,2.507349795893667,2.4637680694996282,2.7665362148280876,2.570658897000295
346,0.75,Berlin_Margulies_sub86111,2.4504003929763725,2.613864925062298,2.562445044376311,2.875804158583536,2.699797930602036
346,0.95,Berlin_Margulies_sub86111,2.60792255295363,2.767104368127411,2.704408019884829,3.033003975892552,2.88558556228925
347,0.05,Berlin_Margulies_sub91116,2.055308124139558,2.2393352998321343,2.136316189108169,2.4277613857509204,2.180070807157215
347,0.25,Berlin_Margulies_sub91116,2.201305829614085,2.3909215537399198,2.29304856193716,2.5845177384357334,2.3527426881990863
347,0.5,Berlin_Margulies_sub91116,2.302787302959922,2.4962875684696657,2.4019915899387203,2.693477434583492,2.472765101130661
347,0.75,Berlin_Margulies_sub91116,2.404268776305759,2.6016535831994125,2.5109346179402814,2.802437130731251,2.592787514062236
347,0.95,Berlin_Margulies_sub91116,2.550266481780286,2.753239837107198,2.6676669907692725,2.9591934834160636,2.7654593951041058
348,0.05,Berlin_Margulies_sub91966,2.0604327768685478,2.242902174441443,2.204906980703075,2.473507405524048,2.2396744171920924
348,0.25,Berlin_Margulies_sub91966,2.214660188788458,2.3959353344131658,2.347769021314194,2.629864650080999,2.417579527988488
348,0.5,Berlin_Margulies_sub91966,2.3218620447428204,2.502307078367793,2.447070926911186,2.7385469303563084,2.5412395040181974
348,0.75,Berlin_Margulies_sub91966,2.4290639006971824,2.6086788223224215,2.5463728325081787,2.847229210631618,2.6648994800479073
348,0.95,Berlin_Margulies_sub91966,2.5832913126170918,2.761711982294144,2.689234873119298,3.003586455188571,2.8428045908443034
349,0.05,Berlin_Margulies_sub95068,2.056927298579837,2.253451620405041,2.208093187037667,2.503287230755333,2.2163647962412196
349,0.25,Berlin_Margulies_sub95068,2.212207197797622,2.4066040888127667,2.3504214750346413,2.659835947480531,2.3964833249229835
349,0.5,Berlin_Margulies_sub95068,2.320140626630607,2.51305876280954,2.449352374789388,2.768651318051166,2.521681824502821
349,0.75,Berlin_Margulies_sub95068,2.428074055463591,2.6195134368063124,2.5482832745441355,2.877466688621801,2.6468803240826584
349,0.95,Berlin_Margulies_sub95068,2.583353954681376,2.7726659052140405,2.6906115625411093,3.034015405346998,2.8269988527644223
350,0.05,Berlin_Margulies_sub97162,2.0508727399007114,2.250560472501106,2.195783515815972,2.486887397380935,2.207096524575425
350,0.25,Berlin_Margulies_sub97162,2.2040908525229477,2.403424328012997,2.3393791354914493,2.6431254236768082,2.3831686401428107
350,0.5,Berlin_Margulies_sub97162,2.3105911551245235,2.5096783902138466,2.43919094419976,2.751724836589616,2.5055545204196354
350,0.75,Berlin_Margulies_sub97162,2.417091457726099,2.6159324524146954,2.5390027529080714,2.860324249502425,2.6279404006964606
350,0.95,Berlin_Margulies_sub97162,2.570309570348335,2.7687963079265865,2.68259837258355,3.016562275798298,2.8040125162638443
351,0.05,Cambridge_Buckner_sub00156,2.0949760755642997,2.096826637150979,2.048474373518249,2.4751673588432044,2.329252694593159
351,0.25,Cambridge_Buckner_sub00156,2.258588515550378,2.2525124063089583,2.19234422800844,2.6352450543651837,2.528443040502455
351,0.5,Cambridge_Buckner_sub00156,2.372313806050861,2.3607279510792,2.2923466544593336,2.746513381073311,2.6668981601458874
351,0.75,Cambridge_Buckner_sub00156,2.4860390965513437,2.4689434958494423,2.392349080910228,2.857781707781439,2.805353279789319
351,0.95,Cambridge_Buckner_sub00156,2.649651536537423,2.62462926500742,2.5362189354004188,3.0178594033034174,3.0045436256986164
352,0.05,Cambridge_Buckner_sub00294,2.0949760755642997,2.096826637150979,2.048474373518249,2.4751673588432044,2.329252694593159
352,0.25,Cambridge_Buckner_sub00294,2.258588515550378,2.2525124063089583,2.19234422800844,2.6352450543651837,2.528443040502455
352,0.5,Cambridge_Buckner_sub00294,2.372313806050861,2.3607279510792,2.2923466544593336,2.746513381073311,2.6668981601458874
352,0.75,Cambridge_Buckner_sub00294,2.4860390965513437,2.4689434958494423,2.392349080910228,2.857781707781439,2.805353279789319
352,0.95,Cambridge_Buckner_sub00294,2.649651536537423,2.62462926500742,2.5362189354004188,3.0178594033034174,3.0045436256986164
353,0.05,Cambridge_Buckner_sub01361,2.101526237157463,2.1093842413896864,2.0509608131070807,2.5058298167583057,2.3166614043615072
353,0.25,Cambridge_Buckner_sub01361,2.2672855651649515,2.2669544897674094,2.1957579456966925,2.6670631919642456,2.518697388371106
353,0.5,Cambridge_Buckner_sub01361,2.3825031350051207,2.3764799162723547,2.2964049134259903,2.779134819495925,2.659130481203152
353,0.75,Cambridge_Buckner_sub01361,2.4977207048452903,2.486005342777299,2.397051881155288,2.891206447027605,2.799563574035198
353,0.95,Cambridge_Buckner_sub01361,2.6634800328527786,2.6435755911550234,2.5418490137449,3.0524398222335463,3.001599558044797
354,0.05,Cambridge_Buckner_sub02591,2.073561890819798,2.0913844220192974,2.0372279579149133,2.4559083608395103,2.3063315265711593
354,0.25,Cambridge_Buckner_sub02591,2.233731276715248,2.2451092421314343,2.1797488728295575,2.614234421819447,2.498882480532063
354,0.5,Cambridge_Buckner_sub02591,2.345063336440008,2.3519617517931373,2.2788136655338382,2.7242852057346103,2.632722628489102
354,0.75,Cambridge_Buckner_sub02591,2.4563953961647678,2.4588142614548407,2.3778784582381185,2.834335989649773,2.7665627764461416
354,0.95,Cambridge_Buckner_sub02591,2.616564782060217,2.612539081566978,2.5203993731527623,2.9926620506297112,2.959113730407045
355,0.05,Cambridge_Buckner_sub02953,2.0653383818658804,2.0892651582574673,2.0314356332042087,2.446221791641557,2.2979927870681145
355,0.25,Cambridge_Buckner_sub02953,2.2241094535661357,2.2426310458762275,2.173570038500156,2.6039157174538063,2.4870968448859947
355,0.5,Cambridge_Buckner_sub02953,2.334469559764178,2.349234065327511,2.272366172423532,2.7135271108459325,2.6185410914970007
355,0.75,Cambridge_Buckner_sub02953,2.444829665962221,2.455837084778795,2.371162306346908,2.823138504238058,2.7499853381080066
355,0.95,Cambridge_Buckner_sub02953,2.603600737662477,2.609202972397555,2.513296711642855,2.980832430050308,2.9390893959258864
356,0.05,Cambridge_Buckner_sub04187,2.1241282022930057,2.1044069131131127,2.0592309858438567,2.4933815506061268,2.3638189979325515
356,0.25,Cambridge_Buckner_sub04187,2.2923908669480197,2.264667451086813,2.205101829628854,2.655982846243259,2.568142326116185
356,0.5,Cambridge_Buckner_sub04187,2.40934847982822,2.3760628696648483,2.3064951227452632,2.7690053009151723,2.7101653278860156
356,0.75,Cambridge_Buckner_sub04187,2.5263060927084195,2.4874582882428826,2.407888415861672,2.8820277555870857,2.852188329655847
356,0.95,Cambridge_Buckner_sub04187,2.6945687573634345,2.6477188262165847,2.553759259646669,3.0446290512242173,3.0565116578394793
357,0.05,Cambridge_Buckner_sub04270,2.087998616837261,2.105893804275746,2.0455176939435393,2.4965243876893854,2.30108851322977
357,0.25,Cambridge_Buckner_sub04270,2.25161105682334,2.261579573433724,2.1893875484337295,2.6566020832113644,2.500278859139066
357,0.5,Cambridge_Buckner_sub04270,2.365336347323823,2.3697951182039665,2.289389974884624,2.767870409919492,2.6387339787824984
357,0.75,Cambridge_Buckner_sub04270,2.479061637824306,2.478010662974209,2.3893924013355177,2.879138736627619,2.7771890984259313
357,0.95,Cambridge_Buckner_sub04270,2.6426740778103857,2.6336964321321865,2.533262255825709,3.0392164321496002,2.9763794443352265
358,0.05,Cambridge_Buckner_sub04491,2.053002592553048,2.0857691998365797,2.0195433679915418,2.4274054670817176,2.2852060927983455
358,0.25,Cambridge_Buckner_sub04491,2.209376100806151,2.2389791657331513,2.161566672889807,2.5842299978179106,2.4679563909017497
358,0.5,Cambridge_Buckner_sub04491,2.318069685806026,2.3454738056311895,2.26028558209236,2.6932370838138957,2.594984205795457
358,0.75,Cambridge_Buckner_sub04491,2.4267632708059,2.451968445529228,2.359004491294913,2.8022441698098812,2.7220120206891645
358,0.95,Cambridge_Buckner_sub04491,2.5831367790590023,2.605178411425801,2.5010277961931777,2.9590687005460743,2.904762318792568
359,0.05,Cambridge_Buckner_sub04665,2.1085036958845014,2.100317074264919,2.0539174926817907,2.484472787912124,2.3448255857248954
359,0.25,Cambridge_Buckner_sub04665,2.274263023891989,2.2578873226426435,2.198714625271402,2.645706163118065,2.546861569734495
359,0.5,Cambridge_Buckner_sub04665,2.3894805937321584,2.3674127491475883,2.2993615930007,2.757777790649744,2.6872946625665413
359,0.75,Cambridge_Buckner_sub04665,2.5046981635723276,2.4769381756525326,2.4000085607299977,2.8698494181814227,2.827727755398588
359,0.95,Cambridge_Buckner_sub04665,2.6704574915798163,2.6345084240302565,2.54480569331961,3.031082793387365,3.0297637394081853
360,0.05,Cambridge_Buckner_sub05306,2.1085036958845014,2.100317074264919,2.0539174926817907,2.484472787912124,2.3448255857248954
360,0.25,Cambridge_Buckner_sub05306,2.274263023891989,2.2578873226426435,2.198714625271402,2.645706163118065,2.546861569734495
360,0.5,Cambridge_Buckner_sub05306,2.3894805937321584,2.3674127491475883,2.2993615930007,2.757777790649744,2.6872946625665413
360,0.75,Cambridge_Buckner_sub05306,2.5046981635723276,2.4769381756525326,2.4000085607299977,2.8698494181814227,2.827727755398588
360,0.95,Cambridge_Buckner_sub05306,2.6704574915798163,2.6345084240302565,2.54480569331961,3.031082793387365,3.0297637394081853
361,0.05,Cambridge_Buckner_sub05453,2.0949760755642997,2.096826637150979,2.048474373518249,2.4751673588432044,2.329252694593159
361,0.25,Cambridge_Buckner_sub05453,2.258588515550378,2.2525124063089583,2.19234422800844,2.6352450543651837,2.528443040502455
361,0.5,Cambridge_Buckner_sub05453,2.372313806050861,2.3607279510792,2.2923466544593336,2.746513381073311,2.6668981601458874
361,0.75,Cambridge_Buckner_sub05453,2.4860390965513437,2.4689434958494423,2.392349080910228,2.857781707781439,2.805353279789319
361,0.95,Cambridge_Buckner_sub05453,2.649651536537423,2.62462926500742,2.5362189354004188,3.0178594033034174,3.0045436256986164
362,0.05,Cambridge_Buckner_sub06037,2.083384435279957,2.0938753142894724,2.0429093231497975,2.4656013144406623,2.3165888471306175
362,0.25,Cambridge_Buckner_sub06037,2.2451508982013624,2.2483273460126707,2.186014605429329,2.624715975833836,2.512558274079718
362,0.5,Cambridge_Buckner_sub06037,2.3575930694111897,2.3556853328357086,2.285485585758076,2.735314907622668,2.648774566746069
362,0.75,Cambridge_Buckner_sub06037,2.4700352406210175,2.4630433196587465,2.3849565660868226,2.8459138394114993,2.7849908594124213
362,0.95,Cambridge_Buckner_sub06037,2.631801703542422,2.6174953513819443,2.5280618483663546,3.0050285008046744,2.9809602863615194
363,0.05,Cambridge_Buckner_sub06272,2.0665844320927618,2.100451589144064,2.0342712783402024,2.4772653896856913,2.2781673452077693
363,0.25,Cambridge_Buckner_sub06272,2.2267538179882105,2.2541764092562007,2.1767921932548475,2.635591450665628,2.4707182991686736
363,0.5,Cambridge_Buckner_sub06272,2.3380858777129703,2.3610289189179037,2.275856985959128,2.7456422345807914,2.604558447125713
363,0.75,Cambridge_Buckner_sub06272,2.44941793743773,2.4678814285796067,2.3749217786634094,2.855693018495954,2.738398595082752
363,0.95,Cambridge_Buckner_sub06272,2.6095873233331783,2.621606248691744,2.5174426935780527,3.0140190794758914,2.9309495490436563
364,0.05,Cambridge_Buckner_sub06987,2.0764069765529194,2.102942481414239,2.039952643575087,2.4869583432868434,2.2884246657672294
364,0.25,Cambridge_Buckner_sub06987,2.238173439474325,2.257394513137437,2.18305792585462,2.646073004680017,2.4843940927163284
364,0.5,Cambridge_Buckner_sub06987,2.350615610684152,2.364752499960475,2.2825289061833662,2.756671936468849,2.62061038538268
364,0.75,Cambridge_Buckner_sub06987,2.46305778189398,2.472110486783513,2.3819998865121126,2.8672708682576813,2.7568266780490314
364,0.95,Cambridge_Buckner_sub06987,2.6248242448153842,2.6265625185067116,2.525105168791645,3.026385529650854,2.9527961049981313
365,0.05,Cambridge_Buckner_sub07413,2.087998616837261,2.105893804275746,2.0455176939435393,2.4965243876893854,2.30108851322977
365,0.25,Cambridge_Buckner_sub07413,2.25161105682334,2.261579573433724,2.1893875484337295,2.6566020832113644,2.500278859139066
365,0.5,Cambridge_Buckner_sub07413,2.365336347323823,2.3697951182039665,2.289389974884624,2.767870409919492,2.6387339787824984
365,0.75,Cambridge_Buckner_sub07413,2.479061637824306,2.478010662974209,2.3893924013355177,2.879138736627619,2.7771890984259313
365,0.95,Cambridge_Buckner_sub07413,2.6426740778103857,2.6336964321321865,2.533262255825709,3.0392164321496002,2.9763794443352265
366,0.05,Cambridge_Buckner_sub07798,2.0665844320927618,2.100451589144064,2.0342712783402024,2.4772653896856913,2.2781673452077693
366,0.25,Cambridge_Buckner_sub07798,2.2267538179882105,2.2541764092562007,2.1767921932548475,2.635591450665628,2.4707182991686736
366,0.5,Cambridge_Buckner_sub07798,2.3380858777129703,2.3610289189179037,2.275856985959128,2.7456422345807914,2.604558447125713
366,0.75,Cambridge_Buckner_sub07798,2.44941793743773,2.4678814285796067,2.3749217786634094,2.855693018495954,2.738398595082752
366,0.95,Cambridge_Buckner_sub07798,2.6095873233331783,2.621606248691744,2.5174426935780527,3.0140190794758914,2.9309495490436563
367,0.05,Cambridge_Buckner_sub07902,2.0653383818658804,2.0892651582574673,2.0314356332042087,2.446221791641557,2.2979927870681145
367,0.25,Cambridge_Buckner_sub07902,2.2241094535661357,2.2426310458762275,2.173570038500156,2.6039157174538063,2.4870968448859947
367,0.5,Cambridge_Buckner_sub07902,2.334469559764178,2.349234065327511,2.272366172423532,2.7135271108459325,2.6185410914970007
367,0.75,Cambridge_Buckner_sub07902,2.444829665962221,2.455837084778795,2.371162306346908,2.823138504238058,2.7499853381080066
367,0.95,Cambridge_Buckner_sub07902,2.603600737662477,2.609202972397555,2.513296711642855,2.980832430050308,2.9390893959258864
368,0.05,Cambridge_Buckner_sub08204,2.0485530571033617,2.0842137882014615,2.013460182176817,2.4185374454744952,2.2798987824960952
368,0.25,Cambridge_Buckner_sub08204,2.203832956321148,2.2373662566091874,2.155788470173792,2.575086162199691,2.460017311177859
368,0.5,Cambridge_Buckner_sub08204,2.311766385154132,2.3438209306059603,2.2547193699285386,2.6839015327703266,2.585215810757696
368,0.75,Cambridge_Buckner_sub08204,2.419699813987117,2.4502756046027336,2.3536502696832855,2.7927169033409616,2.710414310337533
368,0.95,Cambridge_Buckner_sub08204,2.5749797132049017,2.6034280730104595,2.4959785576802602,2.9492656200661593,2.890532839019297
369,0.05,Cambridge_Buckner_sub08588,2.083384435279957,2.0938753142894724,2.0429093231497975,2.4656013144406623,2.3165888471306175
369,0.25,Cambridge_Buckner_sub08588,2.2451508982013624,2.2483273460126707,2.186014605429329,2.624715975833836,2.512558274079718
369,0.5,Cambridge_Buckner_sub08588,2.3575930694111897,2.3556853328357086,2.285485585758076,2.735314907622668,2.648774566746069
369,0.75,Cambridge_Buckner_sub08588,2.4700352406210175,2.4630433196587465,2.3849565660868226,2.8459138394114993,2.7849908594124213
369,0.95,Cambridge_Buckner_sub08588,2.631801703542422,2.6174953513819443,2.5280618483663546,3.0050285008046744,2.9809602863615194
370,0.05,Cambridge_Buckner_sub08723,2.073561890819798,2.0913844220192974,2.0372279579149133,2.4559083608395103,2.3063315265711593
370,0.25,Cambridge_Buckner_sub08723,2.233731276715248,2.2451092421314343,2.1797488728295575,2.614234421819447,2.498882480532063
370,0.5,Cambridge_Buckner_sub08723,2.345063336440008,2.3519617517931373,2.2788136655338382,2.7242852057346103,2.632722628489102
370,0.75,Cambridge_Buckner_sub08723,2.4563953961647678,2.4588142614548407,2.3778784582381185,2.834335989649773,2.7665627764461416
370,0.95,Cambridge_Buckner_sub08723,2.616564782060217,2.612539081566978,2.5203993731527623,2.9926620506297112,2.959113730407045
371,0.05,Cambridge_Buckner_sub08947,2.1085036958845014,2.100317074264919,2.0539174926817907,2.484472787912124,2.3448255857248954
371,0.25,Cambridge_Buckner_sub08947,2.274263023891989,2.2578873226426435,2.198714625271402,2.645706163118065,2.546861569734495
371,0.5,Cambridge_Buckner_sub08947,2.3894805937321584,2.3674127491475883,2.2993615930007,2.757777790649744,2.6872946625665413
371,0.75,Cambridge_Buckner_sub08947,2.5046981635723276,2.4769381756525326,2.4000085607299977,2.8698494181814227,2.827727755398588
371,0.95,Cambridge_Buckner_sub08947,2.6704574915798163,2.6345084240302565,2.54480569331961,3.031082793387365,3.0297637394081853
372,0.05,Cambridge_Buckner_sub09015,2.053002592553048,2.0857691998365797,2.0195433679915418,2.4274054670817176,2.2852060927983455
372,0.25,Cambridge_Buckner_sub09015,2.209376100806151,2.2389791657331513,2.161566672889807,2.5842299978179106,2.4679563909017497
372,0.5,Cambridge_Buckner_sub09015,2.318069685806026,2.3454738056311895,2.26028558209236,2.6932370838138957,2.594984205795457
372,0.75,Cambridge_Buckner_sub09015,2.4267632708059,2.451968445529228,2.359004491294913,2.8022441698098812,2.7220120206891645
372,0.95,Cambridge_Buckner_sub09015,2.5831367790590023,2.605178411425801,2.5010277961931777,2.9590687005460743,2.904762318792568
373,0.05,Cambridge_Buckner_sub09397,2.0326659104228444,2.0877875633636442,1.9859243654052026,2.4088712033481645,2.234885963886755
373,0.25,Cambridge_Buckner_sub09397,2.1840073769450994,2.2402152189123403,2.131474976917634,2.5650437775843846,2.408298708921775
373,0.5,Cambridge_Buckner_sub09397,2.28920324253134,2.346166083095149,2.232645679941089,2.6735976954572163,2.52883608864224
373,0.75,Cambridge_Buckner_sub09397,2.394399108117581,2.4521169472779576,2.3338163829645437,2.7821516133300475,2.649373468362705
373,0.95,Cambridge_Buckner_sub09397,2.5457405746398356,2.604544602826653,2.4793669944769765,2.938324187566267,2.822786213397725
374,0.05,Cambridge_Buckner_sub09633,2.039643369149882,2.0787203962388787,1.9888810449799108,2.387514174501984,2.2630501452501433
374,0.25,Cambridge_Buckner_sub09633,2.1909848356721366,2.231148051787574,2.1344316564923447,2.543686748738203,2.436462890285163
374,0.5,Cambridge_Buckner_sub09633,2.2961807012583777,2.3370989159703823,2.2356023595157986,2.652240666611035,2.557000270005629
374,0.75,Cambridge_Buckner_sub09633,2.4013765668446188,2.443049780153191,2.3367730625392533,2.7607945844838664,2.6775376497260943
374,0.95,Cambridge_Buckner_sub09633,2.552718033366873,2.595477435701886,2.482323674051686,2.9169671587200856,2.850950394761114
375,0.05,Cambridge_Buckner_sub10268,2.058360923138842,2.0983323253822332,2.0284789536294987,2.4675788204877382,2.269828605704726
375,0.25,Cambridge_Buckner_sub10268,2.217131994839097,2.2516982130009935,2.170613358925446,2.6252727462999874,2.4589326635226056
375,0.5,Cambridge_Buckner_sub10268,2.3274921010371403,2.3583012324522774,2.269409492848822,2.7348841396921135,2.5903769101336116
375,0.75,Cambridge_Buckner_sub10268,2.437852207235183,2.464904251903561,2.368205626772198,2.8444955330842387,2.721821156744618
375,0.95,Cambridge_Buckner_sub10268,2.5966232789354384,2.618270139522321,2.5103400320681453,3.002189458896489,2.910925214562499
376,0.05,Cambridge_Buckner_sub10619,2.101526237157463,2.1093842413896864,2.0509608131070807,2.5058298167583057,2.3166614043615072
376,0.25,Cambridge_Buckner_sub10619,2.2672855651649515,2.2669544897674094,2.1957579456966925,2.6670631919642456,2.518697388371106
376,0.5,Cambridge_Buckner_sub10619,2.3825031350051207,2.3764799162723547,2.2964049134259903,2.779134819495925,2.659130481203152
376,0.75,Cambridge_Buckner_sub10619,2.4977207048452903,2.486005342777299,2.397051881155288,2.891206447027605,2.799563574035198
376,0.95,Cambridge_Buckner_sub10619,2.6634800328527786,2.6435755911550234,2.5418490137449,3.0524398222335463,3.001599558044797
377,0.05,Cambridge_Buckner_sub11388,2.0949760755642997,2.096826637150979,2.048474373518249,2.4751673588432044,2.329252694593159
377,0.25,Cambridge_Buckner_sub11388,2.258588515550378,2.2525124063089583,2.19234422800844,2.6352450543651837,2.528443040502455
377,0.5,Cambridge_Buckner_sub11388,2.372313806050861,2.3607279510792,2.2923466544593336,2.746513381073311,2.6668981601458874
377,0.75,Cambridge_Buckner_sub11388,2.4860390965513437,2.4689434958494423,2.392349080910228,2.857781707781439,2.805353279789319
377,0.95,Cambridge_Buckner_sub11388,2.649651536537423,2.62462926500742,2.5362189354004188,3.0178594033034174,3.0045436256986164
378,0.05,Cambridge_Buckner_sub12346,2.117150743565967,2.113474080237879,2.0562743062691475,2.5147385794523083,2.3356548165691633
378,0.25,Cambridge_Buckner_sub12346,2.285413408220982,2.2737346182115794,2.2021451500541445,2.67733987508944,2.539978144752796
378,0.5,Cambridge_Buckner_sub12346,2.402371021101182,2.3851300367896147,2.3035384431705532,2.7903623297613533,2.6820011465226266
378,0.75,Cambridge_Buckner_sub12346,2.5193286339813823,2.4965254553676495,2.404931736286962,2.9033847844332663,2.8240241482924566
378,0.95,Cambridge_Buckner_sub12346,2.6875912986363955,2.6567859933413502,2.550802580071959,3.0659860800703984,3.0283474764760903
379,0.05,Cambridge_Buckner_sub13093,2.1085036958845014,2.100317074264919,2.0539174926817907,2.484472787912124,2.3448255857248954
379,0.25,Cambridge_Buckner_sub13093,2.274263023891989,2.2578873226426435,2.198714625271402,2.645706163118065,2.546861569734495
379,0.5,Cambridge_Buckner_sub13093,2.3894805937321584,2.3674127491475883,2.2993615930007,2.757777790649744,2.6872946625665413
379,0.75,Cambridge_Buckner_sub13093,2.5046981635723276,2.4769381756525326,2.4000085607299977,2.8698494181814227,2.827727755398588
379,0.95,Cambridge_Buckner_sub13093,2.6704574915798163,2.6345084240302565,2.54480569331961,3.031082793387365,3.0297637394081853
380,0.05,Cambridge_Buckner_sub13187,2.058360923138842,2.0983323253822332,2.0284789536294987,2.4675788204877382,2.269828605704726
380,0.25,Cambridge_Buckner_sub13187,2.217131994839097,2.2516982130009935,2.170613358925446,2.6252727462999874,2.4589326635226056
380,0.5,Cambridge_Buckner_sub13187,2.3274921010371403,2.3583012324522774,2.269409492848822,2.7348841396921135,2.5903769101336116
380,0.75,Cambridge_Buckner_sub13187,2.437852207235183,2.464904251903561,2.368205626772198,2.8444955330842387,2.721821156744618
380,0.95,Cambridge_Buckner_sub13187,2.5966232789354384,2.618270139522321,2.5103400320681453,3.002189458896489,2.910925214562499
381,0.05,Cambridge_Buckner_sub13216,2.1241282022930057,2.1044069131131127,2.0592309858438567,2.4933815506061268,2.3638189979325515
381,0.25,Cambridge_Buckner_sub13216,2.2923908669480197,2.264667451086813,2.205101829628854,2.655982846243259,2.568142326116185
381,0.5,Cambridge_Buckner_sub13216,2.40934847982822,2.3760628696648483,2.3064951227452632,2.7690053009151723,2.7101653278860156
381,0.75,Cambridge_Buckner_sub13216,2.5263060927084195,2.4874582882428826,2.407888415861672,2.8820277555870857,2.852188329655847
381,0.95,Cambridge_Buckner_sub13216,2.6945687573634345,2.6477188262165847,2.553759259646669,3.0446290512242173,3.0565116578394793
382,0.05,Cambridge_Buckner_sub13902,2.101526237157463,2.1093842413896864,2.0509608131070807,2.5058298167583057,2.3166614043615072
382,0.25,Cambridge_Buckner_sub13902,2.2672855651649515,2.2669544897674094,2.1957579456966925,2.6670631919642456,2.518697388371106
382,0.5,Cambridge_Buckner_sub13902,2.3825031350051207,2.3764799162723547,2.2964049134259903,2.779134819495925,2.659130481203152
382,0.75,Cambridge_Buckner_sub13902,2.4977207048452903,2.486005342777299,2.397051881155288,2.891206447027605,2.799563574035198
382,0.95,Cambridge_Buckner_sub13902,2.6634800328527786,2.6435755911550234,2.5418490137449,3.0524398222335463,3.001599558044797
383,0.05,Cambridge_Buckner_sub14183,2.083384435279957,2.0938753142894724,2.0429093231497975,2.4656013144406623,2.3165888471306175
383,0.25,Cambridge_Buckner_sub14183,2.2451508982013624,2.2483273460126707,2.186014605429329,2.624715975833836,2.512558274079718
383,0.5,Cambridge_Buckner_sub14183,2.3575930694111897,2.3556853328357086,2.285485585758076,2.735314907622668,2.648774566746069
383,0.75,Cambridge_Buckner_sub14183,2.4700352406210175,2.4630433196587465,2.3849565660868226,2.8459138394114993,2.7849908594124213
383,0.95,Cambridge_Buckner_sub14183,2.631801703542422,2.6174953513819443,2.5280618483663546,3.0050285008046744,2.9809602863615194
384,0.05,Cambridge_Buckner_sub14194,2.087998616837261,2.105893804275746,2.0455176939435393,2.4965243876893854,2.30108851322977
384,0.25,Cambridge_Buckner_sub14194,2.25161105682334,2.261579573433724,2.1893875484337295,2.6566020832113644,2.500278859139066
384,0.5,Cambridge_Buckner_sub14194,2.365336347323823,2.3697951182039665,2.289389974884624,2.767870409919492,2.6387339787824984
384,0.75,Cambridge_Buckner_sub14194,2.479061637824306,2.478010662974209,2.3893924013355177,2.879138736627619,2.7771890984259313
384,0.95,Cambridge_Buckner_sub14194,2.6426740778103857,2.6336964321321865,2.533262255825709,3.0392164321496002,2.9763794443352265
385,0.05,Cambridge_Buckner_sub14278,2.083384435279957,2.0938753142894724,2.0429093231497975,2.4656013144406623,2.3165888471306175
385,0.25,Cambridge_Buckner_sub14278,2.2451508982013624,2.2483273460126707,2.186014605429329,2.624715975833836,2.512558274079718
385,0.5,Cambridge_Buckner_sub14278,2.3575930694111897,2.3556853328357086,2.285485585758076,2.735314907622668,2.648774566746069
385,0.75,Cambridge_Buckner_sub14278,2.4700352406210175,2.4630433196587465,2.3849565660868226,2.8459138394114993,2.7849908594124213
385,0.95,Cambridge_Buckner_sub14278,2.631801703542422,2.6174953513819443,2.5280618483663546,3.0050285008046744,2.9809602863615194
386,0.05,Cambridge_Buckner_sub15172,2.0949760755642997,2.096826637150979,2.048474373518249,2.4751673588432044,2.329252694593159
386,0.25,Cambridge_Buckner_sub15172,2.258588515550378,2.2525124063089583,2.19234422800844,2.6352450543651837,2.528443040502455
386,0.5,Cambridge_Buckner_sub15172,2.372313806050861,2.3607279510792,2.2923466544593336,2.746513381073311,2.6668981601458874
386,0.75,Cambridge_Buckner_sub15172,2.4860390965513437,2.4689434958494423,2.392349080910228,2.857781707781439,2.805353279789319
386,0.95,Cambridge_Buckner_sub15172,2.649651536537423,2.62462926500742,2.5362189354004188,3.0178594033034174,3.0045436256986164
387,0.05,Cambridge_Buckner_sub15258,2.058360923138842,2.0983323253822332,2.0284789536294987,2.4675788204877382,2.269828605704726
387,0.25,Cambridge_Buckner_sub15258,2.217131994839097,2.2516982130009935,2.170613358925446,2.6252727462999874,2.4589326635226056
387,0.5,Cambridge_Buckner_sub15258,2.3274921010371403,2.3583012324522774,2.269409492848822,2.7348841396921135,2.5903769101336116
387,0.75,Cambridge_Buckner_sub15258,2.437852207235183,2.464904251903561,2.368205626772198,2.8444955330842387,2.721821156744618
387,0.95,Cambridge_Buckner_sub15258,2.5966232789354384,2.618270139522321,2.5103400320681453,3.002189458896489,2.910925214562499
388,0.05,Cambridge_Buckner_sub15432,2.058360923138842,2.0983323253822332,2.0284789536294987,2.4675788204877382,2.269828605704726
388,0.25,Cambridge_Buckner_sub15432,2.217131994839097,2.2516982130009935,2.170613358925446,2.6252727462999874,2.4589326635226056
388,0.5,Cambridge_Buckner_sub15432,2.3274921010371403,2.3583012324522774,2.269409492848822,2.7348841396921135,2.5903769101336116
388,0.75,Cambridge_Buckner_sub15432,2.437852207235183,2.464904251903561,2.368205626772198,2.8444955330842387,2.721821156744618
388,0.95,Cambridge_Buckner_sub15432,2.5966232789354384,2.618270139522321,2.5103400320681453,3.002189458896489,2.910925214562499
389,0.05,Cambridge_Buckner_sub15905,2.087998616837261,2.105893804275746,2.0455176939435393,2.4965243876893854,2.30108851322977
389,0.25,Cambridge_Buckner_sub15905,2.25161105682334,2.261579573433724,2.1893875484337295,2.6566020832113644,2.500278859139066
389,0.5,Cambridge_Buckner_sub15905,2.365336347323823,2.3697951182039665,2.289389974884624,2.767870409919492,2.6387339787824984
389,0.75,Cambridge_Buckner_sub15905,2.479061637824306,2.478010662974209,2.3893924013355177,2.879138736627619,2.7771890984259313
389,0.95,Cambridge_Buckner_sub15905,2.6426740778103857,2.6336964321321865,2.533262255825709,3.0392164321496002,2.9763794443352265
390,0.05,Cambridge_Buckner_sub16122,2.1241282022930057,2.1044069131131127,2.0592309858438567,2.4933815506061268,2.3638189979325515
390,0.25,Cambridge_Buckner_sub16122,2.2923908669480197,2.264667451086813,2.205101829628854,2.655982846243259,2.568142326116185
390,0.5,Cambridge_Buckner_sub16122,2.40934847982822,2.3760628696648483,2.3064951227452632,2.7690053009151723,2.7101653278860156
390,0.75,Cambridge_Buckner_sub16122,2.5263060927084195,2.4874582882428826,2.407888415861672,2.8820277555870857,2.852188329655847
390,0.95,Cambridge_Buckner_sub16122,2.6945687573634345,2.6477188262165847,2.553759259646669,3.0446290512242173,3.0565116578394793
391,0.05,Cambridge_Buckner_sub16390,2.0653383818658804,2.0892651582574673,2.0314356332042087,2.446221791641557,2.2979927870681145
391,0.25,Cambridge_Buckner_sub16390,2.2241094535661357,2.2426310458762275,2.173570038500156,2.6039157174538063,2.4870968448859947
391,0.5,Cambridge_Buckner_sub16390,2.334469559764178,2.349234065327511,2.272366172423532,2.7135271108459325,2.6185410914970007
391,0.75,Cambridge_Buckner_sub16390,2.444829665962221,2.455837084778795,2.371162306346908,2.823138504238058,2.7499853381080066
391,0.95,Cambridge_Buckner_sub16390,2.603600737662477,2.609202972397555,2.513296711642855,2.980832430050308,2.9390893959258864
392,0.05,Cambridge_Buckner_sub16846,2.033738554186889,2.0890534077512717,1.9920373047391935,2.415961994621972,2.238475914668342
392,0.25,Cambridge_Buckner_sub16846,2.1859935137758355,2.241710918425926,2.1365382961890838,2.572141940151537,2.4130610169716293
392,0.5,Cambridge_Buckner_sub16846,2.291824338808855,2.347821552495272,2.2369794193191135,2.680700981733037,2.5344132899295246
392,0.75,Cambridge_Buckner_sub16846,2.397655163841874,2.453932186564618,2.337420542449144,2.789260023314536,2.6557655628874195
392,0.95,Cambridge_Buckner_sub16846,2.5499101234308195,2.606589697239273,2.4819215338990332,2.945439968844101,2.8303506651907067
393,0.05,Cambridge_Buckner_sub17584,2.0949760755642997,2.096826637150979,2.048474373518249,2.4751673588432044,2.329252694593159
393,0.25,Cambridge_Buckner_sub17584,2.258588515550378,2.2525124063089583,2.19234422800844,2.6352450543651837,2.528443040502455
393,0.5,Cambridge_Buckner_sub17584,2.372313806050861,2.3607279510792,2.2923466544593336,2.746513381073311,2.6668981601458874
393,0.75,Cambridge_Buckner_sub17584,2.4860390965513437,2.4689434958494423,2.392349080910228,2.857781707781439,2.805353279789319
393,0.95,Cambridge_Buckner_sub17584,2.649651536537423,2.62462926500742,2.5362189354004188,3.0178594033034174,3.0045436256986164
394,0.05,Cambridge_Buckner_sub17737,2.0485530571033617,2.0842137882014615,2.013460182176817,2.4185374454744952,2.2798987824960952
394,0.25,Cambridge_Buckner_sub17737,2.203832956321148,2.2373662566091874,2.155788470173792,2.575086162199691,2.460017311177859
394,0.5,Cambridge_Buckner_sub17737,2.311766385154132,2.3438209306059603,2.2547193699285386,2.6839015327703266,2.585215810757696
394,0.75,Cambridge_Buckner_sub17737,2.419699813987117,2.4502756046027336,2.3536502696832855,2.7927169033409616,2.710414310337533
394,0.95,Cambridge_Buckner_sub17737,2.5749797132049017,2.6034280730104595,2.4959785576802602,2.9492656200661593,2.890532839019297
395,0.05,Cambridge_Buckner_sub17772,2.0515650725439722,2.096491725705878,2.022581755104158,2.458032726175145,2.262937855239436
395,0.25,Cambridge_Buckner_sub17772,2.209087232521228,2.2497311687709898,2.1645447306126755,2.6152325434841606,2.44872548692665
395,0.5,Cambridge_Buckner_sub17772,2.3185792332835256,2.35624629793962,2.2632217054893586,2.7245004872396104,2.5778645205283914
395,0.75,Cambridge_Buckner_sub17772,2.428071234045823,2.4627614271082514,2.361898680366042,2.8337684309950593,2.7070035541301327
395,0.95,Cambridge_Buckner_sub17772,2.585593394023079,2.6160008701733632,2.5038616558745592,2.9909682483040747,2.8927911858173463
396,0.05,Cambridge_Buckner_sub18295,2.0764069765529194,2.102942481414239,2.039952643575087,2.4869583432868434,2.2884246657672294
396,0.25,Cambridge_Buckner_sub18295,2.238173439474325,2.257394513137437,2.18305792585462,2.646073004680017,2.4843940927163284
396,0.5,Cambridge_Buckner_sub18295,2.350615610684152,2.364752499960475,2.2825289061833662,2.756671936468849,2.62061038538268
396,0.75,Cambridge_Buckner_sub18295,2.46305778189398,2.472110486783513,2.3819998865121126,2.8672708682576813,2.7568266780490314
396,0.95,Cambridge_Buckner_sub18295,2.6248242448153842,2.6265625185067116,2.525105168791645,3.026385529650854,2.9527961049981313
397,0.05,Cambridge_Buckner_sub18449,2.101526237157463,2.1093842413896864,2.0509608131070807,2.5058298167583057,2.3166614043615072
397,0.25,Cambridge_Buckner_sub18449,2.2672855651649515,2.2669544897674094,2.1957579456966925,2.6670631919642456,2.518697388371106
397,0.5,Cambridge_Buckner_sub18449,2.3825031350051207,2.3764799162723547,2.2964049134259903,2.779134819495925,2.659130481203152
397,0.75,Cambridge_Buckner_sub18449,2.4977207048452903,2.486005342777299,2.397051881155288,2.891206447027605,2.799563574035198
397,0.95,Cambridge_Buckner_sub18449,2.6634800328527786,2.6435755911550234,2.5418490137449,3.0524398222335463,3.001599558044797
398,0.05,Cambridge_Buckner_sub19717,2.087998616837261,2.105893804275746,2.0455176939435393,2.4965243876893854,2.30108851322977
398,0.25,Cambridge_Buckner_sub19717,2.25161105682334,2.261579573433724,2.1893875484337295,2.6566020832113644,2.500278859139066
398,0.5,Cambridge_Buckner_sub19717,2.365336347323823,2.3697951182039665,2.289389974884624,2.767870409919492,2.6387339787824984
398,0.75,Cambridge_Buckner_sub19717,2.479061637824306,2.478010662974209,2.3893924013355177,2.879138736627619,2.7771890984259313
398,0.95,Cambridge_Buckner_sub19717,2.6426740778103857,2.6336964321321865,2.533262255825709,3.0392164321496002,2.9763794443352265
399,0.05,Cambridge_Buckner_sub20389,2.073561890819798,2.0913844220192974,2.0372279579149133,2.4559083608395103,2.3063315265711593
399,0.25,Cambridge_Buckner_sub20389,2.233731276715248,2.2451092421314343,2.1797488728295575,2.614234421819447,2.498882480532063
399,0.5,Cambridge_Buckner_sub20389,2.345063336440008,2.3519617517931373,2.2788136655338382,2.7242852057346103,2.632722628489102
399,0.75,Cambridge_Buckner_sub20389,2.4563953961647678,2.4588142614548407,2.3778784582381185,2.834335989649773,2.7665627764461416
399,0.95,Cambridge_Buckner_sub20389,2.616564782060217,2.612539081566978,2.5203993731527623,2.9926620506297112,2.959113730407045
400,0.05,Cambridge_Buckner_sub20543,2.0949760755642997,2.096826637150979,2.048474373518249,2.4751673588432044,2.329252694593159
400,0.25,Cambridge_Buckner_sub20543,2.258588515550378,2.2525124063089583,2.19234422800844,2.6352450543651837,2.528443040502455
400,0.5,Cambridge_Buckner_sub20543,2.372313806050861,2.3607279510792,2.2923466544593336,2.746513381073311,2.6668981601458874
400,0.75,Cambridge_Buckner_sub20543,2.4860390965513437,2.4689434958494423,2.392349080910228,2.857781707781439,2.805353279789319
400,0.95,Cambridge_Buckner_sub20543,2.649651536537423,2.62462926500742,2.5362189354004188,3.0178594033034174,3.0045436256986164
401,0.05,Cambridge_Buckner_sub20563,2.0653383818658804,2.0892651582574673,2.0314356332042087,2.446221791641557,2.2979927870681145
401,0.25,Cambridge_Buckner_sub20563,2.2241094535661357,2.2426310458762275,2.173570038500156,2.6039157174538063,2.4870968448859947
401,0.5,Cambridge_Buckner_sub20563,2.334469559764178,2.349234065327511,2.272366172423532,2.7135271108459325,2.6185410914970007
401,0.75,Cambridge_Buckner_sub20563,2.444829665962221,2.455837084778795,2.371162306346908,2.823138504238058,2.7499853381080066
401,0.95,Cambridge_Buckner_sub20563,2.603600737662477,2.609202972397555,2.513296711642855,2.980832430050308,2.9390893959258864
402,0.05,Cambridge_Buckner_sub21755,2.0764069765529194,2.102942481414239,2.039952643575087,2.4869583432868434,2.2884246657672294
402,0.25,Cambridge_Buckner_sub21755,2.238173439474325,2.257394513137437,2.18305792585462,2.646073004680017,2.4843940927163284
402,0.5,Cambridge_Buckner_sub21755,2.350615610684152,2.364752499960475,2.2825289061833662,2.756671936468849,2.62061038538268
402,0.75,Cambridge_Buckner_sub21755,2.46305778189398,2.472110486783513,2.3819998865121126,2.8672708682576813,2.7568266780490314
402,0.95,Cambridge_Buckner_sub21755,2.6248242448153842,2.6265625185067116,2.525105168791645,3.026385529650854,2.9527961049981313
403,0.05,Cambridge_Buckner_sub23780,2.0764069765529194,2.102942481414239,2.039952643575087,2.4869583432868434,2.2884246657672294
403,0.25,Cambridge_Buckner_sub23780,2.238173439474325,2.257394513137437,2.18305792585462,2.646073004680017,2.4843940927163284
403,0.5,Cambridge_Buckner_sub23780,2.350615610684152,2.364752499960475,2.2825289061833662,2.756671936468849,2.62061038538268
403,0.75,Cambridge_Buckner_sub23780,2.46305778189398,2.472110486783513,2.3819998865121126,2.8672708682576813,2.7568266780490314
403,0.95,Cambridge_Buckner_sub23780,2.6248242448153842,2.6265625185067116,2.525105168791645,3.026385529650854,2.9527961049981313
404,0.05,Cambridge_Buckner_sub23869,2.073561890819798,2.0913844220192974,2.0372279579149133,2.4559083608395103,2.3063315265711593
404,0.25,Cambridge_Buckner_sub23869,2.233731276715248,2.2451092421314343,2.1797488728295575,2.614234421819447,2.498882480532063
404,0.5,Cambridge_Buckner_sub23869,2.345063336440008,2.3519617517931373,2.2788136655338382,2.7242852057346103,2.632722628489102
404,0.75,Cambridge_Buckner_sub23869,2.4563953961647678,2.4588142614548407,2.3778784582381185,2.834335989649773,2.7665627764461416
404,0.95,Cambridge_Buckner_sub23869,2.616564782060217,2.612539081566978,2.5203993731527623,2.9926620506297112,2.959113730407045
405,0.05,Cambridge_Buckner_sub24670,2.0653383818658804,2.0892651582574673,2.0314356332042087,2.446221791641557,2.2979927870681145
405,0.25,Cambridge_Buckner_sub24670,2.2241094535661357,2.2426310458762275,2.173570038500156,2.6039157174538063,2.4870968448859947
405,0.5,Cambridge_Buckner_sub24670,2.334469559764178,2.349234065327511,2.272366172423532,2.7135271108459325,2.6185410914970007
405,0.75,Cambridge_Buckner_sub24670,2.444829665962221,2.455837084778795,2.371162306346908,2.823138504238058,2.7499853381080066
405,0.95,Cambridge_Buckner_sub24670,2.603600737662477,2.609202972397555,2.513296711642855,2.980832430050308,2.9390893959258864
406,0.05,Cambridge_Buckner_sub24757,2.083384435279957,2.0938753142894724,2.0429093231497975,2.4656013144406623,2.3165888471306175
406,0.25,Cambridge_Buckner_sub24757,2.2451508982013624,2.2483273460126707,2.186014605429329,2.624715975833836,2.512558274079718
406,0.5,Cambridge_Buckner_sub24757,2.3575930694111897,2.3556853328357086,2.285485585758076,2.735314907622668,2.648774566746069
406,0.75,Cambridge_Buckner_sub24757,2.4700352406210175,2.4630433196587465,2.3849565660868226,2.8459138394114993,2.7849908594124213
406,0.95,Cambridge_Buckner_sub24757,2.631801703542422,2.6174953513819443,2.5280618483663546,3.0050285008046744,2.9809602863615194
407,0.05,Cambridge_Buckner_sub25044,2.1085036958845014,2.100317074264919,2.0539174926817907,2.484472787912124,2.3448255857248954
407,0.25,Cambridge_Buckner_sub25044,2.274263023891989,2.2578873226426435,2.198714625271402,2.645706163118065,2.546861569734495
407,0.5,Cambridge_Buckner_sub25044,2.3894805937321584,2.3674127491475883,2.2993615930007,2.757777790649744,2.6872946625665413
407,0.75,Cambridge_Buckner_sub25044,2.5046981635723276,2.4769381756525326,2.4000085607299977,2.8698494181814227,2.827727755398588
407,0.95,Cambridge_Buckner_sub25044,2.6704574915798163,2.6345084240302565,2.54480569331961,3.031082793387365,3.0297637394081853
408,0.05,Cambridge_Buckner_sub25058,2.0665844320927618,2.100451589144064,2.0342712783402024,2.4772653896856913,2.2781673452077693
408,0.25,Cambridge_Buckner_sub25058,2.2267538179882105,2.2541764092562007,2.1767921932548475,2.635591450665628,2.4707182991686736
408,0.5,Cambridge_Buckner_sub25058,2.3380858777129703,2.3610289189179037,2.275856985959128,2.7456422345807914,2.604558447125713
408,0.75,Cambridge_Buckner_sub25058,2.44941793743773,2.4678814285796067,2.3749217786634094,2.855693018495954,2.738398595082752
408,0.95,Cambridge_Buckner_sub25058,2.6095873233331783,2.621606248691744,2.5174426935780527,3.0140190794758914,2.9309495490436563
409,0.05,Cambridge_Buckner_sub25099,2.0485530571033617,2.0842137882014615,2.013460182176817,2.4185374454744952,2.2798987824960952
409,0.25,Cambridge_Buckner_sub25099,2.203832956321148,2.2373662566091874,2.155788470173792,2.575086162199691,2.460017311177859
409,0.5,Cambridge_Buckner_sub25099,2.311766385154132,2.3438209306059603,2.2547193699285386,2.6839015327703266,2.585215810757696
409,0.75,Cambridge_Buckner_sub25099,2.419699813987117,2.4502756046027336,2.3536502696832855,2.7927169033409616,2.710414310337533
409,0.95,Cambridge_Buckner_sub25099,2.5749797132049017,2.6034280730104595,2.4959785576802602,2.9492656200661593,2.890532839019297
410,0.05,Cambridge_Buckner_sub26348,2.0653383818658804,2.0892651582574673,2.0314356332042087,2.446221791641557,2.2979927870681145
410,0.25,Cambridge_Buckner_sub26348,2.2241094535661357,2.2426310458762275,2.173570038500156,2.6039157174538063,2.4870968448859947
410,0.5,Cambridge_Buckner_sub26348,2.334469559764178,2.349234065327511,2.272366172423532,2.7135271108459325,2.6185410914970007
410,0.75,Cambridge_Buckner_sub26348,2.444829665962221,2.455837084778795,2.371162306346908,2.823138504238058,2.7499853381080066
410,0.95,Cambridge_Buckner_sub26348,2.603600737662477,2.609202972397555,2.513296711642855,2.980832430050308,2.9390893959258864
411,0.05,Cambridge_Buckner_sub27065,2.0764069765529194,2.102942481414239,2.039952643575087,2.4869583432868434,2.2884246657672294
411,0.25,Cambridge_Buckner_sub27065,2.238173439474325,2.257394513137437,2.18305792585462,2.646073004680017,2.4843940927163284
411,0.5,Cambridge_Buckner_sub27065,2.350615610684152,2.364752499960475,2.2825289061833662,2.756671936468849,2.62061038538268
411,0.75,Cambridge_Buckner_sub27065,2.46305778189398,2.472110486783513,2.3819998865121126,2.8672708682576813,2.7568266780490314
411,0.95,Cambridge_Buckner_sub27065,2.6248242448153842,2.6265625185067116,2.525105168791645,3.026385529650854,2.9527961049981313
412,0.05,Cambridge_Buckner_sub27230,2.0665844320927618,2.100451589144064,2.0342712783402024,2.4772653896856913,2.2781673452077693
412,0.25,Cambridge_Buckner_sub27230,2.2267538179882105,2.2541764092562007,2.1767921932548475,2.635591450665628,2.4707182991686736
412,0.5,Cambridge_Buckner_sub27230,2.3380858777129703,2.3610289189179037,2.275856985959128,2.7456422345807914,2.604558447125713
412,0.75,Cambridge_Buckner_sub27230,2.44941793743773,2.4678814285796067,2.3749217786634094,2.855693018495954,2.738398595082752
412,0.95,Cambridge_Buckner_sub27230,2.6095873233331783,2.621606248691744,2.5174426935780527,3.0140190794758914,2.9309495490436563
413,0.05,Cambridge_Buckner_sub27613,2.1241282022930057,2.1044069131131127,2.0592309858438567,2.4933815506061268,2.3638189979325515
413,0.25,Cambridge_Buckner_sub27613,2.2923908669480197,2.264667451086813,2.205101829628854,2.655982846243259,2.568142326116185
413,0.5,Cambridge_Buckner_sub27613,2.40934847982822,2.3760628696648483,2.3064951227452632,2.7690053009151723,2.7101653278860156
413,0.75,Cambridge_Buckner_sub27613,2.5263060927084195,2.4874582882428826,2.407888415861672,2.8820277555870857,2.852188329655847
413,0.95,Cambridge_Buckner_sub27613,2.6945687573634345,2.6477188262165847,2.553759259646669,3.0446290512242173,3.0565116578394793
414,0.05,Cambridge_Buckner_sub27796,2.073561890819798,2.0913844220192974,2.0372279579149133,2.4559083608395103,2.3063315265711593
414,0.25,Cambridge_Buckner_sub27796,2.233731276715248,2.2451092421314343,2.1797488728295575,2.614234421819447,2.498882480532063
414,0.5,Cambridge_Buckner_sub27796,2.345063336440008,2.3519617517931373,2.2788136655338382,2.7242852057346103,2.632722628489102
414,0.75,Cambridge_Buckner_sub27796,2.4563953961647678,2.4588142614548407,2.3778784582381185,2.834335989649773,2.7665627764461416
414,0.95,Cambridge_Buckner_sub27796,2.616564782060217,2.612539081566978,2.5203993731527623,2.9926620506297112,2.959113730407045
415,0.05,Cambridge_Buckner_sub29044,2.083384435279957,2.0938753142894724,2.0429093231497975,2.4656013144406623,2.3165888471306175
415,0.25,Cambridge_Buckner_sub29044,2.2451508982013624,2.2483273460126707,2.186014605429329,2.624715975833836,2.512558274079718
415,0.5,Cambridge_Buckner_sub29044,2.3575930694111897,2.3556853328357086,2.285485585758076,2.735314907622668,2.648774566746069
415,0.75,Cambridge_Buckner_sub29044,2.4700352406210175,2.4630433196587465,2.3849565660868226,2.8459138394114993,2.7849908594124213
415,0.95,Cambridge_Buckner_sub29044,2.631801703542422,2.6174953513819443,2.5280618483663546,3.0050285008046744,2.9809602863615194
416,0.05,Cambridge_Buckner_sub29425,2.0665844320927618,2.100451589144064,2.0342712783402024,2.4772653896856913,2.2781673452077693
416,0.25,Cambridge_Buckner_sub29425,2.2267538179882105,2.2541764092562007,2.1767921932548475,2.635591450665628,2.4707182991686736
416,0.5,Cambridge_Buckner_sub29425,2.3380858777129703,2.3610289189179037,2.275856985959128,2.7456422345807914,2.604558447125713
416,0.75,Cambridge_Buckner_sub29425,2.44941793743773,2.4678814285796067,2.3749217786634094,2.855693018495954,2.738398595082752
416,0.95,Cambridge_Buckner_sub29425,2.6095873233331783,2.621606248691744,2.5174426935780527,3.0140190794758914,2.9309495490436563
417,0.05,Cambridge_Buckner_sub29800,2.058542531271009,2.0874245585811093,2.025538434678868,2.436675697328964,2.2911020366028243
417,0.25,Cambridge_Buckner_sub29800,2.216064691248266,2.2406640016462234,2.1675014101873855,2.59387551463798,2.4768896682900396
417,0.5,Cambridge_Buckner_sub29800,2.3255566920105633,2.3471791308148537,2.2661783850640687,2.7031434583934293,2.6060287018917805
417,0.75,Cambridge_Buckner_sub29800,2.4350486927728605,2.453694259983485,2.3648553599407514,2.812411402148878,2.735167735493522
417,0.95,Cambridge_Buckner_sub29800,2.592570852750118,2.606933703048597,2.506818335449269,2.9696112194578936,2.920955367180736
418,0.05,Cambridge_Buckner_sub31522,2.083384435279957,2.0938753142894724,2.0429093231497975,2.4656013144406623,2.3165888471306175
418,0.25,Cambridge_Buckner_sub31522,2.2451508982013624,2.2483273460126707,2.186014605429329,2.624715975833836,2.512558274079718
418,0.5,Cambridge_Buckner_sub31522,2.3575930694111897,2.3556853328357086,2.285485585758076,2.735314907622668,2.648774566746069
418,0.75,Cambridge_Buckner_sub31522,2.4700352406210175,2.4630433196587465,2.3849565660868226,2.8459138394114993,2.7849908594124213
418,0.95,Cambridge_Buckner_sub31522,2.631801703542422,2.6174953513819443,2.5280618483663546,3.0050285008046744,2.9809602863615194
419,0.05,Cambridge_Buckner_sub34586,2.0764069765529194,2.102942481414239,2.039952643575087,2.4869583432868434,2.2884246657672294
419,0.25,Cambridge_Buckner_sub34586,2.238173439474325,2.257394513137437,2.18305792585462,2.646073004680017,2.4843940927163284
419,0.5,Cambridge_Buckner_sub34586,2.350615610684152,2.364752499960475,2.2825289061833662,2.756671936468849,2.62061038538268
419,0.75,Cambridge_Buckner_sub34586,2.46305778189398,2.472110486783513,2.3819998865121126,2.8672708682576813,2.7568266780490314
419,0.95,Cambridge_Buckner_sub34586,2.6248242448153842,2.6265625185067116,2.525105168791645,3.026385529650854,2.9527961049981313
420,0.05,Cambridge_Buckner_sub34741,2.045081076665038,2.08273150936263,2.007317296267515,2.4101146490893885,2.2750442220835763
420,0.25,Cambridge_Buckner_sub34741,2.1993084885849465,2.2357646693343525,2.1501793368786344,2.5664718936463404,2.4529493328799736
420,0.5,Cambridge_Buckner_sub34741,2.306510344539308,2.34213641328898,2.249481242475627,2.67515417392165,2.576609308909683
420,0.75,Cambridge_Buckner_sub34741,2.4137122004936704,2.448508157243608,2.3487831480726196,2.78383645419696,2.7002692849393926
420,0.95,Cambridge_Buckner_sub34741,2.56793961241358,2.601541317215331,2.491645188683737,2.940193698753911,2.87817439573579
421,0.05,Cambridge_Buckner_sub35430,2.087998616837261,2.105893804275746,2.0455176939435393,2.4965243876893854,2.30108851322977
421,0.25,Cambridge_Buckner_sub35430,2.25161105682334,2.261579573433724,2.1893875484337295,2.6566020832113644,2.500278859139066
421,0.5,Cambridge_Buckner_sub35430,2.365336347323823,2.3697951182039665,2.289389974884624,2.767870409919492,2.6387339787824984
421,0.75,Cambridge_Buckner_sub35430,2.479061637824306,2.478010662974209,2.3893924013355177,2.879138736627619,2.7771890984259313
421,0.95,Cambridge_Buckner_sub35430,2.6426740778103857,2.6336964321321865,2.533262255825709,3.0392164321496002,2.9763794443352265
422,0.05,Cambridge_Buckner_sub35512,2.1085036958845014,2.100317074264919,2.0539174926817907,2.484472787912124,2.3448255857248954
422,0.25,Cambridge_Buckner_sub35512,2.274263023891989,2.2578873226426435,2.198714625271402,2.645706163118065,2.546861569734495
422,0.5,Cambridge_Buckner_sub35512,2.3894805937321584,2.3674127491475883,2.2993615930007,2.757777790649744,2.6872946625665413
422,0.75,Cambridge_Buckner_sub35512,2.5046981635723276,2.4769381756525326,2.4000085607299977,2.8698494181814227,2.827727755398588
422,0.95,Cambridge_Buckner_sub35512,2.6704574915798163,2.6345084240302565,2.54480569331961,3.031082793387365,3.0297637394081853
423,0.05,Cambridge_Buckner_sub37374,2.083384435279957,2.0938753142894724,2.0429093231497975,2.4656013144406623,2.3165888471306175
423,0.25,Cambridge_Buckner_sub37374,2.2451508982013624,2.2483273460126707,2.186014605429329,2.624715975833836,2.512558274079718
423,0.5,Cambridge_Buckner_sub37374,2.3575930694111897,2.3556853328357086,2.285485585758076,2.735314907622668,2.648774566746069
423,0.75,Cambridge_Buckner_sub37374,2.4700352406210175,2.4630433196587465,2.3849565660868226,2.8459138394114993,2.7849908594124213
423,0.95,Cambridge_Buckner_sub37374,2.631801703542422,2.6174953513819443,2.5280618483663546,3.0050285008046744,2.9809602863615194
424,0.05,Cambridge_Buckner_sub39053,2.0665844320927618,2.100451589144064,2.0342712783402024,2.4772653896856913,2.2781673452077693
424,0.25,Cambridge_Buckner_sub39053,2.2267538179882105,2.2541764092562007,2.1767921932548475,2.635591450665628,2.4707182991686736
424,0.5,Cambridge_Buckner_sub39053,2.3380858777129703,2.3610289189179037,2.275856985959128,2.7456422345807914,2.604558447125713
424,0.75,Cambridge_Buckner_sub39053,2.44941793743773,2.4678814285796067,2.3749217786634094,2.855693018495954,2.738398595082752
424,0.95,Cambridge_Buckner_sub39053,2.6095873233331783,2.621606248691744,2.5174426935780527,3.0140190794758914,2.9309495490436563
425,0.05,Cambridge_Buckner_sub39065,2.1085036958845014,2.100317074264919,2.0539174926817907,2.484472787912124,2.3448255857248954
425,0.25,Cambridge_Buckner_sub39065,2.274263023891989,2.2578873226426435,2.198714625271402,2.645706163118065,2.546861569734495
425,0.5,Cambridge_Buckner_sub39065,2.3894805937321584,2.3674127491475883,2.2993615930007,2.757777790649744,2.6872946625665413
425,0.75,Cambridge_Buckner_sub39065,2.5046981635723276,2.4769381756525326,2.4000085607299977,2.8698494181814227,2.827727755398588
425,0.95,Cambridge_Buckner_sub39065,2.6704574915798163,2.6345084240302565,2.54480569331961,3.031082793387365,3.0297637394081853
426,0.05,Cambridge_Buckner_sub39142,2.0460251338260105,2.094836366961344,2.0165866884168335,2.4487624959278973,2.2570419114349565
426,0.25,Cambridge_Buckner_sub39142,2.202398642079113,2.2480463328579177,2.158609993315097,2.6055870266640913,2.43979220953836
426,0.5,Cambridge_Buckner_sub39142,2.311092227078988,2.3545409727559563,2.25732890251765,2.7145941126600768,2.566820024432068
426,0.75,Cambridge_Buckner_sub39142,2.419785812078863,2.4610356126539945,2.3560478117202033,2.8236011986560627,2.6938478393257754
426,0.95,Cambridge_Buckner_sub39142,2.576159320331965,2.614245578550568,2.498071116618468,2.9804257293922554,2.8765981374291796
427,0.05,Cambridge_Buckner_sub39737,2.058360923138842,2.0983323253822332,2.0284789536294987,2.4675788204877382,2.269828605704726
427,0.25,Cambridge_Buckner_sub39737,2.217131994839097,2.2516982130009935,2.170613358925446,2.6252727462999874,2.4589326635226056
427,0.5,Cambridge_Buckner_sub39737,2.3274921010371403,2.3583012324522774,2.269409492848822,2.7348841396921135,2.5903769101336116
427,0.75,Cambridge_Buckner_sub39737,2.437852207235183,2.464904251903561,2.368205626772198,2.8444955330842387,2.721821156744618
427,0.95,Cambridge_Buckner_sub39737,2.5966232789354384,2.618270139522321,2.5103400320681453,3.002189458896489,2.910925214562499
428,0.05,Cambridge_Buckner_sub40635,2.117150743565967,2.113474080237879,2.0562743062691475,2.5147385794523083,2.3356548165691633
428,0.25,Cambridge_Buckner_sub40635,2.285413408220982,2.2737346182115794,2.2021451500541445,2.67733987508944,2.539978144752796
428,0.5,Cambridge_Buckner_sub40635,2.402371021101182,2.3851300367896147,2.3035384431705532,2.7903623297613533,2.6820011465226266
428,0.75,Cambridge_Buckner_sub40635,2.5193286339813823,2.4965254553676495,2.404931736286962,2.9033847844332663,2.8240241482924566
428,0.95,Cambridge_Buckner_sub40635,2.6875912986363955,2.6567859933413502,2.550802580071959,3.0659860800703984,3.0283474764760903
429,0.05,Cambridge_Buckner_sub41567,2.0949760755642997,2.096826637150979,2.048474373518249,2.4751673588432044,2.329252694593159
429,0.25,Cambridge_Buckner_sub41567,2.258588515550378,2.2525124063089583,2.19234422800844,2.6352450543651837,2.528443040502455
429,0.5,Cambridge_Buckner_sub41567,2.372313806050861,2.3607279510792,2.2923466544593336,2.746513381073311,2.6668981601458874
429,0.75,Cambridge_Buckner_sub41567,2.4860390965513437,2.4689434958494423,2.392349080910228,2.857781707781439,2.805353279789319
429,0.95,Cambridge_Buckner_sub41567,2.649651536537423,2.62462926500742,2.5362189354004188,3.0178594033034174,3.0045436256986164
430,0.05,Cambridge_Buckner_sub41773,2.0764069765529194,2.102942481414239,2.039952643575087,2.4869583432868434,2.2884246657672294
430,0.25,Cambridge_Buckner_sub41773,2.238173439474325,2.257394513137437,2.18305792585462,2.646073004680017,2.4843940927163284
430,0.5,Cambridge_Buckner_sub41773,2.350615610684152,2.364752499960475,2.2825289061833662,2.756671936468849,2.62061038538268
430,0.75,Cambridge_Buckner_sub41773,2.46305778189398,2.472110486783513,2.3819998865121126,2.8672708682576813,2.7568266780490314
430,0.95,Cambridge_Buckner_sub41773,2.6248242448153842,2.6265625185067116,2.525105168791645,3.026385529650854,2.9527961049981313
431,0.05,Cambridge_Buckner_sub41814,2.1085036958845014,2.100317074264919,2.0539174926817907,2.484472787912124,2.3448255857248954
431,0.25,Cambridge_Buckner_sub41814,2.274263023891989,2.2578873226426435,2.198714625271402,2.645706163118065,2.546861569734495
431,0.5,Cambridge_Buckner_sub41814,2.3894805937321584,2.3674127491475883,2.2993615930007,2.757777790649744,2.6872946625665413
431,0.75,Cambridge_Buckner_sub41814,2.5046981635723276,2.4769381756525326,2.4000085607299977,2.8698494181814227,2.827727755398588
431,0.95,Cambridge_Buckner_sub41814,2.6704574915798163,2.6345084240302565,2.54480569331961,3.031082793387365,3.0297637394081853
432,0.05,Cambridge_Buckner_sub42146,2.058542531271009,2.0874245585811093,2.025538434678868,2.436675697328964,2.2911020366028243
432,0.25,Cambridge_Buckner_sub42146,2.216064691248266,2.2406640016462234,2.1675014101873855,2.59387551463798,2.4768896682900396
432,0.5,Cambridge_Buckner_sub42146,2.3255566920105633,2.3471791308148537,2.2661783850640687,2.7031434583934293,2.6060287018917805
432,0.75,Cambridge_Buckner_sub42146,2.4350486927728605,2.453694259983485,2.3648553599407514,2.812411402148878,2.735167735493522
432,0.95,Cambridge_Buckner_sub42146,2.592570852750118,2.606933703048597,2.506818335449269,2.9696112194578936,2.920955367180736
433,0.05,Cambridge_Buckner_sub42253,2.0949760755642997,2.096826637150979,2.048474373518249,2.4751673588432044,2.329252694593159
433,0.25,Cambridge_Buckner_sub42253,2.258588515550378,2.2525124063089583,2.19234422800844,2.6352450543651837,2.528443040502455
433,0.5,Cambridge_Buckner_sub42253,2.372313806050861,2.3607279510792,2.2923466544593336,2.746513381073311,2.6668981601458874
433,0.75,Cambridge_Buckner_sub42253,2.4860390965513437,2.4689434958494423,2.392349080910228,2.857781707781439,2.805353279789319
433,0.95,Cambridge_Buckner_sub42253,2.649651536537423,2.62462926500742,2.5362189354004188,3.0178594033034174,3.0045436256986164
434,0.05,Cambridge_Buckner_sub43304,2.0653383818658804,2.0892651582574673,2.0314356332042087,2.446221791641557,2.2979927870681145
434,0.25,Cambridge_Buckner_sub43304,2.2241094535661357,2.2426310458762275,2.173570038500156,2.6039157174538063,2.4870968448859947
434,0.5,Cambridge_Buckner_sub43304,2.334469559764178,2.349234065327511,2.272366172423532,2.7135271108459325,2.6185410914970007
434,0.75,Cambridge_Buckner_sub43304,2.444829665962221,2.455837084778795,2.371162306346908,2.823138504238058,2.7499853381080066
434,0.95,Cambridge_Buckner_sub43304,2.603600737662477,2.609202972397555,2.513296711642855,2.980832430050308,2.9390893959258864
435,0.05,Cambridge_Buckner_sub43358,2.083384435279957,2.0938753142894724,2.0429093231497975,2.4656013144406623,2.3165888471306175
435,0.25,Cambridge_Buckner_sub43358,2.2451508982013624,2.2483273460126707,2.186014605429329,2.624715975833836,2.512558274079718
435,0.5,Cambridge_Buckner_sub43358,2.3575930694111897,2.3556853328357086,2.285485585758076,2.735314907622668,2.648774566746069
435,0.75,Cambridge_Buckner_sub43358,2.4700352406210175,2.4630433196587465,2.3849565660868226,2.8459138394114993,2.7849908594124213
435,0.95,Cambridge_Buckner_sub43358,2.631801703542422,2.6174953513819443,2.5280618483663546,3.0050285008046744,2.9809602863615194
436,0.05,Cambridge_Buckner_sub45344,2.0764069765529194,2.102942481414239,2.039952643575087,2.4869583432868434,2.2884246657672294
436,0.25,Cambridge_Buckner_sub45344,2.238173439474325,2.257394513137437,2.18305792585462,2.646073004680017,2.4843940927163284
436,0.5,Cambridge_Buckner_sub45344,2.350615610684152,2.364752499960475,2.2825289061833662,2.756671936468849,2.62061038538268
436,0.75,Cambridge_Buckner_sub45344,2.46305778189398,2.472110486783513,2.3819998865121126,2.8672708682576813,2.7568266780490314
436,0.95,Cambridge_Buckner_sub45344,2.6248242448153842,2.6265625185067116,2.525105168791645,3.026385529650854,2.9527961049981313
437,0.05,Cambridge_Buckner_sub45354,2.1085036958845014,2.100317074264919,2.0539174926817907,2.484472787912124,2.3448255857248954
437,0.25,Cambridge_Buckner_sub45354,2.274263023891989,2.2578873226426435,2.198714625271402,2.645706163118065,2.546861569734495
437,0.5,Cambridge_Buckner_sub45354,2.3894805937321584,2.3674127491475883,2.2993615930007,2.757777790649744,2.6872946625665413
437,0.75,Cambridge_Buckner_sub45354,2.5046981635723276,2.4769381756525326,2.4000085607299977,2.8698494181814227,2.827727755398588
437,0.95,Cambridge_Buckner_sub45354,2.6704574915798163,2.6345084240302565,2.54480569331961,3.031082793387365,3.0297637394081853
438,0.05,Cambridge_Buckner_sub45604,2.0653383818658804,2.0892651582574673,2.0314356332042087,2.446221791641557,2.2979927870681145
438,0.25,Cambridge_Buckner_sub45604,2.2241094535661357,2.2426310458762275,2.173570038500156,2.6039157174538063,2.4870968448859947
438,0.5,Cambridge_Buckner_sub45604,2.334469559764178,2.349234065327511,2.272366172423532,2.7135271108459325,2.6185410914970007
438,0.75,Cambridge_Buckner_sub45604,2.444829665962221,2.455837084778795,2.371162306346908,2.823138504238058,2.7499853381080066
438,0.95,Cambridge_Buckner_sub45604,2.603600737662477,2.609202972397555,2.513296711642855,2.980832430050308,2.9390893959258864
439,0.05,Cambridge_Buckner_sub47162,2.073561890819798,2.0913844220192974,2.0372279579149133,2.4559083608395103,2.3063315265711593
439,0.25,Cambridge_Buckner_sub47162,2.233731276715248,2.2451092421314343,2.1797488728295575,2.614234421819447,2.498882480532063
439,0.5,Cambridge_Buckner_sub47162,2.345063336440008,2.3519617517931373,2.2788136655338382,2.7242852057346103,2.632722628489102
439,0.75,Cambridge_Buckner_sub47162,2.4563953961647678,2.4588142614548407,2.3778784582381185,2.834335989649773,2.7665627764461416
439,0.95,Cambridge_Buckner_sub47162,2.616564782060217,2.612539081566978,2.5203993731527623,2.9926620506297112,2.959113730407045
440,0.05,Cambridge_Buckner_sub47231,2.083384435279957,2.0938753142894724,2.0429093231497975,2.4656013144406623,2.3165888471306175
440,0.25,Cambridge_Buckner_sub47231,2.2451508982013624,2.2483273460126707,2.186014605429329,2.624715975833836,2.512558274079718
440,0.5,Cambridge_Buckner_sub47231,2.3575930694111897,2.3556853328357086,2.285485585758076,2.735314907622668,2.648774566746069
440,0.75,Cambridge_Buckner_sub47231,2.4700352406210175,2.4630433196587465,2.3849565660868226,2.8459138394114993,2.7849908594124213
440,0.95,Cambridge_Buckner_sub47231,2.631801703542422,2.6174953513819443,2.5280618483663546,3.0050285008046744,2.9809602863615194
441,0.05,Cambridge_Buckner_sub47278,2.087998616837261,2.105893804275746,2.0455176939435393,2.4965243876893854,2.30108851322977
441,0.25,Cambridge_Buckner_sub47278,2.25161105682334,2.261579573433724,2.1893875484337295,2.6566020832113644,2.500278859139066
441,0.5,Cambridge_Buckner_sub47278,2.365336347323823,2.3697951182039665,2.289389974884624,2.767870409919492,2.6387339787824984
441,0.75,Cambridge_Buckner_sub47278,2.479061637824306,2.478010662974209,2.3893924013355177,2.879138736627619,2.7771890984259313
441,0.95,Cambridge_Buckner_sub47278,2.6426740778103857,2.6336964321321865,2.533262255825709,3.0392164321496002,2.9763794443352265
442,0.05,Cambridge_Buckner_sub47498,2.101526237157463,2.1093842413896864,2.0509608131070807,2.5058298167583057,2.3166614043615072
442,0.25,Cambridge_Buckner_sub47498,2.2672855651649515,2.2669544897674094,2.1957579456966925,2.6670631919642456,2.518697388371106
442,0.5,Cambridge_Buckner_sub47498,2.3825031350051207,2.3764799162723547,2.2964049134259903,2.779134819495925,2.659130481203152
442,0.75,Cambridge_Buckner_sub47498,2.4977207048452903,2.486005342777299,2.397051881155288,2.891206447027605,2.799563574035198
442,0.95,Cambridge_Buckner_sub47498,2.6634800328527786,2.6435755911550234,2.5418490137449,3.0524398222335463,3.001599558044797
443,0.05,Cambridge_Buckner_sub49259,2.1085036958845014,2.100317074264919,2.0539174926817907,2.484472787912124,2.3448255857248954
443,0.25,Cambridge_Buckner_sub49259,2.274263023891989,2.2578873226426435,2.198714625271402,2.645706163118065,2.546861569734495
443,0.5,Cambridge_Buckner_sub49259,2.3894805937321584,2.3674127491475883,2.2993615930007,2.757777790649744,2.6872946625665413
443,0.75,Cambridge_Buckner_sub49259,2.5046981635723276,2.4769381756525326,2.4000085607299977,2.8698494181814227,2.827727755398588
443,0.95,Cambridge_Buckner_sub49259,2.6704574915798163,2.6345084240302565,2.54480569331961,3.031082793387365,3.0297637394081853
444,0.05,Cambridge_Buckner_sub49998,2.0949760755642997,2.096826637150979,2.048474373518249,2.4751673588432044,2.329252694593159
444,0.25,Cambridge_Buckner_sub49998,2.258588515550378,2.2525124063089583,2.19234422800844,2.6352450543651837,2.528443040502455
444,0.5,Cambridge_Buckner_sub49998,2.372313806050861,2.3607279510792,2.2923466544593336,2.746513381073311,2.6668981601458874
444,0.75,Cambridge_Buckner_sub49998,2.4860390965513437,2.4689434958494423,2.392349080910228,2.857781707781439,2.805353279789319
444,0.95,Cambridge_Buckner_sub49998,2.649651536537423,2.62462926500742,2.5362189354004188,3.0178594033034174,3.0045436256986164
445,0.05,Cambridge_Buckner_sub50272,2.1241282022930057,2.1044069131131127,2.0592309858438567,2.4933815506061268,2.3638189979325515
445,0.25,Cambridge_Buckner_sub50272,2.2923908669480197,2.264667451086813,2.205101829628854,2.655982846243259,2.568142326116185
445,0.5,Cambridge_Buckner_sub50272,2.40934847982822,2.3760628696648483,2.3064951227452632,2.7690053009151723,2.7101653278860156
445,0.75,Cambridge_Buckner_sub50272,2.5263060927084195,2.4874582882428826,2.407888415861672,2.8820277555870857,2.852188329655847
445,0.95,Cambridge_Buckner_sub50272,2.6945687573634345,2.6477188262165847,2.553759259646669,3.0446290512242173,3.0565116578394793
446,0.05,Cambridge_Buckner_sub50454,2.0949760755642997,2.096826637150979,2.048474373518249,2.4751673588432044,2.329252694593159
446,0.25,Cambridge_Buckner_sub50454,2.258588515550378,2.2525124063089583,2.19234422800844,2.6352450543651837,2.528443040502455
446,0.5,Cambridge_Buckner_sub50454,2.372313806050861,2.3607279510792,2.2923466544593336,2.746513381073311,2.6668981601458874
446,0.75,Cambridge_Buckner_sub50454,2.4860390965513437,2.4689434958494423,2.392349080910228,2.857781707781439,2.805353279789319
446,0.95,Cambridge_Buckner_sub50454,2.649651536537423,2.62462926500742,2.5362189354004188,3.0178594033034174,3.0045436256986164
447,0.05,Cambridge_Buckner_sub50953,2.0653383818658804,2.0892651582574673,2.0314356332042087,2.446221791641557,2.2979927870681145
447,0.25,Cambridge_Buckner_sub50953,2.2241094535661357,2.2426310458762275,2.173570038500156,2.6039157174538063,2.4870968448859947
447,0.5,Cambridge_Buckner_sub50953,2.334469559764178,2.349234065327511,2.272366172423532,2.7135271108459325,2.6185410914970007
447,0.75,Cambridge_Buckner_sub50953,2.444829665962221,2.455837084778795,2.371162306346908,2.823138504238058,2.7499853381080066
447,0.95,Cambridge_Buckner_sub50953,2.603600737662477,2.609202972397555,2.513296711642855,2.980832430050308,2.9390893959258864
448,0.05,Cambridge_Buckner_sub51050,2.0653383818658804,2.0892651582574673,2.0314356332042087,2.446221791641557,2.2979927870681145
448,0.25,Cambridge_Buckner_sub51050,2.2241094535661357,2.2426310458762275,2.173570038500156,2.6039157174538063,2.4870968448859947
448,0.5,Cambridge_Buckner_sub51050,2.334469559764178,2.349234065327511,2.272366172423532,2.7135271108459325,2.6185410914970007
448,0.75,Cambridge_Buckner_sub51050,2.444829665962221,2.455837084778795,2.371162306346908,2.823138504238058,2.7499853381080066
448,0.95,Cambridge_Buckner_sub51050,2.603600737662477,2.609202972397555,2.513296711642855,2.980832430050308,2.9390893959258864
449,0.05,Cambridge_Buckner_sub51172,2.1241282022930057,2.1044069131131127,2.0592309858438567,2.4933815506061268,2.3638189979325515
449,0.25,Cambridge_Buckner_sub51172,2.2923908669480197,2.264667451086813,2.205101829628854,2.655982846243259,2.568142326116185
449,0.5,Cambridge_Buckner_sub51172,2.40934847982822,2.3760628696648483,2.3064951227452632,2.7690053009151723,2.7101653278860156
449,0.75,Cambridge_Buckner_sub51172,2.5263060927084195,2.4874582882428826,2.407888415861672,2.8820277555870857,2.852188329655847
449,0.95,Cambridge_Buckner_sub51172,2.6945687573634345,2.6477188262165847,2.553759259646669,3.0446290512242173,3.0565116578394793
450,0.05,Cambridge_Buckner_sub51512,2.058360923138842,2.0983323253822332,2.0284789536294987,2.4675788204877382,2.269828605704726
450,0.25,Cambridge_Buckner_sub51512,2.217131994839097,2.2516982130009935,2.170613358925446,2.6252727462999874,2.4589326635226056
450,0.5,Cambridge_Buckner_sub51512,2.3274921010371403,2.3583012324522774,2.269409492848822,2.7348841396921135,2.5903769101336116
450,0.75,Cambridge_Buckner_sub51512,2.437852207235183,2.464904251903561,2.368205626772198,2.8444955330842387,2.721821156744618
450,0.95,Cambridge_Buckner_sub51512,2.5966232789354384,2.618270139522321,2.5103400320681453,3.002189458896489,2.910925214562499
451,0.05,Cambridge_Buckner_sub51671,2.073561890819798,2.0913844220192974,2.0372279579149133,2.4559083608395103,2.3063315265711593
451,0.25,Cambridge_Buckner_sub51671,2.233731276715248,2.2451092421314343,2.1797488728295575,2.614234421819447,2.498882480532063
451,0.5,Cambridge_Buckner_sub51671,2.345063336440008,2.3519617517931373,2.2788136655338382,2.7242852057346103,2.632722628489102
451,0.75,Cambridge_Buckner_sub51671,2.4563953961647678,2.4588142614548407,2.3778784582381185,2.834335989649773,2.7665627764461416
451,0.95,Cambridge_Buckner_sub51671,2.616564782060217,2.612539081566978,2.5203993731527623,2.9926620506297112,2.959113730407045
452,0.05,Cambridge_Buckner_sub52036,2.0949760755642997,2.096826637150979,2.048474373518249,2.4751673588432044,2.329252694593159
452,0.25,Cambridge_Buckner_sub52036,2.258588515550378,2.2525124063089583,2.19234422800844,2.6352450543651837,2.528443040502455
452,0.5,Cambridge_Buckner_sub52036,2.372313806050861,2.3607279510792,2.2923466544593336,2.746513381073311,2.6668981601458874
452,0.75,Cambridge_Buckner_sub52036,2.4860390965513437,2.4689434958494423,2.392349080910228,2.857781707781439,2.805353279789319
452,0.95,Cambridge_Buckner_sub52036,2.649651536537423,2.62462926500742,2.5362189354004188,3.0178594033034174,3.0045436256986164
453,0.05,Cambridge_Buckner_sub52300,2.0653383818658804,2.0892651582574673,2.0314356332042087,2.446221791641557,2.2979927870681145
453,0.25,Cambridge_Buckner_sub52300,2.2241094535661357,2.2426310458762275,2.173570038500156,2.6039157174538063,2.4870968448859947
453,0.5,Cambridge_Buckner_sub52300,2.334469559764178,2.349234065327511,2.272366172423532,2.7135271108459325,2.6185410914970007
453,0.75,Cambridge_Buckner_sub52300,2.444829665962221,2.455837084778795,2.371162306346908,2.823138504238058,2.7499853381080066
453,0.95,Cambridge_Buckner_sub52300,2.603600737662477,2.609202972397555,2.513296711642855,2.980832430050308,2.9390893959258864
454,0.05,Cambridge_Buckner_sub52442,2.053002592553048,2.0857691998365797,2.0195433679915418,2.4274054670817176,2.2852060927983455
454,0.25,Cambridge_Buckner_sub52442,2.209376100806151,2.2389791657331513,2.161566672889807,2.5842299978179106,2.4679563909017497
454,0.5,Cambridge_Buckner_sub52442,2.318069685806026,2.3454738056311895,2.26028558209236,2.6932370838138957,2.594984205795457
454,0.75,Cambridge_Buckner_sub52442,2.4267632708059,2.451968445529228,2.359004491294913,2.8022441698098812,2.7220120206891645
454,0.95,Cambridge_Buckner_sub52442,2.5831367790590023,2.605178411425801,2.5010277961931777,2.9590687005460743,2.904762318792568
455,0.05,Cambridge_Buckner_sub53059,2.073561890819798,2.0913844220192974,2.0372279579149133,2.4559083608395103,2.3063315265711593
455,0.25,Cambridge_Buckner_sub53059,2.233731276715248,2.2451092421314343,2.1797488728295575,2.614234421819447,2.498882480532063
455,0.5,Cambridge_Buckner_sub53059,2.345063336440008,2.3519617517931373,2.2788136655338382,2.7242852057346103,2.632722628489102
455,0.75,Cambridge_Buckner_sub53059,2.4563953961647678,2.4588142614548407,2.3778784582381185,2.834335989649773,2.7665627764461416
455,0.95,Cambridge_Buckner_sub53059,2.616564782060217,2.612539081566978,2.5203993731527623,2.9926620506297112,2.959113730407045
456,0.05,Cambridge_Buckner_sub53107,2.1085036958845014,2.100317074264919,2.0539174926817907,2.484472787912124,2.3448255857248954
456,0.25,Cambridge_Buckner_sub53107,2.274263023891989,2.2578873226426435,2.198714625271402,2.645706163118065,2.546861569734495
456,0.5,Cambridge_Buckner_sub53107,2.3894805937321584,2.3674127491475883,2.2993615930007,2.757777790649744,2.6872946625665413
456,0.75,Cambridge_Buckner_sub53107,2.5046981635723276,2.4769381756525326,2.4000085607299977,2.8698494181814227,2.827727755398588
456,0.95,Cambridge_Buckner_sub53107,2.6704574915798163,2.6345084240302565,2.54480569331961,3.031082793387365,3.0297637394081853
457,0.05,Cambridge_Buckner_sub53193,2.087998616837261,2.105893804275746,2.0455176939435393,2.4965243876893854,2.30108851322977
457,0.25,Cambridge_Buckner_sub53193,2.25161105682334,2.261579573433724,2.1893875484337295,2.6566020832113644,2.500278859139066
457,0.5,Cambridge_Buckner_sub53193,2.365336347323823,2.3697951182039665,2.289389974884624,2.767870409919492,2.6387339787824984
457,0.75,Cambridge_Buckner_sub53193,2.479061637824306,2.478010662974209,2.3893924013355177,2.879138736627619,2.7771890984259313
457,0.95,Cambridge_Buckner_sub53193,2.6426740778103857,2.6336964321321865,2.533262255825709,3.0392164321496002,2.9763794443352265
458,0.05,Cambridge_Buckner_sub53296,2.073561890819798,2.0913844220192974,2.0372279579149133,2.4559083608395103,2.3063315265711593
458,0.25,Cambridge_Buckner_sub53296,2.233731276715248,2.2451092421314343,2.1797488728295575,2.614234421819447,2.498882480532063
458,0.5,Cambridge_Buckner_sub53296,2.345063336440008,2.3519617517931373,2.2788136655338382,2.7242852057346103,2.632722628489102
458,0.75,Cambridge_Buckner_sub53296,2.4563953961647678,2.4588142614548407,2.3778784582381185,2.834335989649773,2.7665627764461416
458,0.95,Cambridge_Buckner_sub53296,2.616564782060217,2.612539081566978,2.5203993731527623,2.9926620506297112,2.959113730407045
459,0.05,Cambridge_Buckner_sub53615,2.101526237157463,2.1093842413896864,2.0509608131070807,2.5058298167583057,2.3166614043615072
459,0.25,Cambridge_Buckner_sub53615,2.2672855651649515,2.2669544897674094,2.1957579456966925,2.6670631919642456,2.518697388371106
459,0.5,Cambridge_Buckner_sub53615,2.3825031350051207,2.3764799162723547,2.2964049134259903,2.779134819495925,2.659130481203152
459,0.75,Cambridge_Buckner_sub53615,2.4977207048452903,2.486005342777299,2.397051881155288,2.891206447027605,2.799563574035198
459,0.95,Cambridge_Buckner_sub53615,2.6634800328527786,2.6435755911550234,2.5418490137449,3.0524398222335463,3.001599558044797
460,0.05,Cambridge_Buckner_sub54846,2.087998616837261,2.105893804275746,2.0455176939435393,2.4965243876893854,2.30108851322977
460,0.25,Cambridge_Buckner_sub54846,2.25161105682334,2.261579573433724,2.1893875484337295,2.6566020832113644,2.500278859139066
460,0.5,Cambridge_Buckner_sub54846,2.365336347323823,2.3697951182039665,2.289389974884624,2.767870409919492,2.6387339787824984
460,0.75,Cambridge_Buckner_sub54846,2.479061637824306,2.478010662974209,2.3893924013355177,2.879138736627619,2.7771890984259313
460,0.95,Cambridge_Buckner_sub54846,2.6426740778103857,2.6336964321321865,2.533262255825709,3.0392164321496002,2.9763794443352265
461,0.05,Cambridge_Buckner_sub55114,2.0764069765529194,2.102942481414239,2.039952643575087,2.4869583432868434,2.2884246657672294
461,0.25,Cambridge_Buckner_sub55114,2.238173439474325,2.257394513137437,2.18305792585462,2.646073004680017,2.4843940927163284
461,0.5,Cambridge_Buckner_sub55114,2.350615610684152,2.364752499960475,2.2825289061833662,2.756671936468849,2.62061038538268
461,0.75,Cambridge_Buckner_sub55114,2.46305778189398,2.472110486783513,2.3819998865121126,2.8672708682576813,2.7568266780490314
461,0.95,Cambridge_Buckner_sub55114,2.6248242448153842,2.6265625185067116,2.525105168791645,3.026385529650854,2.9527961049981313
462,0.05,Cambridge_Buckner_sub55660,2.0949760755642997,2.096826637150979,2.048474373518249,2.4751673588432044,2.329252694593159
462,0.25,Cambridge_Buckner_sub55660,2.258588515550378,2.2525124063089583,2.19234422800844,2.6352450543651837,2.528443040502455
462,0.5,Cambridge_Buckner_sub55660,2.372313806050861,2.3607279510792,2.2923466544593336,2.746513381073311,2.6668981601458874
462,0.75,Cambridge_Buckner_sub55660,2.4860390965513437,2.4689434958494423,2.392349080910228,2.857781707781439,2.805353279789319
462,0.95,Cambridge_Buckner_sub55660,2.649651536537423,2.62462926500742,2.5362189354004188,3.0178594033034174,3.0045436256986164
463,0.05,Cambridge_Buckner_sub55874,2.1085036958845014,2.100317074264919,2.0539174926817907,2.484472787912124,2.3448255857248954
463,0.25,Cambridge_Buckner_sub55874,2.274263023891989,2.2578873226426435,2.198714625271402,2.645706163118065,2.546861569734495
463,0.5,Cambridge_Buckner_sub55874,2.3894805937321584,2.3674127491475883,2.2993615930007,2.757777790649744,2.6872946625665413
463,0.75,Cambridge_Buckner_sub55874,2.5046981635723276,2.4769381756525326,2.4000085607299977,2.8698494181814227,2.827727755398588
463,0.95,Cambridge_Buckner_sub55874,2.6704574915798163,2.6345084240302565,2.54480569331961,3.031082793387365,3.0297637394081853
464,0.05,Cambridge_Buckner_sub57221,2.0764069765529194,2.102942481414239,2.039952643575087,2.4869583432868434,2.2884246657672294
464,0.25,Cambridge_Buckner_sub57221,2.238173439474325,2.257394513137437,2.18305792585462,2.646073004680017,2.4843940927163284
464,0.5,Cambridge_Buckner_sub57221,2.350615610684152,2.364752499960475,2.2825289061833662,2.756671936468849,2.62061038538268
464,0.75,Cambridge_Buckner_sub57221,2.46305778189398,2.472110486783513,2.3819998865121126,2.8672708682576813,2.7568266780490314
464,0.95,Cambridge_Buckner_sub57221,2.6248242448153842,2.6265625185067116,2.525105168791645,3.026385529650854,2.9527961049981313
465,0.05,Cambridge_Buckner_sub58360,2.0653383818658804,2.0892651582574673,2.0314356332042087,2.446221791641557,2.2979927870681145
465,0.25,Cambridge_Buckner_sub58360,2.2241094535661357,2.2426310458762275,2.173570038500156,2.6039157174538063,2.4870968448859947
465,0.5,Cambridge_Buckner_sub58360,2.334469559764178,2.349234065327511,2.272366172423532,2.7135271108459325,2.6185410914970007
465,0.75,Cambridge_Buckner_sub58360,2.444829665962221,2.455837084778795,2.371162306346908,2.823138504238058,2.7499853381080066
465,0.95,Cambridge_Buckner_sub58360,2.603600737662477,2.609202972397555,2.513296711642855,2.980832430050308,2.9390893959258864
466,0.05,Cambridge_Buckner_sub58470,2.087998616837261,2.105893804275746,2.0455176939435393,2.4965243876893854,2.30108851322977
466,0.25,Cambridge_Buckner_sub58470,2.25161105682334,2.261579573433724,2.1893875484337295,2.6566020832113644,2.500278859139066
466,0.5,Cambridge_Buckner_sub58470,2.365336347323823,2.3697951182039665,2.289389974884624,2.767870409919492,2.6387339787824984
466,0.75,Cambridge_Buckner_sub58470,2.479061637824306,2.478010662974209,2.3893924013355177,2.879138736627619,2.7771890984259313
466,0.95,Cambridge_Buckner_sub58470,2.6426740778103857,2.6336964321321865,2.533262255825709,3.0392164321496002,2.9763794443352265
467,0.05,Cambridge_Buckner_sub58682,2.073561890819798,2.0913844220192974,2.0372279579149133,2.4559083608395103,2.3063315265711593
467,0.25,Cambridge_Buckner_sub58682,2.233731276715248,2.2451092421314343,2.1797488728295575,2.614234421819447,2.498882480532063
467,0.5,Cambridge_Buckner_sub58682,2.345063336440008,2.3519617517931373,2.2788136655338382,2.7242852057346103,2.632722628489102
467,0.75,Cambridge_Buckner_sub58682,2.4563953961647678,2.4588142614548407,2.3778784582381185,2.834335989649773,2.7665627764461416
467,0.95,Cambridge_Buckner_sub58682,2.616564782060217,2.612539081566978,2.5203993731527623,2.9926620506297112,2.959113730407045
468,0.05,Cambridge_Buckner_sub58874,2.087998616837261,2.105893804275746,2.0455176939435393,2.4965243876893854,2.30108851322977
468,0.25,Cambridge_Buckner_sub58874,2.25161105682334,2.261579573433724,2.1893875484337295,2.6566020832113644,2.500278859139066
468,0.5,Cambridge_Buckner_sub58874,2.365336347323823,2.3697951182039665,2.289389974884624,2.767870409919492,2.6387339787824984
468,0.75,Cambridge_Buckner_sub58874,2.479061637824306,2.478010662974209,2.3893924013355177,2.879138736627619,2.7771890984259313
468,0.95,Cambridge_Buckner_sub58874,2.6426740778103857,2.6336964321321865,2.533262255825709,3.0392164321496002,2.9763794443352265
469,0.05,Cambridge_Buckner_sub59434,2.0764069765529194,2.102942481414239,2.039952643575087,2.4869583432868434,2.2884246657672294
469,0.25,Cambridge_Buckner_sub59434,2.238173439474325,2.257394513137437,2.18305792585462,2.646073004680017,2.4843940927163284
469,0.5,Cambridge_Buckner_sub59434,2.350615610684152,2.364752499960475,2.2825289061833662,2.756671936468849,2.62061038538268
469,0.75,Cambridge_Buckner_sub59434,2.46305778189398,2.472110486783513,2.3819998865121126,2.8672708682576813,2.7568266780490314
469,0.95,Cambridge_Buckner_sub59434,2.6248242448153842,2.6265625185067116,2.525105168791645,3.026385529650854,2.9527961049981313
470,0.05,Cambridge_Buckner_sub59729,2.058360923138842,2.0983323253822332,2.0284789536294987,2.4675788204877382,2.269828605704726
470,0.25,Cambridge_Buckner_sub59729,2.217131994839097,2.2516982130009935,2.170613358925446,2.6252727462999874,2.4589326635226056
470,0.5,Cambridge_Buckner_sub59729,2.3274921010371403,2.3583012324522774,2.269409492848822,2.7348841396921135,2.5903769101336116
470,0.75,Cambridge_Buckner_sub59729,2.437852207235183,2.464904251903561,2.368205626772198,2.8444955330842387,2.721821156744618
470,0.95,Cambridge_Buckner_sub59729,2.5966232789354384,2.618270139522321,2.5103400320681453,3.002189458896489,2.910925214562499
471,0.05,Cambridge_Buckner_sub60578,2.0653383818658804,2.0892651582574673,2.0314356332042087,2.446221791641557,2.2979927870681145
471,0.25,Cambridge_Buckner_sub60578,2.2241094535661357,2.2426310458762275,2.173570038500156,2.6039157174538063,2.4870968448859947
471,0.5,Cambridge_Buckner_sub60578,2.334469559764178,2.349234065327511,2.272366172423532,2.7135271108459325,2.6185410914970007
471,0.75,Cambridge_Buckner_sub60578,2.444829665962221,2.455837084778795,2.371162306346908,2.823138504238058,2.7499853381080066
471,0.95,Cambridge_Buckner_sub60578,2.603600737662477,2.609202972397555,2.513296711642855,2.980832430050308,2.9390893959258864
472,0.05,Cambridge_Buckner_sub60797,2.1085036958845014,2.100317074264919,2.0539174926817907,2.484472787912124,2.3448255857248954
472,0.25,Cambridge_Buckner_sub60797,2.274263023891989,2.2578873226426435,2.198714625271402,2.645706163118065,2.546861569734495
472,0.5,Cambridge_Buckner_sub60797,2.3894805937321584,2.3674127491475883,2.2993615930007,2.757777790649744,2.6872946625665413
472,0.75,Cambridge_Buckner_sub60797,2.5046981635723276,2.4769381756525326,2.4000085607299977,2.8698494181814227,2.827727755398588
472,0.95,Cambridge_Buckner_sub60797,2.6704574915798163,2.6345084240302565,2.54480569331961,3.031082793387365,3.0297637394081853
473,0.05,Cambridge_Buckner_sub61185,2.0485530571033617,2.0842137882014615,2.013460182176817,2.4185374454744952,2.2798987824960952
473,0.25,Cambridge_Buckner_sub61185,2.203832956321148,2.2373662566091874,2.155788470173792,2.575086162199691,2.460017311177859
473,0.5,Cambridge_Buckner_sub61185,2.311766385154132,2.3438209306059603,2.2547193699285386,2.6839015327703266,2.585215810757696
473,0.75,Cambridge_Buckner_sub61185,2.419699813987117,2.4502756046027336,2.3536502696832855,2.7927169033409616,2.710414310337533
473,0.95,Cambridge_Buckner_sub61185,2.5749797132049017,2.6034280730104595,2.4959785576802602,2.9492656200661593,2.890532839019297
474,0.05,Cambridge_Buckner_sub61209,2.0949760755642997,2.096826637150979,2.048474373518249,2.4751673588432044,2.329252694593159
474,0.25,Cambridge_Buckner_sub61209,2.258588515550378,2.2525124063089583,2.19234422800844,2.6352450543651837,2.528443040502455
474,0.5,Cambridge_Buckner_sub61209,2.372313806050861,2.3607279510792,2.2923466544593336,2.746513381073311,2.6668981601458874
474,0.75,Cambridge_Buckner_sub61209,2.4860390965513437,2.4689434958494423,2.392349080910228,2.857781707781439,2.805353279789319
474,0.95,Cambridge_Buckner_sub61209,2.649651536537423,2.62462926500742,2.5362189354004188,3.0178594033034174,3.0045436256986164
475,0.05,Cambridge_Buckner_sub61436,2.073561890819798,2.0913844220192974,2.0372279579149133,2.4559083608395103,2.3063315265711593
475,0.25,Cambridge_Buckner_sub61436,2.233731276715248,2.2451092421314343,2.1797488728295575,2.614234421819447,2.498882480532063
475,0.5,Cambridge_Buckner_sub61436,2.345063336440008,2.3519617517931373,2.2788136655338382,2.7242852057346103,2.632722628489102
475,0.75,Cambridge_Buckner_sub61436,2.4563953961647678,2.4588142614548407,2.3778784582381185,2.834335989649773,2.7665627764461416
475,0.95,Cambridge_Buckner_sub61436,2.616564782060217,2.612539081566978,2.5203993731527623,2.9926620506297112,2.959113730407045
476,0.05,Cambridge_Buckner_sub61753,2.0949760755642997,2.096826637150979,2.048474373518249,2.4751673588432044,2.329252694593159
476,0.25,Cambridge_Buckner_sub61753,2.258588515550378,2.2525124063089583,2.19234422800844,2.6352450543651837,2.528443040502455
476,0.5,Cambridge_Buckner_sub61753,2.372313806050861,2.3607279510792,2.2923466544593336,2.746513381073311,2.6668981601458874
476,0.75,Cambridge_Buckner_sub61753,2.4860390965513437,2.4689434958494423,2.392349080910228,2.857781707781439,2.805353279789319
476,0.95,Cambridge_Buckner_sub61753,2.649651536537423,2.62462926500742,2.5362189354004188,3.0178594033034174,3.0045436256986164
477,0.05,Cambridge_Buckner_sub62383,2.073561890819798,2.0913844220192974,2.0372279579149133,2.4559083608395103,2.3063315265711593
477,0.25,Cambridge_Buckner_sub62383,2.233731276715248,2.2451092421314343,2.1797488728295575,2.614234421819447,2.498882480532063
477,0.5,Cambridge_Buckner_sub62383,2.345063336440008,2.3519617517931373,2.2788136655338382,2.7242852057346103,2.632722628489102
477,0.75,Cambridge_Buckner_sub62383,2.4563953961647678,2.4588142614548407,2.3778784582381185,2.834335989649773,2.7665627764461416
477,0.95,Cambridge_Buckner_sub62383,2.616564782060217,2.612539081566978,2.5203993731527623,2.9926620506297112,2.959113730407045
478,0.05,Cambridge_Buckner_sub62424,2.0949760755642997,2.096826637150979,2.048474373518249,2.4751673588432044,2.329252694593159
478,0.25,Cambridge_Buckner_sub62424,2.258588515550378,2.2525124063089583,2.19234422800844,2.6352450543651837,2.528443040502455
478,0.5,Cambridge_Buckner_sub62424,2.372313806050861,2.3607279510792,2.2923466544593336,2.746513381073311,2.6668981601458874
478,0.75,Cambridge_Buckner_sub62424,2.4860390965513437,2.4689434958494423,2.392349080910228,2.857781707781439,2.805353279789319
478,0.95,Cambridge_Buckner_sub62424,2.649651536537423,2.62462926500742,2.5362189354004188,3.0178594033034174,3.0045436256986164
479,0.05,Cambridge_Buckner_sub62732,2.1241282022930057,2.1044069131131127,2.0592309858438567,2.4933815506061268,2.3638189979325515
479,0.25,Cambridge_Buckner_sub62732,2.2923908669480197,2.264667451086813,2.205101829628854,2.655982846243259,2.568142326116185
479,0.5,Cambridge_Buckner_sub62732,2.40934847982822,2.3760628696648483,2.3064951227452632,2.7690053009151723,2.7101653278860156
479,0.75,Cambridge_Buckner_sub62732,2.5263060927084195,2.4874582882428826,2.407888415861672,2.8820277555870857,2.852188329655847
479,0.95,Cambridge_Buckner_sub62732,2.6945687573634345,2.6477188262165847,2.553759259646669,3.0446290512242173,3.0565116578394793
480,0.05,Cambridge_Buckner_sub62908,2.0485530571033617,2.0842137882014615,2.013460182176817,2.4185374454744952,2.2798987824960952
480,0.25,Cambridge_Buckner_sub62908,2.203832956321148,2.2373662566091874,2.155788470173792,2.575086162199691,2.460017311177859
480,0.5,Cambridge_Buckner_sub62908,2.311766385154132,2.3438209306059603,2.2547193699285386,2.6839015327703266,2.585215810757696
480,0.75,Cambridge_Buckner_sub62908,2.419699813987117,2.4502756046027336,2.3536502696832855,2.7927169033409616,2.710414310337533
480,0.95,Cambridge_Buckner_sub62908,2.5749797132049017,2.6034280730104595,2.4959785576802602,2.9492656200661593,2.890532839019297
481,0.05,Cambridge_Buckner_sub63412,2.1085036958845014,2.100317074264919,2.0539174926817907,2.484472787912124,2.3448255857248954
481,0.25,Cambridge_Buckner_sub63412,2.274263023891989,2.2578873226426435,2.198714625271402,2.645706163118065,2.546861569734495
481,0.5,Cambridge_Buckner_sub63412,2.3894805937321584,2.3674127491475883,2.2993615930007,2.757777790649744,2.6872946625665413
481,0.75,Cambridge_Buckner_sub63412,2.5046981635723276,2.4769381756525326,2.4000085607299977,2.8698494181814227,2.827727755398588
481,0.95,Cambridge_Buckner_sub63412,2.6704574915798163,2.6345084240302565,2.54480569331961,3.031082793387365,3.0297637394081853
482,0.05,Cambridge_Buckner_sub63661,2.0653383818658804,2.0892651582574673,2.0314356332042087,2.446221791641557,2.2979927870681145
482,0.25,Cambridge_Buckner_sub63661,2.2241094535661357,2.2426310458762275,2.173570038500156,2.6039157174538063,2.4870968448859947
482,0.5,Cambridge_Buckner_sub63661,2.334469559764178,2.349234065327511,2.272366172423532,2.7135271108459325,2.6185410914970007
482,0.75,Cambridge_Buckner_sub63661,2.444829665962221,2.455837084778795,2.371162306346908,2.823138504238058,2.7499853381080066
482,0.95,Cambridge_Buckner_sub63661,2.603600737662477,2.609202972397555,2.513296711642855,2.980832430050308,2.9390893959258864
483,0.05,Cambridge_Buckner_sub64308,2.0949760755642997,2.096826637150979,2.048474373518249,2.4751673588432044,2.329252694593159
483,0.25,Cambridge_Buckner_sub64308,2.258588515550378,2.2525124063089583,2.19234422800844,2.6352450543651837,2.528443040502455
483,0.5,Cambridge_Buckner_sub64308,2.372313806050861,2.3607279510792,2.2923466544593336,2.746513381073311,2.6668981601458874
483,0.75,Cambridge_Buckner_sub64308,2.4860390965513437,2.4689434958494423,2.392349080910228,2.857781707781439,2.805353279789319
483,0.95,Cambridge_Buckner_sub64308,2.649651536537423,2.62462926500742,2.5362189354004188,3.0178594033034174,3.0045436256986164
484,0.05,Cambridge_Buckner_sub64985,2.117150743565967,2.113474080237879,2.0562743062691475,2.5147385794523083,2.3356548165691633
484,0.25,Cambridge_Buckner_sub64985,2.285413408220982,2.2737346182115794,2.2021451500541445,2.67733987508944,2.539978144752796
484,0.5,Cambridge_Buckner_sub64985,2.402371021101182,2.3851300367896147,2.3035384431705532,2.7903623297613533,2.6820011465226266
484,0.75,Cambridge_Buckner_sub64985,2.5193286339813823,2.4965254553676495,2.404931736286962,2.9033847844332663,2.8240241482924566
484,0.95,Cambridge_Buckner_sub64985,2.6875912986363955,2.6567859933413502,2.550802580071959,3.0659860800703984,3.0283474764760903
485,0.05,Cambridge_Buckner_sub65373,2.1241282022930057,2.1044069131131127,2.0592309858438567,2.4933815506061268,2.3638189979325515
485,0.25,Cambridge_Buckner_sub65373,2.2923908669480197,2.264667451086813,2.205101829628854,2.655982846243259,2.568142326116185
485,0.5,Cambridge_Buckner_sub65373,2.40934847982822,2.3760628696648483,2.3064951227452632,2.7690053009151723,2.7101653278860156
485,0.75,Cambridge_Buckner_sub65373,2.5263060927084195,2.4874582882428826,2.407888415861672,2.8820277555870857,2.852188329655847
485,0.95,Cambridge_Buckner_sub65373,2.6945687573634345,2.6477188262165847,2.553759259646669,3.0446290512242173,3.0565116578394793
486,0.05,Cambridge_Buckner_sub65682,2.0764069765529194,2.102942481414239,2.039952643575087,2.4869583432868434,2.2884246657672294
486,0.25,Cambridge_Buckner_sub65682,2.238173439474325,2.257394513137437,2.18305792585462,2.646073004680017,2.4843940927163284
486,0.5,Cambridge_Buckner_sub65682,2.350615610684152,2.364752499960475,2.2825289061833662,2.756671936468849,2.62061038538268
486,0.75,Cambridge_Buckner_sub65682,2.46305778189398,2.472110486783513,2.3819998865121126,2.8672708682576813,2.7568266780490314
486,0.95,Cambridge_Buckner_sub65682,2.6248242448153842,2.6265625185067116,2.525105168791645,3.026385529650854,2.9527961049981313
487,0.05,Cambridge_Buckner_sub66351,2.1241282022930057,2.1044069131131127,2.0592309858438567,2.4933815506061268,2.3638189979325515
487,0.25,Cambridge_Buckner_sub66351,2.2923908669480197,2.264667451086813,2.205101829628854,2.655982846243259,2.568142326116185
487,0.5,Cambridge_Buckner_sub66351,2.40934847982822,2.3760628696648483,2.3064951227452632,2.7690053009151723,2.7101653278860156
487,0.75,Cambridge_Buckner_sub66351,2.5263060927084195,2.4874582882428826,2.407888415861672,2.8820277555870857,2.852188329655847
487,0.95,Cambridge_Buckner_sub66351,2.6945687573634345,2.6477188262165847,2.553759259646669,3.0446290512242173,3.0565116578394793
488,0.05,Cambridge_Buckner_sub67117,2.0949760755642997,2.096826637150979,2.048474373518249,2.4751673588432044,2.329252694593159
488,0.25,Cambridge_Buckner_sub67117,2.258588515550378,2.2525124063089583,2.19234422800844,2.6352450543651837,2.528443040502455
488,0.5,Cambridge_Buckner_sub67117,2.372313806050861,2.3607279510792,2.2923466544593336,2.746513381073311,2.6668981601458874
488,0.75,Cambridge_Buckner_sub67117,2.4860390965513437,2.4689434958494423,2.392349080910228,2.857781707781439,2.805353279789319
488,0.95,Cambridge_Buckner_sub67117,2.649651536537423,2.62462926500742,2.5362189354004188,3.0178594033034174,3.0045436256986164
489,0.05,Cambridge_Buckner_sub68101,2.083384435279957,2.0938753142894724,2.0429093231497975,2.4656013144406623,2.3165888471306175
489,0.25,Cambridge_Buckner_sub68101,2.2451508982013624,2.2483273460126707,2.186014605429329,2.624715975833836,2.512558274079718
489,0.5,Cambridge_Buckner_sub68101,2.3575930694111897,2.3556853328357086,2.285485585758076,2.735314907622668,2.648774566746069
489,0.75,Cambridge_Buckner_sub68101,2.4700352406210175,2.4630433196587465,2.3849565660868226,2.8459138394114993,2.7849908594124213
489,0.95,Cambridge_Buckner_sub68101,2.631801703542422,2.6174953513819443,2.5280618483663546,3.0050285008046744,2.9809602863615194
490,0.05,Cambridge_Buckner_sub68425,2.0949760755642997,2.096826637150979,2.048474373518249,2.4751673588432044,2.329252694593159
490,0.25,Cambridge_Buckner_sub68425,2.258588515550378,2.2525124063089583,2.19234422800844,2.6352450543651837,2.528443040502455
490,0.5,Cambridge_Buckner_sub68425,2.372313806050861,2.3607279510792,2.2923466544593336,2.746513381073311,2.6668981601458874
490,0.75,Cambridge_Buckner_sub68425,2.4860390965513437,2.4689434958494423,2.392349080910228,2.857781707781439,2.805353279789319
490,0.95,Cambridge_Buckner_sub68425,2.649651536537423,2.62462926500742,2.5362189354004188,3.0178594033034174,3.0045436256986164
491,0.05,Cambridge_Buckner_sub69287,2.1241282022930057,2.1044069131131127,2.0592309858438567,2.4933815506061268,2.3638189979325515
491,0.25,Cambridge_Buckner_sub69287,2.2923908669480197,2.264667451086813,2.205101829628854,2.655982846243259,2.568142326116185
491,0.5,Cambridge_Buckner_sub69287,2.40934847982822,2.3760628696648483,2.3064951227452632,2.7690053009151723,2.7101653278860156
491,0.75,Cambridge_Buckner_sub69287,2.5263060927084195,2.4874582882428826,2.407888415861672,2.8820277555870857,2.852188329655847
491,0.95,Cambridge_Buckner_sub69287,2.6945687573634345,2.6477188262165847,2.553759259646669,3.0446290512242173,3.0565116578394793
492,0.05,Cambridge_Buckner_sub69315,2.0764069765529194,2.102942481414239,2.039952643575087,2.4869583432868434,2.2884246657672294
492,0.25,Cambridge_Buckner_sub69315,2.238173439474325,2.257394513137437,2.18305792585462,2.646073004680017,2.4843940927163284
492,0.5,Cambridge_Buckner_sub69315,2.350615610684152,2.364752499960475,2.2825289061833662,2.756671936468849,2.62061038538268
492,0.75,Cambridge_Buckner_sub69315,2.46305778189398,2.472110486783513,2.3819998865121126,2.8672708682576813,2.7568266780490314
492,0.95,Cambridge_Buckner_sub69315,2.6248242448153842,2.6265625185067116,2.525105168791645,3.026385529650854,2.9527961049981313
493,0.05,Cambridge_Buckner_sub69397,2.087998616837261,2.105893804275746,2.0455176939435393,2.4965243876893854,2.30108851322977
493,0.25,Cambridge_Buckner_sub69397,2.25161105682334,2.261579573433724,2.1893875484337295,2.6566020832113644,2.500278859139066
493,0.5,Cambridge_Buckner_sub69397,2.365336347323823,2.3697951182039665,2.289389974884624,2.767870409919492,2.6387339787824984
493,0.75,Cambridge_Buckner_sub69397,2.479061637824306,2.478010662974209,2.3893924013355177,2.879138736627619,2.7771890984259313
493,0.95,Cambridge_Buckner_sub69397,2.6426740778103857,2.6336964321321865,2.533262255825709,3.0392164321496002,2.9763794443352265
494,0.05,Cambridge_Buckner_sub71849,2.0764069765529194,2.102942481414239,2.039952643575087,2.4869583432868434,2.2884246657672294
494,0.25,Cambridge_Buckner_sub71849,2.238173439474325,2.257394513137437,2.18305792585462,2.646073004680017,2.4843940927163284
494,0.5,Cambridge_Buckner_sub71849,2.350615610684152,2.364752499960475,2.2825289061833662,2.756671936468849,2.62061038538268
494,0.75,Cambridge_Buckner_sub71849,2.46305778189398,2.472110486783513,2.3819998865121126,2.8672708682576813,2.7568266780490314
494,0.95,Cambridge_Buckner_sub71849,2.6248242448153842,2.6265625185067116,2.525105168791645,3.026385529650854,2.9527961049981313
495,0.05,Cambridge_Buckner_sub72068,2.1241282022930057,2.1044069131131127,2.0592309858438567,2.4933815506061268,2.3638189979325515
495,0.25,Cambridge_Buckner_sub72068,2.2923908669480197,2.264667451086813,2.205101829628854,2.655982846243259,2.568142326116185
495,0.5,Cambridge_Buckner_sub72068,2.40934847982822,2.3760628696648483,2.3064951227452632,2.7690053009151723,2.7101653278860156
495,0.75,Cambridge_Buckner_sub72068,2.5263060927084195,2.4874582882428826,2.407888415861672,2.8820277555870857,2.852188329655847
495,0.95,Cambridge_Buckner_sub72068,2.6945687573634345,2.6477188262165847,2.553759259646669,3.0446290512242173,3.0565116578394793
496,0.05,Cambridge_Buckner_sub73317,2.101526237157463,2.1093842413896864,2.0509608131070807,2.5058298167583057,2.3166614043615072
496,0.25,Cambridge_Buckner_sub73317,2.2672855651649515,2.2669544897674094,2.1957579456966925,2.6670631919642456,2.518697388371106
496,0.5,Cambridge_Buckner_sub73317,2.3825031350051207,2.3764799162723547,2.2964049134259903,2.779134819495925,2.659130481203152
496,0.75,Cambridge_Buckner_sub73317,2.4977207048452903,2.486005342777299,2.397051881155288,2.891206447027605,2.799563574035198
496,0.95,Cambridge_Buckner_sub73317,2.6634800328527786,2.6435755911550234,2.5418490137449,3.0524398222335463,3.001599558044797
497,0.05,Cambridge_Buckner_sub73399,2.1241282022930057,2.1044069131131127,2.0592309858438567,2.4933815506061268,2.3638189979325515
497,0.25,Cambridge_Buckner_sub73399,2.2923908669480197,2.264667451086813,2.205101829628854,2.655982846243259,2.568142326116185
497,0.5,Cambridge_Buckner_sub73399,2.40934847982822,2.3760628696648483,2.3064951227452632,2.7690053009151723,2.7101653278860156
497,0.75,Cambridge_Buckner_sub73399,2.5263060927084195,2.4874582882428826,2.407888415861672,2.8820277555870857,2.852188329655847
497,0.95,Cambridge_Buckner_sub73399,2.6945687573634345,2.6477188262165847,2.553759259646669,3.0446290512242173,3.0565116578394793
498,0.05,Cambridge_Buckner_sub73477,2.073561890819798,2.0913844220192974,2.0372279579149133,2.4559083608395103,2.3063315265711593
498,0.25,Cambridge_Buckner_sub73477,2.233731276715248,2.2451092421314343,2.1797488728295575,2.614234421819447,2.498882480532063
498,0.5,Cambridge_Buckner_sub73477,2.345063336440008,2.3519617517931373,2.2788136655338382,2.7242852057346103,2.632722628489102
498,0.75,Cambridge_Buckner_sub73477,2.4563953961647678,2.4588142614548407,2.3778784582381185,2.834335989649773,2.7665627764461416
498,0.95,Cambridge_Buckner_sub73477,2.616564782060217,2.612539081566978,2.5203993731527623,2.9926620506297112,2.959113730407045
499,0.05,Cambridge_Buckner_sub76631,2.101526237157463,2.1093842413896864,2.0509608131070807,2.5058298167583057,2.3166614043615072
499,0.25,Cambridge_Buckner_sub76631,2.2672855651649515,2.2669544897674094,2.1957579456966925,2.6670631919642456,2.518697388371106
499,0.5,Cambridge_Buckner_sub76631,2.3825031350051207,2.3764799162723547,2.2964049134259903,2.779134819495925,2.659130481203152
499,0.75,Cambridge_Buckner_sub76631,2.4977207048452903,2.486005342777299,2.397051881155288,2.891206447027605,2.799563574035198
499,0.95,Cambridge_Buckner_sub76631,2.6634800328527786,2.6435755911550234,2.5418490137449,3.0524398222335463,3.001599558044797
500,0.05,Cambridge_Buckner_sub76745,2.087998616837261,2.105893804275746,2.0455176939435393,2.4965243876893854,2.30108851322977
500,0.25,Cambridge_Buckner_sub76745,2.25161105682334,2.261579573433724,2.1893875484337295,2.6566020832113644,2.500278859139066
500,0.5,Cambridge_Buckner_sub76745,2.365336347323823,2.3697951182039665,2.289389974884624,2.767870409919492,2.6387339787824984
500,0.75,Cambridge_Buckner_sub76745,2.479061637824306,2.478010662974209,2.3893924013355177,2.879138736627619,2.7771890984259313
500,0.95,Cambridge_Buckner_sub76745,2.6426740778103857,2.6336964321321865,2.533262255825709,3.0392164321496002,2.9763794443352265
501,0.05,Cambridge_Buckner_sub77337,2.101526237157463,2.1093842413896864,2.0509608131070807,2.5058298167583057,2.3166614043615072
501,0.25,Cambridge_Buckner_sub77337,2.2672855651649515,2.2669544897674094,2.1957579456966925,2.6670631919642456,2.518697388371106
501,0.5,Cambridge_Buckner_sub77337,2.3825031350051207,2.3764799162723547,2.2964049134259903,2.779134819495925,2.659130481203152
501,0.75,Cambridge_Buckner_sub77337,2.4977207048452903,2.486005342777299,2.397051881155288,2.891206447027605,2.799563574035198
501,0.95,Cambridge_Buckner_sub77337,2.6634800328527786,2.6435755911550234,2.5418490137449,3.0524398222335463,3.001599558044797
502,0.05,Cambridge_Buckner_sub77435,2.1085036958845014,2.100317074264919,2.0539174926817907,2.484472787912124,2.3448255857248954
502,0.25,Cambridge_Buckner_sub77435,2.274263023891989,2.2578873226426435,2.198714625271402,2.645706163118065,2.546861569734495
502,0.5,Cambridge_Buckner_sub77435,2.3894805937321584,2.3674127491475883,2.2993615930007,2.757777790649744,2.6872946625665413
502,0.75,Cambridge_Buckner_sub77435,2.5046981635723276,2.4769381756525326,2.4000085607299977,2.8698494181814227,2.827727755398588
502,0.95,Cambridge_Buckner_sub77435,2.6704574915798163,2.6345084240302565,2.54480569331961,3.031082793387365,3.0297637394081853
503,0.05,Cambridge_Buckner_sub77598,2.0665844320927618,2.100451589144064,2.0342712783402024,2.4772653896856913,2.2781673452077693
503,0.25,Cambridge_Buckner_sub77598,2.2267538179882105,2.2541764092562007,2.1767921932548475,2.635591450665628,2.4707182991686736
503,0.5,Cambridge_Buckner_sub77598,2.3380858777129703,2.3610289189179037,2.275856985959128,2.7456422345807914,2.604558447125713
503,0.75,Cambridge_Buckner_sub77598,2.44941793743773,2.4678814285796067,2.3749217786634094,2.855693018495954,2.738398595082752
503,0.95,Cambridge_Buckner_sub77598,2.6095873233331783,2.621606248691744,2.5174426935780527,3.0140190794758914,2.9309495490436563
504,0.05,Cambridge_Buckner_sub77989,2.073561890819798,2.0913844220192974,2.0372279579149133,2.4559083608395103,2.3063315265711593
504,0.25,Cambridge_Buckner_sub77989,2.233731276715248,2.2451092421314343,2.1797488728295575,2.614234421819447,2.498882480532063
504,0.5,Cambridge_Buckner_sub77989,2.345063336440008,2.3519617517931373,2.2788136655338382,2.7242852057346103,2.632722628489102
504,0.75,Cambridge_Buckner_sub77989,2.4563953961647678,2.4588142614548407,2.3778784582381185,2.834335989649773,2.7665627764461416
504,0.95,Cambridge_Buckner_sub77989,2.616564782060217,2.612539081566978,2.5203993731527623,2.9926620506297112,2.959113730407045
505,0.05,Cambridge_Buckner_sub78547,2.1085036958845014,2.100317074264919,2.0539174926817907,2.484472787912124,2.3448255857248954
505,0.25,Cambridge_Buckner_sub78547,2.274263023891989,2.2578873226426435,2.198714625271402,2.645706163118065,2.546861569734495
505,0.5,Cambridge_Buckner_sub78547,2.3894805937321584,2.3674127491475883,2.2993615930007,2.757777790649744,2.6872946625665413
505,0.75,Cambridge_Buckner_sub78547,2.5046981635723276,2.4769381756525326,2.4000085607299977,2.8698494181814227,2.827727755398588
505,0.95,Cambridge_Buckner_sub78547,2.6704574915798163,2.6345084240302565,2.54480569331961,3.031082793387365,3.0297637394081853
506,0.05,Cambridge_Buckner_sub78552,2.1085036958845014,2.100317074264919,2.0539174926817907,2.484472787912124,2.3448255857248954
506,0.25,Cambridge_Buckner_sub78552,2.274263023891989,2.2578873226426435,2.198714625271402,2.645706163118065,2.546861569734495
506,0.5,Cambridge_Buckner_sub78552,2.3894805937321584,2.3674127491475883,2.2993615930007,2.757777790649744,2.6872946625665413
506,0.75,Cambridge_Buckner_sub78552,2.5046981635723276,2.4769381756525326,2.4000085607299977,2.8698494181814227,2.827727755398588
506,0.95,Cambridge_Buckner_sub78552,2.6704574915798163,2.6345084240302565,2.54480569331961,3.031082793387365,3.0297637394081853
507,0.05,Cambridge_Buckner_sub78614,2.083384435279957,2.0938753142894724,2.0429093231497975,2.4656013144406623,2.3165888471306175
507,0.25,Cambridge_Buckner_sub78614,2.2451508982013624,2.2483273460126707,2.186014605429329,2.624715975833836,2.512558274079718
507,0.5,Cambridge_Buckner_sub78614,2.3575930694111897,2.3556853328357086,2.285485585758076,2.735314907622668,2.648774566746069
507,0.75,Cambridge_Buckner_sub78614,2.4700352406210175,2.4630433196587465,2.3849565660868226,2.8459138394114993,2.7849908594124213
507,0.95,Cambridge_Buckner_sub78614,2.631801703542422,2.6174953513819443,2.5280618483663546,3.0050285008046744,2.9809602863615194
508,0.05,Cambridge_Buckner_sub80557,2.0665844320927618,2.100451589144064,2.0342712783402024,2.4772653896856913,2.2781673452077693
508,0.25,Cambridge_Buckner_sub80557,2.2267538179882105,2.2541764092562007,2.1767921932548475,2.635591450665628,2.4707182991686736
508,0.5,Cambridge_Buckner_sub80557,2.3380858777129703,2.3610289189179037,2.275856985959128,2.7456422345807914,2.604558447125713
508,0.75,Cambridge_Buckner_sub80557,2.44941793743773,2.4678814285796067,2.3749217786634094,2.855693018495954,2.738398595082752
508,0.95,Cambridge_Buckner_sub80557,2.6095873233331783,2.621606248691744,2.5174426935780527,3.0140190794758914,2.9309495490436563
509,0.05,Cambridge_Buckner_sub81289,2.1085036958845014,2.100317074264919,2.0539174926817907,2.484472787912124,2.3448255857248954
509,0.25,Cambridge_Buckner_sub81289,2.274263023891989,2.2578873226426435,2.198714625271402,2.645706163118065,2.546861569734495
509,0.5,Cambridge_Buckner_sub81289,2.3894805937321584,2.3674127491475883,2.2993615930007,2.757777790649744,2.6872946625665413
509,0.75,Cambridge_Buckner_sub81289,2.5046981635723276,2.4769381756525326,2.4000085607299977,2.8698494181814227,2.827727755398588
509,0.95,Cambridge_Buckner_sub81289,2.6704574915798163,2.6345084240302565,2.54480569331961,3.031082793387365,3.0297637394081853
510,0.05,Cambridge_Buckner_sub81524,2.058542531271009,2.0874245585811093,2.025538434678868,2.436675697328964,2.2911020366028243
510,0.25,Cambridge_Buckner_sub81524,2.216064691248266,2.2406640016462234,2.1675014101873855,2.59387551463798,2.4768896682900396
510,0.5,Cambridge_Buckner_sub81524,2.3255566920105633,2.3471791308148537,2.2661783850640687,2.7031434583934293,2.6060287018917805
510,0.75,Cambridge_Buckner_sub81524,2.4350486927728605,2.453694259983485,2.3648553599407514,2.812411402148878,2.735167735493522
510,0.95,Cambridge_Buckner_sub81524,2.592570852750118,2.606933703048597,2.506818335449269,2.9696112194578936,2.920955367180736
511,0.05,Cambridge_Buckner_sub81562,2.0764069765529194,2.102942481414239,2.039952643575087,2.4869583432868434,2.2884246657672294
511,0.25,Cambridge_Buckner_sub81562,2.238173439474325,2.257394513137437,2.18305792585462,2.646073004680017,2.4843940927163284
511,0.5,Cambridge_Buckner_sub81562,2.350615610684152,2.364752499960475,2.2825289061833662,2.756671936468849,2.62061038538268
511,0.75,Cambridge_Buckner_sub81562,2.46305778189398,2.472110486783513,2.3819998865121126,2.8672708682576813,2.7568266780490314
511,0.95,Cambridge_Buckner_sub81562,2.6248242448153842,2.6265625185067116,2.525105168791645,3.026385529650854,2.9527961049981313
512,0.05,Cambridge_Buckner_sub82113,2.101526237157463,2.1093842413896864,2.0509608131070807,2.5058298167583057,2.3166614043615072
512,0.25,Cambridge_Buckner_sub82113,2.2672855651649515,2.2669544897674094,2.1957579456966925,2.6670631919642456,2.518697388371106
512,0.5,Cambridge_Buckner_sub82113,2.3825031350051207,2.3764799162723547,2.2964049134259903,2.779134819495925,2.659130481203152
512,0.75,Cambridge_Buckner_sub82113,2.4977207048452903,2.486005342777299,2.397051881155288,2.891206447027605,2.799563574035198
512,0.95,Cambridge_Buckner_sub82113,2.6634800328527786,2.6435755911550234,2.5418490137449,3.0524398222335463,3.001599558044797
513,0.05,Cambridge_Buckner_sub82213,2.087998616837261,2.105893804275746,2.0455176939435393,2.4965243876893854,2.30108851322977
513,0.25,Cambridge_Buckner_sub82213,2.25161105682334,2.261579573433724,2.1893875484337295,2.6566020832113644,2.500278859139066
513,0.5,Cambridge_Buckner_sub82213,2.365336347323823,2.3697951182039665,2.289389974884624,2.767870409919492,2.6387339787824984
513,0.75,Cambridge_Buckner_sub82213,2.479061637824306,2.478010662974209,2.3893924013355177,2.879138736627619,2.7771890984259313
513,0.95,Cambridge_Buckner_sub82213,2.6426740778103857,2.6336964321321865,2.533262255825709,3.0392164321496002,2.9763794443352265
514,0.05,Cambridge_Buckner_sub82435,2.087998616837261,2.105893804275746,2.0455176939435393,2.4965243876893854,2.30108851322977
514,0.25,Cambridge_Buckner_sub82435,2.25161105682334,2.261579573433724,2.1893875484337295,2.6566020832113644,2.500278859139066
514,0.5,Cambridge_Buckner_sub82435,2.365336347323823,2.3697951182039665,2.289389974884624,2.767870409919492,2.6387339787824984
514,0.75,Cambridge_Buckner_sub82435,2.479061637824306,2.478010662974209,2.3893924013355177,2.879138736627619,2.7771890984259313
514,0.95,Cambridge_Buckner_sub82435,2.6426740778103857,2.6336964321321865,2.533262255825709,3.0392164321496002,2.9763794443352265
515,0.05,Cambridge_Buckner_sub83409,2.1241282022930057,2.1044069131131127,2.0592309858438567,2.4933815506061268,2.3638189979325515
515,0.25,Cambridge_Buckner_sub83409,2.2923908669480197,2.264667451086813,2.205101829628854,2.655982846243259,2.568142326116185
515,0.5,Cambridge_Buckner_sub83409,2.40934847982822,2.3760628696648483,2.3064951227452632,2.7690053009151723,2.7101653278860156
515,0.75,Cambridge_Buckner_sub83409,2.5263060927084195,2.4874582882428826,2.407888415861672,2.8820277555870857,2.852188329655847
515,0.95,Cambridge_Buckner_sub83409,2.6945687573634345,2.6477188262165847,2.553759259646669,3.0446290512242173,3.0565116578394793
516,0.05,Cambridge_Buckner_sub83683,2.073561890819798,2.0913844220192974,2.0372279579149133,2.4559083608395103,2.3063315265711593
516,0.25,Cambridge_Buckner_sub83683,2.233731276715248,2.2451092421314343,2.1797488728295575,2.614234421819447,2.498882480532063
516,0.5,Cambridge_Buckner_sub83683,2.345063336440008,2.3519617517931373,2.2788136655338382,2.7242852057346103,2.632722628489102
516,0.75,Cambridge_Buckner_sub83683,2.4563953961647678,2.4588142614548407,2.3778784582381185,2.834335989649773,2.7665627764461416
516,0.95,Cambridge_Buckner_sub83683,2.616564782060217,2.612539081566978,2.5203993731527623,2.9926620506297112,2.959113730407045
517,0.05,Cambridge_Buckner_sub84064,2.083384435279957,2.0938753142894724,2.0429093231497975,2.4656013144406623,2.3165888471306175
517,0.25,Cambridge_Buckner_sub84064,2.2451508982013624,2.2483273460126707,2.186014605429329,2.624715975833836,2.512558274079718
517,0.5,Cambridge_Buckner_sub84064,2.3575930694111897,2.3556853328357086,2.285485585758076,2.735314907622668,2.648774566746069
517,0.75,Cambridge_Buckner_sub84064,2.4700352406210175,2.4630433196587465,2.3849565660868226,2.8459138394114993,2.7849908594124213
517,0.95,Cambridge_Buckner_sub84064,2.631801703542422,2.6174953513819443,2.5280618483663546,3.0050285008046744,2.9809602863615194
518,0.05,Cambridge_Buckner_sub84256,2.0949760755642997,2.096826637150979,2.048474373518249,2.4751673588432044,2.329252694593159
518,0.25,Cambridge_Buckner_sub84256,2.258588515550378,2.2525124063089583,2.19234422800844,2.6352450543651837,2.528443040502455
518,0.5,Cambridge_Buckner_sub84256,2.372313806050861,2.3607279510792,2.2923466544593336,2.746513381073311,2.6668981601458874
518,0.75,Cambridge_Buckner_sub84256,2.4860390965513437,2.4689434958494423,2.392349080910228,2.857781707781439,2.805353279789319
518,0.95,Cambridge_Buckner_sub84256,2.649651536537423,2.62462926500742,2.5362189354004188,3.0178594033034174,3.0045436256986164
519,0.05,Cambridge_Buckner_sub84504,2.117150743565967,2.113474080237879,2.0562743062691475,2.5147385794523083,2.3356548165691633
519,0.25,Cambridge_Buckner_sub84504,2.285413408220982,2.2737346182115794,2.2021451500541445,2.67733987508944,2.539978144752796
519,0.5,Cambridge_Buckner_sub84504,2.402371021101182,2.3851300367896147,2.3035384431705532,2.7903623297613533,2.6820011465226266
519,0.75,Cambridge_Buckner_sub84504,2.5193286339813823,2.4965254553676495,2.404931736286962,2.9033847844332663,2.8240241482924566
519,0.95,Cambridge_Buckner_sub84504,2.6875912986363955,2.6567859933413502,2.550802580071959,3.0659860800703984,3.0283474764760903
520,0.05,Cambridge_Buckner_sub84845,2.058360923138842,2.0983323253822332,2.0284789536294987,2.4675788204877382,2.269828605704726
520,0.25,Cambridge_Buckner_sub84845,2.217131994839097,2.2516982130009935,2.170613358925446,2.6252727462999874,2.4589326635226056
520,0.5,Cambridge_Buckner_sub84845,2.3274921010371403,2.3583012324522774,2.269409492848822,2.7348841396921135,2.5903769101336116
520,0.75,Cambridge_Buckner_sub84845,2.437852207235183,2.464904251903561,2.368205626772198,2.8444955330842387,2.721821156744618
520,0.95,Cambridge_Buckner_sub84845,2.5966232789354384,2.618270139522321,2.5103400320681453,3.002189458896489,2.910925214562499
521,0.05,Cambridge_Buckner_sub86115,2.087998616837261,2.105893804275746,2.0455176939435393,2.4965243876893854,2.30108851322977
521,0.25,Cambridge_Buckner_sub86115,2.25161105682334,2.261579573433724,2.1893875484337295,2.6566020832113644,2.500278859139066
521,0.5,Cambridge_Buckner_sub86115,2.365336347323823,2.3697951182039665,2.289389974884624,2.767870409919492,2.6387339787824984
521,0.75,Cambridge_Buckner_sub86115,2.479061637824306,2.478010662974209,2.3893924013355177,2.879138736627619,2.7771890984259313
521,0.95,Cambridge_Buckner_sub86115,2.6426740778103857,2.6336964321321865,2.533262255825709,3.0392164321496002,2.9763794443352265
522,0.05,Cambridge_Buckner_sub86637,2.083384435279957,2.0938753142894724,2.0429093231497975,2.4656013144406623,2.3165888471306175
522,0.25,Cambridge_Buckner_sub86637,2.2451508982013624,2.2483273460126707,2.186014605429329,2.624715975833836,2.512558274079718
522,0.5,Cambridge_Buckner_sub86637,2.3575930694111897,2.3556853328357086,2.285485585758076,2.735314907622668,2.648774566746069
522,0.75,Cambridge_Buckner_sub86637,2.4700352406210175,2.4630433196587465,2.3849565660868226,2.8459138394114993,2.7849908594124213
522,0.95,Cambridge_Buckner_sub86637,2.631801703542422,2.6174953513819443,2.5280618483663546,3.0050285008046744,2.9809602863615194
523,0.05,Cambridge_Buckner_sub87846,2.083384435279957,2.0938753142894724,2.0429093231497975,2.4656013144406623,2.3165888471306175
523,0.25,Cambridge_Buckner_sub87846,2.2451508982013624,2.2483273460126707,2.186014605429329,2.624715975833836,2.512558274079718
523,0.5,Cambridge_Buckner_sub87846,2.3575930694111897,2.3556853328357086,2.285485585758076,2.735314907622668,2.648774566746069
523,0.75,Cambridge_Buckner_sub87846,2.4700352406210175,2.4630433196587465,2.3849565660868226,2.8459138394114993,2.7849908594124213
523,0.95,Cambridge_Buckner_sub87846,2.631801703542422,2.6174953513819443,2.5280618483663546,3.0050285008046744,2.9809602863615194
524,0.05,Cambridge_Buckner_sub88445,2.0949760755642997,2.096826637150979,2.048474373518249,2.4751673588432044,2.329252694593159
524,0.25,Cambridge_Buckner_sub88445,2.258588515550378,2.2525124063089583,2.19234422800844,2.6352450543651837,2.528443040502455
524,0.5,Cambridge_Buckner_sub88445,2.372313806050861,2.3607279510792,2.2923466544593336,2.746513381073311,2.6668981601458874
524,0.75,Cambridge_Buckner_sub88445,2.4860390965513437,2.4689434958494423,2.392349080910228,2.857781707781439,2.805353279789319
524,0.95,Cambridge_Buckner_sub88445,2.649651536537423,2.62462926500742,2.5362189354004188,3.0178594033034174,3.0045436256986164
525,0.05,Cambridge_Buckner_sub88464,2.0949760755642997,2.096826637150979,2.048474373518249,2.4751673588432044,2.329252694593159
525,0.25,Cambridge_Buckner_sub88464,2.258588515550378,2.2525124063089583,2.19234422800844,2.6352450543651837,2.528443040502455
525,0.5,Cambridge_Buckner_sub88464,2.372313806050861,2.3607279510792,2.2923466544593336,2.746513381073311,2.6668981601458874
525,0.75,Cambridge_Buckner_sub88464,2.4860390965513437,2.4689434958494423,2.392349080910228,2.857781707781439,2.805353279789319
525,0.95,Cambridge_Buckner_sub88464,2.649651536537423,2.62462926500742,2.5362189354004188,3.0178594033034174,3.0045436256986164
526,0.05,Cambridge_Buckner_sub88853,2.0407160129139283,2.0799862406265044,1.9949939843139037,2.3946049657757915,2.26664009603173
526,0.25,Cambridge_Buckner_sub88853,2.1929709725028728,2.232643751301159,2.1394949757637933,2.550784911305356,2.4412251983350184
526,0.5,Cambridge_Buckner_sub88853,2.2988017975358925,2.3387543853705055,2.239936098893824,2.659343952886856,2.5625774712929137
526,0.75,Cambridge_Buckner_sub88853,2.404632622568912,2.4448650194398516,2.3403772220238537,2.767902994468356,2.6839297442508085
526,0.95,Cambridge_Buckner_sub88853,2.5568875821578567,2.597522530114506,2.484878213473743,2.9240829399979202,2.858514846554095
527,0.05,Cambridge_Buckner_sub89107,2.0949760755642997,2.096826637150979,2.048474373518249,2.4751673588432044,2.329252694593159
527,0.25,Cambridge_Buckner_sub89107,2.258588515550378,2.2525124063089583,2.19234422800844,2.6352450543651837,2.528443040502455
527,0.5,Cambridge_Buckner_sub89107,2.372313806050861,2.3607279510792,2.2923466544593336,2.746513381073311,2.6668981601458874
527,0.75,Cambridge_Buckner_sub89107,2.4860390965513437,2.4689434958494423,2.392349080910228,2.857781707781439,2.805353279789319
527,0.95,Cambridge_Buckner_sub89107,2.649651536537423,2.62462926500742,2.5362189354004188,3.0178594033034174,3.0045436256986164
528,0.05,Cambridge_Buckner_sub89435,2.1241282022930057,2.1044069131131127,2.0592309858438567,2.4933815506061268,2.3638189979325515
528,0.25,Cambridge_Buckner_sub89435,2.2923908669480197,2.264667451086813,2.205101829628854,2.655982846243259,2.568142326116185
528,0.5,Cambridge_Buckner_sub89435,2.40934847982822,2.3760628696648483,2.3064951227452632,2.7690053009151723,2.7101653278860156
528,0.75,Cambridge_Buckner_sub89435,2.5263060927084195,2.4874582882428826,2.407888415861672,2.8820277555870857,2.852188329655847
528,0.95,Cambridge_Buckner_sub89435,2.6945687573634345,2.6477188262165847,2.553759259646669,3.0446290512242173,3.0565116578394793
529,0.05,Cambridge_Buckner_sub89894,2.117150743565967,2.113474080237879,2.0562743062691475,2.5147385794523083,2.3356548165691633
529,0.25,Cambridge_Buckner_sub89894,2.285413408220982,2.2737346182115794,2.2021451500541445,2.67733987508944,2.539978144752796
529,0.5,Cambridge_Buckner_sub89894,2.402371021101182,2.3851300367896147,2.3035384431705532,2.7903623297613533,2.6820011465226266
529,0.75,Cambridge_Buckner_sub89894,2.5193286339813823,2.4965254553676495,2.404931736286962,2.9033847844332663,2.8240241482924566
529,0.95,Cambridge_Buckner_sub89894,2.6875912986363955,2.6567859933413502,2.550802580071959,3.0659860800703984,3.0283474764760903
530,0.05,Cambridge_Buckner_sub90059,2.101526237157463,2.1093842413896864,2.0509608131070807,2.5058298167583057,2.3166614043615072
530,0.25,Cambridge_Buckner_sub90059,2.2672855651649515,2.2669544897674094,2.1957579456966925,2.6670631919642456,2.518697388371106
530,0.5,Cambridge_Buckner_sub90059,2.3825031350051207,2.3764799162723547,2.2964049134259903,2.779134819495925,2.659130481203152
530,0.75,Cambridge_Buckner_sub90059,2.4977207048452903,2.486005342777299,2.397051881155288,2.891206447027605,2.799563574035198
530,0.95,Cambridge_Buckner_sub90059,2.6634800328527786,2.6435755911550234,2.5418490137449,3.0524398222335463,3.001599558044797
531,0.05,Cambridge_Buckner_sub90674,2.0949760755642997,2.096826637150979,2.048474373518249,2.4751673588432044,2.329252694593159
531,0.25,Cambridge_Buckner_sub90674,2.258588515550378,2.2525124063089583,2.19234422800844,2.6352450543651837,2.528443040502455
531,0.5,Cambridge_Buckner_sub90674,2.372313806050861,2.3607279510792,2.2923466544593336,2.746513381073311,2.6668981601458874
531,0.75,Cambridge_Buckner_sub90674,2.4860390965513437,2.4689434958494423,2.392349080910228,2.857781707781439,2.805353279789319
531,0.95,Cambridge_Buckner_sub90674,2.649651536537423,2.62462926500742,2.5362189354004188,3.0178594033034174,3.0045436256986164
532,0.05,Cambridge_Buckner_sub90681,2.0665844320927618,2.100451589144064,2.0342712783402024,2.4772653896856913,2.2781673452077693
532,0.25,Cambridge_Buckner_sub90681,2.2267538179882105,2.2541764092562007,2.1767921932548475,2.635591450665628,2.4707182991686736
532,0.5,Cambridge_Buckner_sub90681,2.3380858777129703,2.3610289189179037,2.275856985959128,2.7456422345807914,2.604558447125713
532,0.75,Cambridge_Buckner_sub90681,2.44941793743773,2.4678814285796067,2.3749217786634094,2.855693018495954,2.738398595082752
532,0.95,Cambridge_Buckner_sub90681,2.6095873233331783,2.621606248691744,2.5174426935780527,3.0140190794758914,2.9309495490436563
533,0.05,Cambridge_Buckner_sub90699,2.0485530571033617,2.0842137882014615,2.013460182176817,2.4185374454744952,2.2798987824960952
533,0.25,Cambridge_Buckner_sub90699,2.203832956321148,2.2373662566091874,2.155788470173792,2.575086162199691,2.460017311177859
533,0.5,Cambridge_Buckner_sub90699,2.311766385154132,2.3438209306059603,2.2547193699285386,2.6839015327703266,2.585215810757696
533,0.75,Cambridge_Buckner_sub90699,2.419699813987117,2.4502756046027336,2.3536502696832855,2.7927169033409616,2.710414310337533
533,0.95,Cambridge_Buckner_sub90699,2.5749797132049017,2.6034280730104595,2.4959785576802602,2.9492656200661593,2.890532839019297
534,0.05,Cambridge_Buckner_sub92288,2.058360923138842,2.0983323253822332,2.0284789536294987,2.4675788204877382,2.269828605704726
534,0.25,Cambridge_Buckner_sub92288,2.217131994839097,2.2516982130009935,2.170613358925446,2.6252727462999874,2.4589326635226056
534,0.5,Cambridge_Buckner_sub92288,2.3274921010371403,2.3583012324522774,2.269409492848822,2.7348841396921135,2.5903769101336116
534,0.75,Cambridge_Buckner_sub92288,2.437852207235183,2.464904251903561,2.368205626772198,2.8444955330842387,2.721821156744618
534,0.95,Cambridge_Buckner_sub92288,2.5966232789354384,2.618270139522321,2.5103400320681453,3.002189458896489,2.910925214562499
535,0.05,Cambridge_Buckner_sub92393,2.0764069765529194,2.102942481414239,2.039952643575087,2.4869583432868434,2.2884246657672294
535,0.25,Cambridge_Buckner_sub92393,2.238173439474325,2.257394513137437,2.18305792585462,2.646073004680017,2.4843940927163284
535,0.5,Cambridge_Buckner_sub92393,2.350615610684152,2.364752499960475,2.2825289061833662,2.756671936468849,2.62061038538268
535,0.75,Cambridge_Buckner_sub92393,2.46305778189398,2.472110486783513,2.3819998865121126,2.8672708682576813,2.7568266780490314
535,0.95,Cambridge_Buckner_sub92393,2.6248242448153842,2.6265625185067116,2.525105168791645,3.026385529650854,2.9527961049981313
536,0.05,Cambridge_Buckner_sub92440,2.0515650725439722,2.096491725705878,2.022581755104158,2.458032726175145,2.262937855239436
536,0.25,Cambridge_Buckner_sub92440,2.209087232521228,2.2497311687709898,2.1645447306126755,2.6152325434841606,2.44872548692665
536,0.5,Cambridge_Buckner_sub92440,2.3185792332835256,2.35624629793962,2.2632217054893586,2.7245004872396104,2.5778645205283914
536,0.75,Cambridge_Buckner_sub92440,2.428071234045823,2.4627614271082514,2.361898680366042,2.8337684309950593,2.7070035541301327
536,0.95,Cambridge_Buckner_sub92440,2.585593394023079,2.6160008701733632,2.5038616558745592,2.9909682483040747,2.8927911858173463
537,0.05,Cambridge_Buckner_sub93269,2.0665844320927618,2.100451589144064,2.0342712783402024,2.4772653896856913,2.2781673452077693
537,0.25,Cambridge_Buckner_sub93269,2.2267538179882105,2.2541764092562007,2.1767921932548475,2.635591450665628,2.4707182991686736
537,0.5,Cambridge_Buckner_sub93269,2.3380858777129703,2.3610289189179037,2.275856985959128,2.7456422345807914,2.604558447125713
537,0.75,Cambridge_Buckner_sub93269,2.44941793743773,2.4678814285796067,2.3749217786634094,2.855693018495954,2.738398595082752
537,0.95,Cambridge_Buckner_sub93269,2.6095873233331783,2.621606248691744,2.5174426935780527,3.0140190794758914,2.9309495490436563
538,0.05,Cambridge_Buckner_sub93488,2.087998616837261,2.105893804275746,2.0455176939435393,2.4965243876893854,2.30108851322977
538,0.25,Cambridge_Buckner_sub93488,2.25161105682334,2.261579573433724,2.1893875484337295,2.6566020832113644,2.500278859139066
538,0.5,Cambridge_Buckner_sub93488,2.365336347323823,2.3697951182039665,2.289389974884624,2.767870409919492,2.6387339787824984
538,0.75,Cambridge_Buckner_sub93488,2.479061637824306,2.478010662974209,2.3893924013355177,2.879138736627619,2.7771890984259313
538,0.95,Cambridge_Buckner_sub93488,2.6426740778103857,2.6336964321321865,2.533262255825709,3.0392164321496002,2.9763794443352265
539,0.05,Cambridge_Buckner_sub93609,2.0949760755642997,2.096826637150979,2.048474373518249,2.4751673588432044,2.329252694593159
539,0.25,Cambridge_Buckner_sub93609,2.258588515550378,2.2525124063089583,2.19234422800844,2.6352450543651837,2.528443040502455
539,0.5,Cambridge_Buckner_sub93609,2.372313806050861,2.3607279510792,2.2923466544593336,2.746513381073311,2.6668981601458874
539,0.75,Cambridge_Buckner_sub93609,2.4860390965513437,2.4689434958494423,2.392349080910228,2.857781707781439,2.805353279789319
539,0.95,Cambridge_Buckner_sub93609,2.649651536537423,2.62462926500742,2.5362189354004188,3.0178594033034174,3.0045436256986164
540,0.05,Cambridge_Buckner_sub94304,2.0665844320927618,2.100451589144064,2.0342712783402024,2.4772653896856913,2.2781673452077693
540,0.25,Cambridge_Buckner_sub94304,2.2267538179882105,2.2541764092562007,2.1767921932548475,2.635591450665628,2.4707182991686736
540,0.5,Cambridge_Buckner_sub94304,2.3380858777129703,2.3610289189179037,2.275856985959128,2.7456422345807914,2.604558447125713
540,0.75,Cambridge_Buckner_sub94304,2.44941793743773,2.4678814285796067,2.3749217786634094,2.855693018495954,2.738398595082752
540,0.95,Cambridge_Buckner_sub94304,2.6095873233331783,2.621606248691744,2.5174426935780527,3.0140190794758914,2.9309495490436563
541,0.05,Cambridge_Buckner_sub95187,2.0949760755642997,2.096826637150979,2.048474373518249,2.4751673588432044,2.329252694593159
541,0.25,Cambridge_Buckner_sub95187,2.258588515550378,2.2525124063089583,2.19234422800844,2.6352450543651837,2.528443040502455
541,0.5,Cambridge_Buckner_sub95187,2.372313806050861,2.3607279510792,2.2923466544593336,2.746513381073311,2.6668981601458874
541,0.75,Cambridge_Buckner_sub95187,2.4860390965513437,2.4689434958494423,2.392349080910228,2.857781707781439,2.805353279789319
541,0.95,Cambridge_Buckner_sub95187,2.649651536537423,2.62462926500742,2.5362189354004188,3.0178594033034174,3.0045436256986164
542,0.05,Cambridge_Buckner_sub95644,2.0949760755642997,2.096826637150979,2.048474373518249,2.4751673588432044,2.329252694593159
542,0.25,Cambridge_Buckner_sub95644,2.258588515550378,2.2525124063089583,2.19234422800844,2.6352450543651837,2.528443040502455
542,0.5,Cambridge_Buckner_sub95644,2.372313806050861,2.3607279510792,2.2923466544593336,2.746513381073311,2.6668981601458874
542,0.75,Cambridge_Buckner_sub95644,2.4860390965513437,2.4689434958494423,2.392349080910228,2.857781707781439,2.805353279789319
542,0.95,Cambridge_Buckner_sub95644,2.649651536537423,2.62462926500742,2.5362189354004188,3.0178594033034174,3.0045436256986164
543,0.05,Cambridge_Buckner_sub95959,2.083384435279957,2.0938753142894724,2.0429093231497975,2.4656013144406623,2.3165888471306175
543,0.25,Cambridge_Buckner_sub95959,2.2451508982013624,2.2483273460126707,2.186014605429329,2.624715975833836,2.512558274079718
543,0.5,Cambridge_Buckner_sub95959,2.3575930694111897,2.3556853328357086,2.285485585758076,2.735314907622668,2.648774566746069
543,0.75,Cambridge_Buckner_sub95959,2.4700352406210175,2.4630433196587465,2.3849565660868226,2.8459138394114993,2.7849908594124213
543,0.95,Cambridge_Buckner_sub95959,2.631801703542422,2.6174953513819443,2.5280618483663546,3.0050285008046744,2.9809602863615194
544,0.05,Cambridge_Buckner_sub98528,2.1085036958845014,2.100317074264919,2.0539174926817907,2.484472787912124,2.3448255857248954
544,0.25,Cambridge_Buckner_sub98528,2.274263023891989,2.2578873226426435,2.198714625271402,2.645706163118065,2.546861569734495
544,0.5,Cambridge_Buckner_sub98528,2.3894805937321584,2.3674127491475883,2.2993615930007,2.757777790649744,2.6872946625665413
544,0.75,Cambridge_Buckner_sub98528,2.5046981635723276,2.4769381756525326,2.4000085607299977,2.8698494181814227,2.827727755398588
544,0.95,Cambridge_Buckner_sub98528,2.6704574915798163,2.6345084240302565,2.54480569331961,3.031082793387365,3.0297637394081853
545,0.05,Cambridge_Buckner_sub98624,2.083384435279957,2.0938753142894724,2.0429093231497975,2.4656013144406623,2.3165888471306175
545,0.25,Cambridge_Buckner_sub98624,2.2451508982013624,2.2483273460126707,2.186014605429329,2.624715975833836,2.512558274079718
545,0.5,Cambridge_Buckner_sub98624,2.3575930694111897,2.3556853328357086,2.285485585758076,2.735314907622668,2.648774566746069
545,0.75,Cambridge_Buckner_sub98624,2.4700352406210175,2.4630433196587465,2.3849565660868226,2.8459138394114993,2.7849908594124213
545,0.95,Cambridge_Buckner_sub98624,2.631801703542422,2.6174953513819443,2.5280618483663546,3.0050285008046744,2.9809602863615194
546,0.05,Cambridge_Buckner_sub99085,2.0949760755642997,2.096826637150979,2.048474373518249,2.4751673588432044,2.329252694593159
546,0.25,Cambridge_Buckner_sub99085,2.258588515550378,2.2525124063089583,2.19234422800844,2.6352450543651837,2.528443040502455
546,0.5,Cambridge_Buckner_sub99085,2.372313806050861,2.3607279510792,2.2923466544593336,2.746513381073311,2.6668981601458874
546,0.75,Cambridge_Buckner_sub99085,2.4860390965513437,2.4689434958494423,2.392349080910228,2.857781707781439,2.805353279789319
546,0.95,Cambridge_Buckner_sub99085,2.649651536537423,2.62462926500742,2.5362189354004188,3.0178594033034174,3.0045436256986164
547,0.05,Cambridge_Buckner_sub99330,2.117150743565967,2.113474080237879,2.0562743062691475,2.5147385794523083,2.3356548165691633
547,0.25,Cambridge_Buckner_sub99330,2.285413408220982,2.2737346182115794,2.2021451500541445,2.67733987508944,2.539978144752796
547,0.5,Cambridge_Buckner_sub99330,2.402371021101182,2.3851300367896147,2.3035384431705532,2.7903623297613533,2.6820011465226266
547,0.75,Cambridge_Buckner_sub99330,2.5193286339813823,2.4965254553676495,2.404931736286962,2.9033847844332663,2.8240241482924566
547,0.95,Cambridge_Buckner_sub99330,2.6875912986363955,2.6567859933413502,2.550802580071959,3.0659860800703984,3.0283474764760903
548,0.05,Cambridge_Buckner_sub99462,2.1085036958845014,2.100317074264919,2.0539174926817907,2.484472787912124,2.3448255857248954
548,0.25,Cambridge_Buckner_sub99462,2.274263023891989,2.2578873226426435,2.198714625271402,2.645706163118065,2.546861569734495
548,0.5,Cambridge_Buckner_sub99462,2.3894805937321584,2.3674127491475883,2.2993615930007,2.757777790649744,2.6872946625665413
548,0.75,Cambridge_Buckner_sub99462,2.5046981635723276,2.4769381756525326,2.4000085607299977,2.8698494181814227,2.827727755398588
548,0.95,Cambridge_Buckner_sub99462,2.6704574915798163,2.6345084240302565,2.54480569331961,3.031082793387365,3.0297637394081853
549,0.05,Cleveland_sub02480,1.9890342683890705,2.138896928335341,2.012776336987603,2.3268696099333743,2.148972578975534
549,0.25,Cleveland_sub02480,2.1453518387185895,2.3156060661485847,2.1501128049758957,2.4709375446564,2.327716753765284
549,0.5,Cleveland_sub02480,2.2540065418546513,2.4384347339052113,2.245573943014102,2.571077654598986,2.451959954373767
549,0.75,Cleveland_sub02480,2.3626612449907136,2.561263401661838,2.3410350810523086,2.6712177645415722,2.5762031549822493
549,0.95,Cleveland_sub02480,2.518978815320232,2.7379725394750825,2.4783715490406006,2.815285699264598,2.7549473297720013
550,0.05,Cleveland_sub07835,2.0467909396211463,2.1505793683784984,1.9916790523779144,2.342190649096881,2.1591993221267436
550,0.25,Cleveland_sub07835,2.19248199627154,2.30411000131147,2.150475427522534,2.4983052257105816,2.334220347068054
550,0.5,Cleveland_sub07835,2.2937503212369146,2.410827533502243,2.260853121879285,2.6068188300444795,2.4558756252781735
550,0.75,Cleveland_sub07835,2.39501864620229,2.5175450656930156,2.3712308162360354,2.715332434378378,2.577530903488292
550,0.95,Cleveland_sub07835,2.5407097028526824,2.6710756986259865,2.530027191380656,2.871447010992078,2.752551928429603
551,0.05,Cleveland_sub12330,2.006370089379382,2.13859561197649,2.0087521027489306,2.325051104456981,2.1597383961114387
551,0.25,Cleveland_sub12330,2.15970284085183,2.310838566856581,2.1499711622566346,2.47142542896122,2.337368909784948
551,0.5,Cleveland_sub12330,2.266282827715459,2.4305628377131665,2.2481310489259196,2.5731686862433243,2.4608380162354626
551,0.75,Cleveland_sub12330,2.3728628145790887,2.5502871085697514,2.3462909355952046,2.6749119435254283,2.584307122685978
551,0.95,Cleveland_sub12330,2.526195566051537,2.722530063449844,2.4875099951029087,2.8212862680296666,2.761937636359486
552,0.05,Cleveland_sub13495,2.0519027444513314,2.1406105262541444,1.9924701691168327,2.318863368531633,2.184462228251709
552,0.25,Cleveland_sub13495,2.197997127320857,2.296035315977601,2.150586137417358,2.474106322331418,2.3605116298986206
552,0.5,Cleveland_sub13495,2.2995458001096702,2.404069456680964,2.260490888115242,2.5820140707919625,2.4828817219676287
552,0.75,Cleveland_sub13495,2.4010944728984827,2.5121035973843275,2.3703956388131258,2.6899218192525067,2.6052518140366363
552,0.95,Cleveland_sub13495,2.547188855768008,2.667528387107784,2.5285116071136517,2.8451647730522924,2.7813012156835497
553,0.05,Cleveland_sub17946,2.045435738004843,2.1538104251162524,2.059402380241608,2.381334397061062,2.21575375228512
553,0.25,Cleveland_sub17946,2.1976906975937887,2.3064679357909075,2.2039033716914966,2.5375143425906255,2.390338854588407
553,0.5,Cleveland_sub17946,2.303521522626808,2.4125785698602535,2.3043444948215273,2.6460733841721256,2.5116911275463023
553,0.75,Cleveland_sub17946,2.4093523476598278,2.5186892039296,2.4047856179515574,2.754632425753625,2.633043400504197
553,0.95,Cleveland_sub17946,2.561607307248773,2.6713467146042538,2.5492866094014457,2.910812371283189,2.8076285028074843
554,0.05,Cleveland_sub18011,1.9909883585615518,2.1477545483841527,2.00798812014975,2.3474069801035746,2.126528039466422
554,0.25,Cleveland_sub18011,2.145745942469854,2.322252619940932,2.14716141951402,2.492613666063763,2.304618444840565
554,0.5,Cleveland_sub18011,2.2533163154110687,2.44354439874001,2.243899319770621,2.593545310044134,2.428407217187254
554,0.75,Cleveland_sub18011,2.3608866883522834,2.5648361775390875,2.3406372200272214,2.6944769540245055,2.552195989533943
554,0.95,Cleveland_sub18011,2.515644272260586,2.7393342490958674,2.479810519391492,2.8396836399846936,2.730286394908085
555,0.05,Cleveland_sub18566,2.044494460514504,2.1491442711251714,2.0355480270524504,2.35558757089604,2.2035117412707903
555,0.25,Cleveland_sub18566,2.1934328176301445,2.3008807105780025,2.1848360139930776,2.5119435740841065,2.3750155212396096
555,0.5,Cleveland_sub18566,2.2969583070799815,2.4063511177044434,2.288604527466134,2.6206249914969284,2.494225999370394
555,0.75,Cleveland_sub18566,2.4004837965298185,2.5118215248308853,2.392373040939191,2.7293064089097503,2.6134364775011787
555,0.95,Cleveland_sub18566,2.5494221536454584,2.6635579642837164,2.541661027879818,2.8856624120978163,2.784940257469997
556,0.05,Cleveland_sub19005,2.0384582792778057,2.162877592241019,2.0564457006668975,2.4026914259072427,2.187589570921732
556,0.25,Cleveland_sub19005,2.1907132388667523,2.315535102915674,2.2009466921167866,2.558871371436807,2.3621746732250184
556,0.5,Cleveland_sub19005,2.2965440638997703,2.42164573698502,2.3013878152468172,2.6674304130183066,2.4835269461829133
556,0.75,Cleveland_sub19005,2.40237488893279,2.5277563710543665,2.4018289383768474,2.7759894545998063,2.604879219140808
556,0.95,Cleveland_sub19005,2.5546298485217345,2.6804138817290197,2.546329929826737,2.9321694001293706,2.7794643214440944
557,0.05,Cleveland_sub20003,2.0446761490269614,2.152988819243068,2.0031349006003127,2.3510980606015317,2.1645542683020893
557,0.25,Cleveland_sub20003,2.190673854501489,2.304575073150854,2.1598672734293043,2.5078544132863443,2.337226149343961
557,0.5,Cleveland_sub20003,2.2921553278473255,2.4099410878806005,2.2688103014308645,2.6168141094341033,2.4572485622755353
557,0.75,Cleveland_sub20003,2.3936368011931624,2.5153071026103464,2.377753329432425,2.7257738055818623,2.57727097520711
557,0.95,Cleveland_sub20003,2.53963450666769,2.6668933565181336,2.5344857022614167,2.8825301582666754,2.749942856248981
558,0.05,Cleveland_sub22736,2.047218223515153,2.1551468247872743,2.065558906882825,2.3888670433853654,2.2197441670836877
558,0.25,Cleveland_sub22736,2.2004363361373893,2.308010680299165,2.209154526558303,2.545105069681238,2.395816282651075
558,0.5,Cleveland_sub22736,2.3069366387389643,2.4142647425000145,2.3089663352666143,2.653704482594047,2.5182021629278997
558,0.75,Cleveland_sub22736,2.41343694134054,2.520518804700864,2.408778143974925,2.762303895506855,2.6405880432047235
558,0.95,Cleveland_sub22736,2.566655053962776,2.6733826602127544,2.5523737636504014,2.918541921802727,2.816660158772108
559,0.05,Cleveland_sub22935,2.0516536077539986,2.1439216521183018,2.0060915801750214,2.3297410317553506,2.1927184496654797
559,0.25,Cleveland_sub22935,2.1976513132285262,2.2955079060260877,2.1628239530040143,2.486497384440164,2.3653903307073496
559,0.5,Cleveland_sub22935,2.2991327865743636,2.400873920755834,2.2717669810055745,2.5954570805879222,2.485412743638925
559,0.75,Cleveland_sub22935,2.4006142599202,2.5062399354855804,2.380710009007135,2.7044167767356813,2.605435156570499
559,0.95,Cleveland_sub22935,2.5466119653947272,2.657826189393365,2.537442381836126,2.8611731294204943,2.7781070376123695
560,0.05,Cleveland_sub26557,2.021043218903813,2.147897160703806,1.9981549175211033,2.342973652328847,2.1432457676869356
560,0.25,Cleveland_sub26557,2.1708870821083917,2.3134707717304135,2.146156001497403,2.4928588834340752,2.3202899183819614
560,0.5,Cleveland_sub26557,2.2750419793405654,2.4285592516456145,2.2490300022214504,2.5970425350599813,2.4433514500779383
560,0.75,Cleveland_sub26557,2.379196876572739,2.543647731560815,2.3519040029454974,2.701226186685887,2.5664129817739165
560,0.95,Cleveland_sub26557,2.529040739777317,2.709221342587421,2.499905086921797,2.851111417791115,2.743457132468942
561,0.05,Cleveland_sub28596,2.0632622563619236,2.1612487430708582,2.089946830606571,2.4234051286142337,2.2402156928562142
561,0.25,Cleveland_sub28596,2.2207844163391814,2.314488186135971,2.231909806115089,2.5806049459232496,2.4260033245434283
561,0.5,Cleveland_sub28596,2.3302764171014787,2.4210033153046018,2.330586780991772,2.689872889678699,2.555142358145169
561,0.75,Cleveland_sub28596,2.4397684178637764,2.527518444473233,2.429263755868455,2.7991408334341483,2.684281391746911
561,0.95,Cleveland_sub28596,2.597290577841034,2.6807578875383435,2.571226731376973,2.956340650743164,2.870069023434125
562,0.05,Cleveland_sub34189,1.9909883585615518,2.1477545483841527,2.00798812014975,2.3474069801035746,2.126528039466422
562,0.25,Cleveland_sub34189,2.145745942469854,2.322252619940932,2.14716141951402,2.492613666063763,2.304618444840565
562,0.5,Cleveland_sub34189,2.2533163154110687,2.44354439874001,2.243899319770621,2.593545310044134,2.428407217187254
562,0.75,Cleveland_sub34189,2.3608866883522834,2.5648361775390875,2.3406372200272214,2.6944769540245055,2.552195989533943
562,0.95,Cleveland_sub34189,2.515644272260586,2.7393342490958674,2.479810519391492,2.8396836399846936,2.730286394908085
563,0.05,Cleveland_sub46075,2.037517001787466,2.1582114382499373,2.0325913474777404,2.3769445997422203,2.1753475599074026
563,0.25,Cleveland_sub46075,2.1864553589031064,2.3099478777027684,2.181879334418368,2.5333006029302876,2.34685133987622
563,0.5,Cleveland_sub46075,2.289980848352944,2.41541828482921,2.2856478478914246,2.641982020343109,2.466061818007005
563,0.75,Cleveland_sub46075,2.3935063378027808,2.5208886919556517,2.389416361364481,2.750663437755931,2.5852722961377896
563,0.95,Cleveland_sub46075,2.5424446949184216,2.672625131408483,2.538704348305108,2.9070194409439973,2.756776076106608
564,0.05,Cleveland_sub46739,1.9488591858916808,2.1414464435979985,2.0144778154573633,2.327152999835566,2.1181929700021045
564,0.25,Cleveland_sub46739,2.1128030924848855,2.325756372601383,2.147658266592144,2.4672435751849715,2.3022419532356544
564,0.5,Cleveland_sub46739,2.2267587819464123,2.453868270570856,2.2402306009181703,2.564619064355273,2.430172470538219
564,0.75,Cleveland_sub46739,2.3407144714079395,2.58198016854033,2.3328029352441964,2.6619945535255747,2.5581029878407824
564,0.95,Cleveland_sub46739,2.5046583780011447,2.7662900975437124,2.4659833863789764,2.8020851288749813,2.74215197107433
565,0.05,Cleveland_sub47482,2.047218223515153,2.1551468247872743,2.065558906882825,2.3888670433853654,2.2197441670836877
565,0.25,Cleveland_sub47482,2.2004363361373893,2.308010680299165,2.209154526558303,2.545105069681238,2.395816282651075
565,0.5,Cleveland_sub47482,2.3069366387389643,2.4142647425000145,2.3089663352666143,2.653704482594047,2.5182021629278997
565,0.75,Cleveland_sub47482,2.41343694134054,2.520518804700864,2.408778143974925,2.762303895506855,2.6405880432047235
565,0.95,Cleveland_sub47482,2.566655053962776,2.6733826602127544,2.5523737636504014,2.918541921802727,2.816660158772108
566,0.05,Cleveland_sub50092,1.982056809662032,2.1479640954601082,2.009819657412894,2.3482266387795545,2.120808397612143
566,0.25,Cleveland_sub50092,2.1383743799915513,2.324673233273351,2.1471561254011866,2.4922945735025803,2.2995525724018946
566,0.5,Cleveland_sub50092,2.247029083127614,2.4475019010299777,2.2426172634393926,2.592434683445167,2.4237957730103776
566,0.75,Cleveland_sub50092,2.355683786263676,2.570330568786604,2.338078401477599,2.6925747933877533,2.5480389736188602
566,0.95,Cleveland_sub50092,2.5120013565931947,2.7470397065998484,2.4754148694658906,2.836642728110779,2.7267831484086127
567,0.05,Cleveland_sub58811,2.040760106616035,2.1553527188256414,2.0164978561128937,2.3621360073872433,2.169180339203878
567,0.25,Cleveland_sub58811,2.1878851886383877,2.306687885928814,2.169796931832251,2.5187788164657356,2.340654752776678
567,0.5,Cleveland_sub58811,2.290150289594788,2.411879372854942,2.2763535110332156,2.6276595896439794,2.459844818633684
567,0.75,Cleveland_sub58811,2.392415390551188,2.51707085978107,2.38291009023418,2.7365403628222227,2.579034884490691
567,0.95,Cleveland_sub58811,2.5395404725735395,2.668406026884242,2.5362091659535375,2.8931831719007146,2.750509298063488
568,0.05,Cleveland_sub61868,2.0365400177527735,2.148623755724284,1.9915150211173507,2.3402908706963217,2.1509495589731142
568,0.25,Cleveland_sub61868,2.184004585853871,2.308345303364164,2.1458246552561646,2.493310196228579,2.327804092226862
568,0.5,Cleveland_sub61868,2.2865056600219034,2.419366075415957,2.2530836630122555,2.599672324009477,2.45073382282877
568,0.75,Cleveland_sub61868,2.3890067341899353,2.5303868474677507,2.360342670768347,2.706034451790375,2.573663553430679
568,0.95,Cleveland_sub61868,2.5364713022910337,2.6901083951076306,2.5146523049071594,2.859053777322632,2.750518086684425
569,0.05,Cleveland_sub64706,1.9796163051399873,2.1392489478494543,2.0141442313135642,2.3274488941316527,2.142522120355639
569,0.25,Cleveland_sub64706,2.137630954036372,2.318086122752729,2.1499089770667528,2.470422004211443,2.3221509185431732
569,0.5,Cleveland_sub64706,2.2474652786794245,2.4423939667644134,2.244277627469003,2.5698011130308283,2.447009011594461
569,0.75,Cleveland_sub64706,2.3572996033224776,2.566701810776098,2.3386462778712542,2.6691802218502136,2.571867104645748
569,0.95,Cleveland_sub64706,2.515314252218861,2.7455389856793717,2.4744110236244423,2.812153331930004,2.7514959028332826
570,0.05,Cleveland_sub65858,2.014206877388781,2.1386001904887575,2.0063056091719136,2.323935913543709,2.1641682724277826
570,0.25,Cleveland_sub65858,2.1662476257301573,2.308581031074303,2.149720298380264,2.471490746693989,2.341495903562866
570,0.5,Cleveland_sub65858,2.2719295547723797,2.426732930017637,2.2494063442191004,2.574054563150693,2.4647544795386014
570,0.75,Cleveland_sub65858,2.377611483814603,2.5448848289609707,2.3490923900579364,2.6766183796073975,2.588013055514337
570,0.95,Cleveland_sub65858,2.5296522321559785,2.7148656695465148,2.4925070792662867,2.8241732127576755,2.765340686649418
571,0.05,Cleveland_sub67936,1.9796163051399873,2.1392489478494543,2.0141442313135642,2.3274488941316527,2.142522120355639
571,0.25,Cleveland_sub67936,2.137630954036372,2.318086122752729,2.1499089770667528,2.470422004211443,2.3221509185431732
571,0.5,Cleveland_sub67936,2.2474652786794245,2.4423939667644134,2.244277627469003,2.5698011130308283,2.447009011594461
571,0.75,Cleveland_sub67936,2.3572996033224776,2.566701810776098,2.3386462778712542,2.6691802218502136,2.571867104645748
571,0.95,Cleveland_sub67936,2.515314252218861,2.7455389856793717,2.4744110236244423,2.812153331930004,2.7514959028332826
572,0.05,Cleveland_sub75398,2.0537683983481854,2.141512201253732,1.9946357319526244,2.3208336202507014,2.1873635034901335
572,0.25,Cleveland_sub75398,2.1994594549985775,2.2950428341867037,2.1534321070972453,2.4769481968644,2.362384528431442
572,0.5,Cleveland_sub75398,2.3007277799639527,2.4017603663774767,2.2638098014539945,2.5854618011982984,2.4840398066415617
572,0.75,Cleveland_sub75398,2.401996104929328,2.5084778985682488,2.3741874958107454,2.6939754055321967,2.605695084851681
572,0.95,Cleveland_sub75398,2.54768716157972,2.6620085315012205,2.5329838709553654,2.8500899821458967,2.780716109792992
573,0.05,Cleveland_sub76139,2.053449403174879,2.1426120570385874,1.9992977998032169,2.3244585381001133,2.1900329392396434
573,0.25,Cleveland_sub76139,2.199114819572368,2.294898519984793,2.1575402211804415,2.481046356171327,2.3638574201595897
573,0.5,Cleveland_sub76139,2.300365322266953,2.400751242670928,2.267532868085261,2.589888905677348,2.4846809931739564
573,0.75,Cleveland_sub76139,2.4016158249615382,2.506603965357063,2.3775255149900802,2.698731455183368,2.605504566188323
573,0.95,Cleveland_sub76139,2.547281241359027,2.658890428303268,2.535767936367304,2.855319273254581,2.779329047108271
574,0.05,Cleveland_sub80263,2.0531531461281487,2.141037969940987,1.9932194293882899,2.319642117238577,2.1859571724361286
574,0.25,Cleveland_sub80263,2.1989972710724146,2.2954274190793544,2.1518464963914354,2.475376372975733,2.361526762724389
574,0.5,Cleveland_sub80263,2.300371992202953,2.4027419054042602,2.2621065064353374,2.5836256202584673,2.4835633429519195
574,0.75,Cleveland_sub80263,2.4017467133334898,2.510056391729166,2.37236651647924,2.6918748675412014,2.6055999231794504
574,0.95,Cleveland_sub80263,2.5475908382777566,2.6644458408675344,2.530993583482386,2.8476091232783576,2.7811695134677112
575,0.05,Cleveland_sub82518,2.037385635513761,2.1616117478533927,2.050332761332904,2.3956006346334346,2.1839996201401433
575,0.25,Cleveland_sub82518,2.1887271020360153,2.3140394034020884,2.195883372845338,2.5517732088696543,2.3574123651751635
575,0.5,Cleveland_sub82518,2.2939229676222554,2.4199902675848968,2.2970540758687923,2.6603271267424855,2.4779497448956285
575,0.75,Cleveland_sub82518,2.399118833208497,2.525941131767705,2.3982247788922475,2.768881044615317,2.598487124616094
575,0.95,Cleveland_sub82518,2.5504602997307506,2.678368787316401,2.5437753904046803,2.9250536188515364,2.7718998696511132
576,0.05,Cleveland_sub85091,2.021436679628256,2.1386831481520545,2.003718725388078,2.3227689728550374,2.168039376509808
576,0.25,Cleveland_sub85091,2.172315513210913,2.30642988763878,2.1494162894731526,2.4715001349623353,2.3451840538547613
576,0.5,Cleveland_sub85091,2.277189807494538,2.423028886347312,2.2506891376881035,2.5748816053356536,2.468315460570431
576,0.75,Cleveland_sub85091,2.382064101778162,2.539627885055844,2.351961985903054,2.678263075708971,2.5914468672861024
576,0.95,Cleveland_sub85091,2.5329429353608197,2.707374624542569,2.4976595499881293,2.82699423781627,2.768591544631056
577,0.05,Cleveland_sub92232,2.0519027444513314,2.1406105262541444,1.9924701691168327,2.318863368531633,2.184462228251709
577,0.25,Cleveland_sub92232,2.197997127320857,2.296035315977601,2.150586137417358,2.474106322331418,2.3605116298986206
577,0.5,Cleveland_sub92232,2.2995458001096702,2.404069456680964,2.260490888115242,2.5820140707919625,2.4828817219676287
577,0.75,Cleveland_sub92232,2.4010944728984827,2.5121035973843275,2.3703956388131258,2.6899218192525067,2.6052518140366363
577,0.95,Cleveland_sub92232,2.547188855768008,2.667528387107784,2.5285116071136517,2.8451647730522924,2.7813012156835497
578,0.05,Cleveland_sub97844,2.044363094240797,2.152544580728627,2.0532894409076143,2.3742436057872536,2.2121638015035323
578,0.25,Cleveland_sub97844,2.1957045607630516,2.304972236277322,2.1988400524200475,2.5304161800234732,2.3855765465385517
578,0.5,Cleveland_sub97844,2.300900426349293,2.4109231004601304,2.3000107554435023,2.638970097896305,2.5061139262590175
578,0.75,Cleveland_sub97844,2.4060962919355346,2.5168739646429383,2.4011814584669566,2.747524015769136,2.626651305979483
578,0.95,Cleveland_sub97844,2.5574377584577883,2.669301620191635,2.5467320699793894,2.903696590005355,2.8000640510145023
579,0.05,Cleveland_sub99664,1.9796163051399873,2.1392489478494543,2.0141442313135642,2.3274488941316527,2.142522120355639
579,0.25,Cleveland_sub99664,2.137630954036372,2.318086122752729,2.1499089770667528,2.470422004211443,2.3221509185431732
579,0.5,Cleveland_sub99664,2.2474652786794245,2.4423939667644134,2.244277627469003,2.5698011130308283,2.447009011594461
579,0.75,Cleveland_sub99664,2.3572996033224776,2.566701810776098,2.3386462778712542,2.6691802218502136,2.571867104645748
579,0.95,Cleveland_sub99664,2.515314252218861,2.7455389856793717,2.4744110236244423,2.812153331930004,2.7514959028332826
580,0.05,ICBM_sub00448,2.337961504441332,2.127256712279168,1.8873254362110423,2.5319204862265803,2.4108584014850454
580,0.25,ICBM_sub00448,2.494335012694435,2.2804666781757414,2.0293487411093087,2.688745016962774,2.5936086995884495
580,0.5,ICBM_sub00448,2.6030285976943093,2.38696131807378,2.128067650311862,2.7977521029587593,2.7206365144821567
580,0.75,ICBM_sub00448,2.711722182694183,2.4934559579718183,2.226786559514415,2.906759188954745,2.847664329375863
580,0.95,ICBM_sub00448,2.8680956909472877,2.646665923868392,2.36880986441268,3.0635837196909375,3.030414627479269
581,0.05,ICBM_sub00623,2.3307341220042157,2.0981527494275927,1.8008020525585682,2.4153624008635552,2.3838165741332045
581,0.25,ICBM_sub00623,2.478198690105314,2.2578742970674734,1.9551116866973821,2.568381726395811,2.560671107386951
581,0.5,ICBM_sub00623,2.580699764273347,2.3688950691192665,2.062370694453473,2.6747438541767092,2.68360083798886
581,0.75,ICBM_sub00623,2.683200838441379,2.47991584117106,2.169629702209564,2.781105981957607,2.8065305685907687
581,0.95,ICBM_sub00623,2.830665406542477,2.639637388810939,2.323939336348378,2.934125307489863,2.9833851018445143
582,0.05,ICBM_sub02382,2.333511968991646,2.1257013006440513,1.8812422503963182,2.523052464619358,2.405551091182796
582,0.25,ICBM_sub02382,2.4887918682094314,2.2788537690517767,2.0235705383932934,2.6796011813445553,2.585669619864559
582,0.5,ICBM_sub02382,2.596725297042416,2.3853084430485505,2.1225014381480407,2.7884165519151902,2.710868119444396
582,0.75,ICBM_sub02382,2.7046587258754,2.4917631170453243,2.2214323379027876,2.897231922485825,2.836066619024234
582,0.95,ICBM_sub02382,2.8599386250931857,2.644915585453049,2.363760625899762,3.0537806392110216,3.016185147705997
583,0.05,ICBM_sub02503,2.1108798473752586,2.1368636285648552,1.7400826272073449,2.4038467524088905,2.13582941661248
583,0.25,ICBM_sub02503,2.304524739096024,2.317413529925079,1.9085360120562218,2.542836727648732,2.3687565509401542
583,0.5,ICBM_sub02503,2.439125271712936,2.4429118721279828,2.0256261925422425,2.63944720122978,2.5306617582649378
583,0.75,ICBM_sub02503,2.573725804329848,2.5684102143308865,2.142716373028262,2.736057674810828,2.6925669655897218
583,0.95,ICBM_sub02503,2.7673706960506137,2.7489601156911103,2.3111697578771384,2.875047650050669,2.9254940999173975
584,0.05,ICBM_sub05208,2.400440066499822,2.1327374195827433,1.9246562404760021,2.5676307782108063,2.4986420757749843
584,0.25,ICBM_sub05208,2.5661993945073105,2.290307667960467,2.0694533730656133,2.7288641534167475,2.7006780597845843
584,0.5,ICBM_sub05208,2.681416964347479,2.3998330944654116,2.1701003407949115,2.840935780948426,2.8411111526166306
584,0.75,ICBM_sub05208,2.796634534187648,2.509358520970357,2.2707473085242094,2.9530074084801066,2.981544245448676
584,0.95,ICBM_sub05208,2.9623938621951376,2.666928769348081,2.4155444411138216,3.1142407836860464,3.183580229458275
585,0.05,ICBM_sub07286,2.333678655569258,2.1057780575644403,1.8309025864056432,2.4417217990609346,2.403884969442542
585,0.25,ICBM_sub07286,2.4813362914166635,2.257191965236615,1.982884934159464,2.5982741142955414,2.575200789376914
585,0.5,ICBM_sub07286,2.583971564949591,2.3624381839061517,2.0885262695659854,2.7070919861523133,2.694280618459732
585,0.75,ICBM_sub07286,2.686606838482517,2.467684402575688,2.1941676049725074,2.815909858009085,2.813360447542549
585,0.95,ICBM_sub07286,2.8342644743299243,2.6190983102478627,2.3461499527263294,2.9724621732436916,2.984676267476921
586,0.05,ICBM_sub08255,2.294446064186149,2.1062635184416,1.8096792814637133,2.441721501403304,2.3407069248610948
586,0.25,ICBM_sub08255,2.4464868125275245,2.2762443590271446,1.9530939706720614,2.5892763345535825,2.5180345559961763
586,0.5,ICBM_sub08255,2.5521687415697483,2.394396257970479,2.052780016510899,2.691840151010287,2.641293131971912
586,0.75,ICBM_sub08255,2.6578506706119707,2.5125481569138124,2.152466062349735,2.7944039674669914,2.764551707947648
586,0.95,ICBM_sub08255,2.809891418953346,2.682528997499358,2.2958807515580846,2.9419588006172694,2.9418793390827305
587,0.05,ICBM_sub08806,2.324222822933241,2.117877601920333,1.844701578547342,2.4791595577211054,2.382612784285162
587,0.25,ICBM_sub08806,2.4739019260759596,2.269830686708368,1.99267383952328,2.635429856373742,2.554511177621301
587,0.5,ICBM_sub08806,2.5779423003177095,2.3754516817343823,2.095527805682172,2.7440517014631514,2.673995947363639
587,0.75,ICBM_sub08806,2.681982674559458,2.4810726767603968,2.1983817718410616,2.852673546552562,2.7934807171059766
587,0.95,ICBM_sub08806,2.8316617777021778,2.6330257615484296,2.3463540328169983,3.0089438452051978,2.9653791104421163
588,0.05,ICBM_sub09539,2.357274752481201,2.1216855035752924,1.9021743809984215,2.52937978194024,2.4518092771182043
588,0.25,ICBM_sub09539,2.5160458241814565,2.2750513911940513,2.0443087862943683,2.687073707752489,2.640913334936084
588,0.5,ICBM_sub09539,2.6264059303794993,2.381654410645335,2.143104920217744,2.796685101144615,2.77235758154709
588,0.75,ICBM_sub09539,2.736766036577543,2.4882574300966187,2.2419010541411195,2.9062964945367415,2.9038018281580964
588,0.95,ICBM_sub09539,2.8955371082777974,2.6416233177153776,2.3840354594370665,3.0639904203489894,3.0929058859759766
589,0.05,ICBM_sub10582,2.386912446179621,2.1292469824688047,1.9192131213124608,2.558325349141887,2.483069184643248
589,0.25,ICBM_sub10582,2.5505248861656993,2.2849327516267812,2.063082975802652,2.718403044663866,2.6822595305525447
589,0.5,ICBM_sub10582,2.6642501766661826,2.393148296397024,2.1630854022535457,2.8296713713719934,2.820714650195977
589,0.75,ICBM_sub10582,2.7779754671666645,2.5013638411672665,2.2630878287044394,2.940939698080121,2.9591697698394084
589,0.95,ICBM_sub10582,2.9415879071527447,2.6570496103252443,2.4069576831946304,3.1010173936021004,3.1583601157487053
590,0.05,ICBM_sub13384,2.400440066499822,2.1327374195827433,1.9246562404760021,2.5676307782108063,2.4986420757749843
590,0.25,ICBM_sub13384,2.5661993945073105,2.290307667960467,2.0694533730656133,2.7288641534167475,2.7006780597845843
590,0.5,ICBM_sub13384,2.681416964347479,2.3998330944654116,2.1701003407949115,2.840935780948426,2.8411111526166306
590,0.75,ICBM_sub13384,2.796634534187648,2.509358520970357,2.2707473085242094,2.9530074084801066,2.981544245448676
590,0.95,ICBM_sub13384,2.9623938621951376,2.666928769348081,2.4155444411138216,3.1142407836860464,3.183580229458275
591,0.05,ICBM_sub13478,2.3141598300147037,2.1066928813699235,1.8019849787648656,2.4383324377176216,2.3508777632874946
591,0.25,ICBM_sub13478,2.463092174996167,2.2701853385788584,1.952239535383081,2.5893304281208485,2.5278657936519764
591,0.5,ICBM_sub13478,2.5666134854746128,2.3838272303097443,2.0566799012983004,2.6942875470603207,2.650888316694977
591,0.75,ICBM_sub13478,2.67013479595306,2.4974691220406298,2.1611202672135192,2.799244665999793,2.7739108397379773
591,0.95,ICBM_sub13478,2.819067140934523,2.660961579249566,2.311374823831734,2.95024265640302,2.950898870102458
592,0.05,ICBM_sub13789,2.2360758314160862,2.100042604426075,1.8208081673238714,2.4235815588489773,2.3228958037988066
592,0.25,ICBM_sub13789,2.4000197380092914,2.284352533429458,1.9539886184586508,2.5636721341983844,2.5069447870323547
592,0.5,ICBM_sub13789,2.513975427470818,2.4124644313989316,2.046560952784678,2.6610476233686864,2.6348753043349187
592,0.75,ICBM_sub13789,2.6279311169323454,2.540576329368405,2.1391332871107047,2.758423112538988,2.762805821637483
592,0.95,ICBM_sub13789,2.7918750235255505,2.724886258371788,2.2723137382454843,2.898513687888395,2.946854804871031
593,0.05,ICBM_sub16607,2.333678655569258,2.1057780575644403,1.8309025864056432,2.4417217990609346,2.403884969442542
593,0.25,ICBM_sub16607,2.4813362914166635,2.257191965236615,1.982884934159464,2.5982741142955414,2.575200789376914
593,0.5,ICBM_sub16607,2.583971564949591,2.3624381839061517,2.0885262695659854,2.7070919861523133,2.694280618459732
593,0.75,ICBM_sub16607,2.686606838482517,2.467684402575688,2.1941676049725074,2.815909858009085,2.813360447542549
593,0.95,ICBM_sub16607,2.8342644743299243,2.6190983102478627,2.3461499527263294,2.9724621732436916,2.984676267476921
594,0.05,ICBM_sub19395,2.246703673324935,2.0990891922732517,1.8214238699526164,2.4240772424659083,2.331896711942027
594,0.25,ICBM_sub19395,2.4085300675825323,2.281769268995545,1.9550567487223334,2.565048457654594,2.514138453210506
594,0.5,ICBM_sub19395,2.52101389643538,2.408748273743968,2.0479435607507757,2.663036070337979,2.640812775583761
594,0.75,ICBM_sub19395,2.6334977252882283,2.5357272784923914,2.1408303727792193,2.7610236830213637,2.767487097957017
594,0.95,ICBM_sub19395,2.7953241195458247,2.718407355214685,2.2744632515489354,2.90199489821005,2.949728839225494
595,0.05,ICBM_sub20718,2.331892794551367,2.111584980071144,1.80946525246682,2.447526619614944,2.36925710209879
595,0.25,ICBM_sub20718,2.4778905000258944,2.26317123397893,1.9661976252958113,2.6042829722997576,2.5419289831406613
595,0.5,ICBM_sub20718,2.5793719733717304,2.368537248708676,2.0751406532973733,2.713242668447516,2.661951396072236
595,0.75,ICBM_sub20718,2.6808534467175673,2.473903263438422,2.184083681298933,2.8222023645952747,2.7819738090038104
595,0.95,ICBM_sub20718,2.826851152192096,2.625489517346208,2.3408160541279246,2.9789587172800873,2.954645690045681
596,0.05,ICBM_sub22674,2.1108798473752586,2.1368636285648552,1.7400826272073449,2.4038467524088905,2.13582941661248
596,0.25,ICBM_sub22674,2.304524739096024,2.317413529925079,1.9085360120562218,2.542836727648732,2.3687565509401542
596,0.5,ICBM_sub22674,2.439125271712936,2.4429118721279828,2.0256261925422425,2.63944720122978,2.5306617582649378
596,0.75,ICBM_sub22674,2.573725804329848,2.5684102143308865,2.142716373028262,2.736057674810828,2.6925669655897218
596,0.95,ICBM_sub22674,2.7673706960506137,2.7489601156911103,2.3111697578771384,2.875047650050669,2.9254940999173975
597,0.05,ICBM_sub26183,2.34493896316837,2.1181895451544017,1.8902821157857541,2.5105634573803997,2.4390225828484344
597,0.25,ICBM_sub26183,2.5013124714214725,2.2713995110509755,2.0323054206840183,2.6673879881165927,2.6217728809518386
597,0.5,ICBM_sub26183,2.610006056421346,2.3778941509490137,2.1310243298865714,2.7763950741125787,2.7488006958455466
597,0.75,ICBM_sub26183,2.718699641421223,2.4843887908470523,2.2297432390891245,2.8854021601085633,2.875828510739254
597,0.95,ICBM_sub26183,2.875073149674326,2.6375987567436256,2.37176654398739,3.0422266908447564,3.058578808842658
598,0.05,ICBM_sub26796,2.324733647311872,2.1168075990780135,1.8389216993442474,2.4733731587556336,2.3800503937041033
598,0.25,ICBM_sub26796,2.4736720044275122,2.268544038530844,1.9882096862848757,2.6297291619437,2.5515541736729213
598,0.5,ICBM_sub26796,2.577197493877349,2.3740144456572856,2.0919781997579325,2.7384105793565223,2.670764651803706
598,0.75,ICBM_sub26796,2.680722983327186,2.479484852783727,2.195746713230989,2.8470919967693447,2.7899751299344913
598,0.95,ICBM_sub26796,2.8296613404428257,2.631221292236558,2.3450347001716163,3.0034479999574106,2.9614789099033083
599,0.05,ICBM_sub28422,2.334076816494367,2.1096996302861273,1.800050527551538,2.4402245360974977,2.3652505107576784
599,0.25,ICBM_sub28422,2.4797091429271907,2.2625337522377285,1.9587072109783243,2.5966197447771804,2.5396809381671566
599,0.5,ICBM_sub28422,2.5809366451345004,2.3687671469527696,2.068987807087579,2.705328413515902,2.660925698229131
599,0.75,ICBM_sub28422,2.682164147341809,2.475000541667811,2.1792684031968332,2.814037082254623,2.7821704582911053
599,0.95,ICBM_sub28422,2.827796473774633,2.627834663619413,2.3379250866236196,2.970432290934306,2.956600885700584
600,0.05,ICBM_sub28795,2.358520802708083,2.132871934461887,1.9050100261344143,2.560423379984374,2.431983835257859
600,0.25,ICBM_sub28795,2.5186901886035318,2.2865967545740244,2.047530941049059,2.7187494409643107,2.624534789218763
600,0.5,ICBM_sub28795,2.630022248328291,2.3934492642357275,2.14659573375334,2.828800224879474,2.758374937175802
600,0.75,ICBM_sub28795,2.7413543080530527,2.5003017738974305,2.245660526457621,2.938851008794637,2.8922150851328414
600,0.95,ICBM_sub28795,2.9015236939485,2.6540265940095678,2.388181441372265,3.0971770697745735,3.084766039093745
601,0.05,ICBM_sub28808,2.393462607772784,2.1418045867075097,1.9216995609012915,2.5889878070569874,2.4704778944115953
601,0.25,ICBM_sub28808,2.559221935780273,2.299374835085233,2.0664966934909037,2.7502211822629286,2.672513878421195
601,0.5,ICBM_sub28808,2.6744395056204424,2.4089002615901784,2.167143661220202,2.8622928097946083,2.812946971253241
601,0.75,ICBM_sub28808,2.78965707546061,2.5184256880951224,2.2677906289495,2.9743644373262867,2.9533800640852883
601,0.95,ICBM_sub28808,2.9554164034680994,2.6759959364728476,2.4125877615391116,3.1355978125322292,3.155416048094888
602,0.05,ICBM_sub29353,2.2181504023339134,2.1103266589064433,1.8163726407762415,2.4439693515993146,2.284751213991187
602,0.25,ICBM_sub29353,2.384354992942223,2.296014385118886,1.9495843409629217,2.5832765467801067,2.47099757390172
602,0.5,ICBM_sub29353,2.499882060144767,2.4250839754732687,2.0421783961770754,2.6801075166140076,2.6004554646787605
602,0.75,ICBM_sub29353,2.6154091273473106,2.5541535658276513,2.1347724513912283,2.776938486447909,2.7299133554558006
602,0.95,ICBM_sub29353,2.7816137179556204,2.7398412920400945,2.2679841515779087,2.9162456816287015,2.9161597153663332
603,0.05,ICBM_sub30003,2.323756663277178,2.1072199165523595,1.7978453729838575,2.4367194297097354,2.355652392769816
603,0.25,ICBM_sub30003,2.471221231378277,2.2669414641922403,1.9521550071226732,2.589738755241992,2.5325069260235615
603,0.5,ICBM_sub30003,2.5737223055463097,2.377962236244033,2.0594140148787634,2.6961008830228903,2.6554366566254703
603,0.75,ICBM_sub30003,2.676223379714341,2.488983008295826,2.1666730226348543,2.802463010803788,2.77836638722738
603,0.95,ICBM_sub30003,2.823687947815441,2.6487045559357054,2.320982656773668,2.9554823363360447,2.955220920481125
604,0.05,ICBM_sub30623,2.308259864428219,2.1064933215318815,1.8044852693876101,2.4394022113422595,2.347948601483636
604,0.25,ICBM_sub30623,2.458103727632797,2.2720669325584892,1.9524863533639123,2.589287442447488,2.524992752178662
604,0.5,ICBM_sub30623,2.5622586248649717,2.3871554124736902,2.0553603540879584,2.693471094073394,2.6480542838746395
604,0.75,ICBM_sub30623,2.6664135220971446,2.502243892388891,2.1582343548120053,2.7976547456992997,2.7711158155706173
604,0.95,ICBM_sub30623,2.816257385301723,2.667817503415497,2.306235438788305,2.9475399768045283,2.9481599662656426
605,0.05,ICBM_sub32549,2.2139003888555555,2.102771431799262,1.816876731498216,2.4211121332463112,2.3018823830615394
605,0.25,ICBM_sub32549,2.3825109124636987,2.289541860959657,1.9506643247482993,2.559746014047273,2.490762524152052
605,0.5,ICBM_sub32549,2.4997103184526694,2.4193640267740233,2.043658677188865,2.656108970119807,2.622051128595079
605,0.75,ICBM_sub32549,2.61690972444164,2.549186192588389,2.136653029629431,2.752471926192341,2.7533397330381066
605,0.95,ICBM_sub32549,2.7855202480497847,2.735956621748785,2.270440622879515,2.8911058069933024,2.942219874128619
606,0.05,ICBM_sub33677,2.324222822933241,2.117877601920333,1.844701578547342,2.4791595577211054,2.382612784285162
606,0.25,ICBM_sub33677,2.4739019260759596,2.269830686708368,1.99267383952328,2.635429856373742,2.554511177621301
606,0.5,ICBM_sub33677,2.5779423003177095,2.3754516817343823,2.095527805682172,2.7440517014631514,2.673995947363639
606,0.75,ICBM_sub33677,2.681982674559458,2.4810726767603968,2.1983817718410616,2.852673546552562,2.7934807171059766
606,0.95,ICBM_sub33677,2.8316617777021778,2.6330257615484296,2.3463540328169983,3.0089438452051978,2.9653791104421163
607,0.05,ICBM_sub34252,2.2139003888555555,2.102771431799262,1.816876731498216,2.4211121332463112,2.3018823830615394
607,0.25,ICBM_sub34252,2.3825109124636987,2.289541860959657,1.9506643247482993,2.559746014047273,2.490762524152052
607,0.5,ICBM_sub34252,2.4997103184526694,2.4193640267740233,2.043658677188865,2.656108970119807,2.622051128595079
607,0.75,ICBM_sub34252,2.61690972444164,2.549186192588389,2.136653029629431,2.752471926192341,2.7533397330381066
607,0.95,ICBM_sub34252,2.7855202480497847,2.735956621748785,2.270440622879515,2.8911058069933024,2.942219874128619
608,0.05,ICBM_sub35262,2.379934987452583,2.1383141495935694,1.9162564417377503,2.5796823779880675,2.454905003279859
608,0.25,ICBM_sub35262,2.543547427438662,2.2939999187515476,2.0601262962279416,2.739760073510047,2.6540953491891552
608,0.5,ICBM_sub35262,2.6572727179391453,2.4022154635217903,2.1601287226788357,2.851028400218175,2.792550468832587
608,0.75,ICBM_sub35262,2.7709980084396277,2.510431008292033,2.26013114912973,2.9622967269263016,2.93100558847602
608,0.95,ICBM_sub35262,2.934610448425705,2.666116777450011,2.4040010036199204,3.1223744224482806,3.1301959343853167
609,0.05,ICBM_sub35370,2.246703673324935,2.0990891922732517,1.8214238699526164,2.4240772424659083,2.331896711942027
609,0.25,ICBM_sub35370,2.4085300675825323,2.281769268995545,1.9550567487223334,2.565048457654594,2.514138453210506
609,0.5,ICBM_sub35370,2.52101389643538,2.408748273743968,2.0479435607507757,2.663036070337979,2.640812775583761
609,0.75,ICBM_sub35370,2.6334977252882283,2.5357272784923914,2.1408303727792193,2.7610236830213637,2.767487097957017
609,0.95,ICBM_sub35370,2.7953241195458247,2.718407355214685,2.2744632515489354,2.90199489821005,2.949728839225494
610,0.05,ICBM_sub37140,2.130376767164716,2.123458146519043,1.7595283281703604,2.3905698301933223,2.1869787317823572
610,0.25,ICBM_sub37140,2.3203183079413456,2.306413963577135,1.9197926849163371,2.528833031931314,2.4116099997419385
610,0.5,ICBM_sub37140,2.452344680170557,2.433584632540052,2.0311907578829183,2.6249383328761433,2.567748837390036
610,0.75,ICBM_sub37140,2.584371052399769,2.5607553015029683,2.142588830849498,2.7210436338209716,2.7238876750381324
610,0.95,ICBM_sub37140,2.7743125931763997,2.743711118561061,2.3028531875954763,2.859306835558962,2.9485189429977146
611,0.05,ICBM_sub40217,2.2866092761767494,2.1062589399293308,1.8121257750407294,2.4428366923165754,2.3362770485447513
611,0.25,ICBM_sub40217,2.4399420276491983,2.2785018948094238,1.9533448345484339,2.589211016820814,2.5139075622182587
611,0.5,ICBM_sub40217,2.5465220145128273,2.3982261656660087,2.051504721217718,2.6909542741029178,2.6373766686687743
611,0.75,ICBM_sub40217,2.6531020013764572,2.5179504365225935,2.1496646078870025,2.7926975313850226,2.76084577511929
611,0.95,ICBM_sub40217,2.8064347528489066,2.690193391402685,2.2908836673947075,2.939071855889261,2.938476288792798
612,0.05,ICBM_sub40482,2.229098372689049,2.1091097715508416,1.8178514877491634,2.4449385876951593,2.2947316224354184
612,0.25,ICBM_sub40482,2.3930422792822537,2.2934197005542254,1.9510319388839414,2.5850291630445654,2.478780605668966
612,0.5,ICBM_sub40482,2.50699796874378,2.421531598523698,2.0436042732099673,2.682404652214867,2.6067111229715296
612,0.75,ICBM_sub40482,2.6209536582053063,2.5496434964931716,2.1361766075359956,2.779780141385169,2.734641640274094
612,0.95,ICBM_sub40482,2.7848975647985124,2.7339534254965545,2.2693570586707748,2.9198707167345757,2.918690623507641
613,0.05,ICBM_sub41546,2.386912446179621,2.1292469824688047,1.9192131213124608,2.558325349141887,2.483069184643248
613,0.25,ICBM_sub41546,2.5505248861656993,2.2849327516267812,2.063082975802652,2.718403044663866,2.6822595305525447
613,0.5,ICBM_sub41546,2.6642501766661826,2.393148296397024,2.1630854022535457,2.8296713713719934,2.820714650195977
613,0.75,ICBM_sub41546,2.7779754671666645,2.5013638411672665,2.2630878287044394,2.940939698080121,2.9591697698394084
613,0.95,ICBM_sub41546,2.9415879071527447,2.6570496103252443,2.4069576831946304,3.1010173936021004,3.1583601157487053
614,0.05,ICBM_sub41764,2.337017447280358,2.115151854680454,1.878056044061728,2.493272639388072,2.4288607121336665
614,0.25,ICBM_sub41764,2.4912448592002674,2.268185014652176,2.0209180846728447,2.649629883945023,2.606765822930063
614,0.5,ICBM_sub41764,2.59844671515463,2.3745567586068037,2.1202199902698387,2.7583121642203325,2.7304257989597724
614,0.75,ICBM_sub41764,2.705648571108992,2.4809285025614316,2.2195218958668312,2.8669944444956426,2.8540857749894823
614,0.95,ICBM_sub41764,2.859875983028901,2.633961662533155,2.3623839364779493,3.0233516890525935,3.031990885785878
615,0.05,ICBM_sub44077,2.3321419312486995,2.1082738542069848,1.7958438414086295,2.4366489563912292,2.3610008806850193
615,0.25,ICBM_sub44077,2.4782363141182255,2.263698643930443,1.9539598097091566,2.5918919101910127,2.5370502823319327
615,0.5,ICBM_sub44077,2.579784986907037,2.371732784633806,2.0638645604070405,2.699799658651557,2.6594203744009404
615,0.75,ICBM_sub44077,2.6813336596958504,2.4797669253371692,2.1737693111049246,2.8077074071121007,2.781790466469949
615,0.95,ICBM_sub44077,2.827428042565375,2.635191715060627,2.33188527940545,2.9629503609118863,2.957839868116861
616,0.05,ICBM_sub47658,2.334076816494367,2.1096996302861273,1.800050527551538,2.4402245360974977,2.3652505107576784
616,0.25,ICBM_sub47658,2.4797091429271907,2.2625337522377285,1.9587072109783243,2.5966197447771804,2.5396809381671566
616,0.5,ICBM_sub47658,2.5809366451345004,2.3687671469527696,2.068987807087579,2.705328413515902,2.660925698229131
616,0.75,ICBM_sub47658,2.682164147341809,2.475000541667811,2.1792684031968332,2.814037082254623,2.7821704582911053
616,0.95,ICBM_sub47658,2.827796473774633,2.627834663619413,2.3379250866236196,2.970432290934306,2.956600885700584
617,0.05,ICBM_sub47753,2.337961504441332,2.127256712279168,1.8873254362110423,2.5319204862265803,2.4108584014850454
617,0.25,ICBM_sub47753,2.494335012694435,2.2804666781757414,2.0293487411093087,2.688745016962774,2.5936086995884495
617,0.5,ICBM_sub47753,2.6030285976943093,2.38696131807378,2.128067650311862,2.7977521029587593,2.7206365144821567
617,0.75,ICBM_sub47753,2.711722182694183,2.4934559579718183,2.226786559514415,2.906759188954745,2.847664329375863
617,0.95,ICBM_sub47753,2.8680956909472877,2.646665923868392,2.36880986441268,3.0635837196909375,3.030414627479269
618,0.05,ICBM_sub48210,2.0712116384757953,2.1506019998353967,1.6734557413319544,2.372241934506963,2.0579499351788924
618,0.25,ICBM_sub48210,2.276075197122384,2.3216313445165566,1.8733365690497958,2.5143030266416413,2.3198407802477297
618,0.5,ICBM_sub48210,2.4184737074192073,2.4405120476564104,2.0122716353541827,2.613048201355781,2.501878359037
618,0.75,ICBM_sub48210,2.5608722177160304,2.559392750796264,2.151206701658569,2.7117933760699207,2.6839159378262707
618,0.95,ICBM_sub48210,2.765735776362619,2.7304220954774236,2.35108752937641,2.8538544682045974,2.94580678289511
619,0.05,ICBM_sub48830,1.9839180202707694,2.16490448363234,1.46040461796576,2.247811501085139,1.9097793572258435
619,0.25,ICBM_sub48830,2.20469541754446,2.309998137757254,1.7428002083133307,2.397058492935805,2.2353613866819964
619,0.5,ICBM_sub48830,2.358155470111534,2.410851214494795,1.9390904204210762,2.500798511151927,2.461670039525193
619,0.75,ICBM_sub48830,2.5116155226786088,2.511704291232336,2.135380632528822,2.60453852936805,2.6879786923683904
619,0.95,ICBM_sub48830,2.7323929199522974,2.656797945357248,2.4177762228763933,2.7537855212187154,3.0135607218245433
620,0.05,ICBM_sub49215,2.3333923329255164,2.1087012978938287,1.7965931016800867,2.4374277050981714,2.3624958248694394
620,0.25,ICBM_sub49215,2.479236457869783,2.2630907470321966,1.9552201686832331,2.5931619608353267,2.5380654151577007
620,0.5,ICBM_sub49215,2.5806111790003206,2.3704052333571024,2.0654801787271353,2.7014112081180612,2.660101995385231
620,0.75,ICBM_sub49215,2.6819859001308575,2.477719719682008,2.1757401887710377,2.809660455400796,2.782138575612762
620,0.95,ICBM_sub49215,2.827830025075124,2.632109168820376,2.334367255774184,2.965394711137952,2.957708165901022
621,0.05,ICBM_sub51677,2.3293267668223403,2.113107219742101,1.8180126842121984,2.454468878668839,2.372216540503933
621,0.25,ICBM_sub51677,2.475995689710939,2.2644363045754017,1.9725650072438965,2.6111831584409106,2.5439860137816215
621,0.5,ICBM_sub51677,2.5779437192392445,2.3696235637795535,2.0799927055032663,2.7201136101484296,2.66338117254389
621,0.75,ICBM_sub51677,2.6798917487675498,2.4748108229837054,2.1874204037626392,2.829044061855949,2.7827763313061586
621,0.95,ICBM_sub51677,2.8265606716561487,2.626139907817006,2.341972726794335,2.985758341628021,2.954545804583847
622,0.05,ICBM_sub53282,2.326315422126663,2.097869805850622,1.8026818917978689,2.4160576325232146,2.3815896713809708
622,0.25,ICBM_sub53282,2.474455956087957,2.259402321551156,1.9550652854476347,2.5681071749834565,2.5585274625990797
622,0.5,ICBM_sub53282,2.577426887033541,2.3716818785022062,2.0609853836488674,2.6737952167254404,2.681515064938518
622,0.75,ICBM_sub53282,2.6803978179791237,2.483961435453256,2.1669054818501032,2.7794832584674243,2.8045026672779576
622,0.95,ICBM_sub53282,2.828538351940417,2.6454939511537914,2.3192888754998675,2.9315328009276658,2.981440458496065
623,0.05,ICBM_sub53801,2.159968825809803,2.1213732870344093,1.7916660888568225,2.4299699684072484,2.217287278800127
623,0.25,ICBM_sub53801,2.339733533685114,2.3087189330038043,1.9347146114979834,2.5672914903745783,2.4221753175400464
623,0.5,ICBM_sub53801,2.4646860961344834,2.4389409259872403,2.03414613879759,2.6627422395904197,2.564590843692911
623,0.75,ICBM_sub53801,2.589638658583853,2.5691629189706764,2.133577666097197,2.758192988806261,2.7070063698457765
623,0.95,ICBM_sub53801,2.769403366459167,2.7565085649400722,2.276626188738358,2.895514510773591,2.9118944085856957
624,0.05,ICBM_sub54887,2.331126089608681,2.109942947919332,1.8535836956607192,2.4640199280678265,2.4136501535998502
624,0.25,ICBM_sub54887,2.4816075890180067,2.2621311164554627,2.0003006745938205,2.620225863703538,2.586176327014737
624,0.5,ICBM_sub54887,2.5862057004863637,2.3679155157284066,2.1022821073744815,2.7288029707351455,2.7060974601034813
624,0.75,ICBM_sub54887,2.6908038119547193,2.47369991500135,2.2042635401551416,2.8373800777667535,2.826018593192226
624,0.95,ICBM_sub54887,2.8412853113640453,2.6258880835374807,2.350980519088242,2.993586013402464,2.9985447666071123
625,0.05,ICBM_sub55114,2.2569699648737807,2.0983671785735414,1.8212796281223493,2.4241566491702744,2.3399854174206043
625,0.25,ICBM_sub55114,2.4168204103592363,2.279208681682882,1.955792008054272,2.5660930317089528,2.520767206780452
625,0.5,ICBM_sub55114,2.5279307779511613,2.4049097132022683,2.04929015211331,2.6647515220912994,2.6464267318990506
625,0.75,ICBM_sub55114,2.639041145543086,2.530610744721655,2.1427882961723497,2.7634100124736465,2.772086257017649
625,0.95,ICBM_sub55114,2.7988915910285384,2.711452247830995,2.2773006761042716,2.905346395012324,2.952868046377496
626,0.05,ICBM_sub55656,2.375320805895279,2.1262956596072966,1.913648070944009,2.5487593047393453,2.470405337180707
626,0.25,ICBM_sub55656,2.5370872688166832,2.2807476913304945,2.056753353223541,2.7078739661325186,2.6663747641298072
626,0.5,ICBM_sub55656,2.6495294400265097,2.3881056781535324,2.156224333552288,2.818472897921351,2.8025910567961585
626,0.75,ICBM_sub55656,2.761971611236339,2.4954636649765707,2.255695313881034,2.9290718297101823,2.93880734946251
626,0.95,ICBM_sub55656,2.9237380741577423,2.649915696699768,2.3988005961605663,3.088186491103357,3.1347767764116092
627,0.05,ICBM_sub57738,2.327378229062081,2.1075378938429288,1.796489120507638,2.4363179986791095,2.3576193024276404
627,0.25,ICBM_sub57738,2.4742788729888536,2.265624109813856,1.9524419267378237,2.590204358565632,2.5343185292355654
627,0.5,ICBM_sub57738,2.576387969379701,2.3755081799795814,2.0608430861753466,2.697169152829721,2.657140307956375
627,0.75,ICBM_sub57738,2.678497065770549,2.4853922501453067,2.16924424561287,2.8041339470938107,2.7799620866771853
627,0.95,ICBM_sub57738,2.825397709697323,2.6434784661162336,2.325197051843054,2.958020306980333,2.9566613134851103
628,0.05,ICBM_sub59589,2.331200281660278,2.1088104347955685,1.8476582581220526,2.4578025288749257,2.410776965648551
628,0.25,ICBM_sub59589,2.4808793848029973,2.2607635195836018,1.9956305190979906,2.614072827527561,2.58267535898469
628,0.5,ICBM_sub59589,2.5849197590447472,2.366384514609616,2.0984844852568814,2.7226946726169707,2.702160128727028
628,0.75,ICBM_sub59589,2.688960133286498,2.47200550963563,2.2013384514157712,2.8313165177063797,2.821644898469366
628,0.95,ICBM_sub59589,2.838639236429216,2.6239585944236636,2.349310712391708,2.9875868163590154,2.9935432918055054
629,0.05,ICBM_sub59739,2.276250913913476,2.0974930891634167,1.819106688854113,2.423298168946787,2.3536754127722337
629,0.25,ICBM_sub59739,2.4325684842429944,2.274202226976661,1.9564431568424048,2.567366103669812,2.5324195875619853
629,0.5,ICBM_sub59739,2.5412231873790567,2.397030894733287,2.05190429488061,2.667506213612399,2.656662788170468
629,0.75,ICBM_sub59739,2.649877890515119,2.5198595624899127,2.147365432918816,2.7676463235549855,2.78090598877895
629,0.95,ICBM_sub59739,2.8061954608446382,2.6965687003031573,2.2847019009071086,2.911714258278011,2.9596501635687025
630,0.05,ICBM_sub59914,2.323756663277178,2.1072199165523595,1.7978453729838575,2.4367194297097354,2.355652392769816
630,0.25,ICBM_sub59914,2.471221231378277,2.2669414641922403,1.9521550071226732,2.589738755241992,2.5325069260235615
630,0.5,ICBM_sub59914,2.5737223055463097,2.377962236244033,2.0594140148787634,2.6961008830228903,2.6554366566254703
630,0.75,ICBM_sub59914,2.676223379714341,2.488983008295826,2.1666730226348543,2.802463010803788,2.77836638722738
630,0.95,ICBM_sub59914,2.823687947815441,2.6487045559357054,2.320982656773668,2.9554823363360447,2.955220920481125
631,0.05,ICBM_sub62937,2.337143824209426,2.098821163391319,1.7987565492909536,2.414923844646745,2.387550471403362
631,0.25,ICBM_sub62937,2.483589028904755,2.255473090565473,1.9559891827904727,2.5695538236540525,2.5639844424807148
631,0.5,ICBM_sub62937,2.5853815542640497,2.3643602016363494,2.06527993673565,2.6770354997673467,2.6866218447261256
631,0.75,ICBM_sub62937,2.687174079623344,2.4732473127072256,2.174570690680827,2.784517175880641,2.809259246971536
631,0.95,ICBM_sub62937,2.833619284318673,2.6298992398813796,2.331803324180346,2.939147154887947,2.985693218048889
632,0.05,ICBM_sub63280,2.3654982614351208,2.1238047673371203,1.9079667057091259,2.5390663511381932,2.4601480166212477
632,0.25,ICBM_sub63280,2.525667647330569,2.277529587449258,2.0504876206237688,2.6973924121181296,2.652698970582152
632,0.5,ICBM_sub63280,2.636999707055329,2.384382097110961,2.14955241332805,2.807443196033293,2.7865391185391912
632,0.75,ICBM_sub63280,2.748331766780089,2.4912346067726645,2.2486172060323306,2.917493979948456,2.9203792664962305
632,0.95,ICBM_sub63280,2.9085011526755373,2.644959426884802,2.391138120946975,3.0758200409283925,3.112930220457134
633,0.05,ICBM_sub65921,2.386912446179621,2.1292469824688047,1.9192131213124608,2.558325349141887,2.483069184643248
633,0.25,ICBM_sub65921,2.5505248861656993,2.2849327516267812,2.063082975802652,2.718403044663866,2.6822595305525447
633,0.5,ICBM_sub65921,2.6642501766661826,2.393148296397024,2.1630854022535457,2.8296713713719934,2.820714650195977
633,0.75,ICBM_sub65921,2.7779754671666645,2.5013638411672665,2.2630878287044394,2.940939698080121,2.9591697698394084
633,0.95,ICBM_sub65921,2.9415879071527447,2.6570496103252443,2.4069576831946304,3.1010173936021004,3.1583601157487053
634,0.05,ICBM_sub66085,2.3246022810381657,2.1202079086814685,1.8566631131994127,2.492029193646848,2.3887024539368436
634,0.25,ICBM_sub66085,2.47594374756042,2.272635564230164,2.002213724711847,2.6482017678830676,2.562115198971864
634,0.5,ICBM_sub66085,2.5811396131466613,2.3785864284129725,2.1033844277353,2.7567556857558984,2.682652578692329
634,0.75,ICBM_sub66085,2.6863354787329032,2.4845372925957814,2.204555130758755,2.8653096036287304,2.803189958412794
634,0.95,ICBM_sub66085,2.837676945255158,2.636964948144477,2.350105742271188,3.021482177864951,2.9766027034478144
635,0.05,ICBM_sub66794,2.386912446179621,2.1292469824688047,1.9192131213124608,2.558325349141887,2.483069184643248
635,0.25,ICBM_sub66794,2.5505248861656993,2.2849327516267812,2.063082975802652,2.718403044663866,2.6822595305525447
635,0.5,ICBM_sub66794,2.6642501766661826,2.393148296397024,2.1630854022535457,2.8296713713719934,2.820714650195977
635,0.75,ICBM_sub66794,2.7779754671666645,2.5013638411672665,2.2630878287044394,2.940939698080121,2.9591697698394084
635,0.95,ICBM_sub66794,2.9415879071527447,2.6570496103252443,2.4069576831946304,3.1010173936021004,3.1583601157487053
636,0.05,ICBM_sub68850,2.1108798473752586,2.1368636285648552,1.7400826272073449,2.4038467524088905,2.13582941661248
636,0.25,ICBM_sub68850,2.304524739096024,2.317413529925079,1.9085360120562218,2.542836727648732,2.3687565509401542
636,0.5,ICBM_sub68850,2.439125271712936,2.4429118721279828,2.0256261925422425,2.63944720122978,2.5306617582649378
636,0.75,ICBM_sub68850,2.573725804329848,2.5684102143308865,2.142716373028262,2.736057674810828,2.6925669655897218
636,0.95,ICBM_sub68850,2.7673706960506137,2.7489601156911103,2.3111697578771384,2.875047650050669,2.9254940999173975
637,0.05,ICBM_sub70595,2.340369791652554,2.0996341307690614,1.7995497812547967,2.4160706762519895,2.390660006232829
637,0.25,ICBM_sub70595,2.4862139165968213,2.25402357990743,1.958176848257942,2.5718049319891456,2.5662295965210893
637,0.5,ICBM_sub70595,2.5875886377273574,2.361338066232336,2.0684368583018458,2.68005417927188,2.6882661767486202
637,0.75,ICBM_sub70595,2.6889633588578956,2.468652552557242,2.1786968683457477,2.7883034265546147,2.8103027569761507
637,0.95,ICBM_sub70595,2.8348074838021624,2.62304200169561,2.337323935348894,2.9440376822917695,2.9858723472644115
638,0.05,ICBM_sub71932,2.368343347168241,2.135362826732063,1.910691391369299,2.570116333585526,2.442241155817318
638,0.25,ICBM_sub71932,2.5301098100896464,2.2898148584552604,2.053796673648832,2.7292309949786997,2.6382105827664177
638,0.5,ICBM_sub71932,2.642551981299474,2.3971728452782988,2.153267653977578,2.839829926767532,2.774426875432769
638,0.75,ICBM_sub71932,2.7549941525093016,2.504530832101336,2.2527386343063243,2.9504288585563643,2.9106431680991203
638,0.95,ICBM_sub71932,2.916760615430704,2.6589828638245345,2.3958439165858567,3.1095435199495363,3.1066125950482206
639,0.05,ICBM_sub72135,2.3409850438725908,2.1001083620818077,1.8009660838191324,2.4172621792641125,2.3920663372868334
639,0.25,ICBM_sub72135,2.486676100522983,2.253638995014779,1.959762458963753,2.573376755877813,2.5670873622281434
639,0.5,ICBM_sub72135,2.5879444254883586,2.3603565272055524,2.070140153320503,2.6818903602117112,2.688742640438263
639,0.75,ICBM_sub72135,2.6892127504537333,2.467074059396325,2.1805178476772538,2.7904039645456096,2.810397918648382
639,0.95,ICBM_sub72135,2.834903807104125,2.620604692329297,2.3393142228218737,2.9465185411593104,2.9854189435896927
640,0.05,ICBM_sub73490,2.1426789999707183,2.119380458848901,1.773465291916375,2.3975585150181047,2.208247796556031
640,0.25,ICBM_sub73490,2.3290452911934003,2.3042919758998526,1.9267704555855492,2.5352915398950344,2.4254164863841328
640,0.5,ICBM_sub73490,2.458586544967261,2.432822031409652,2.03333126645656,2.6310283204660703,2.576368164266399
640,0.75,ICBM_sub73490,2.5881277987411213,2.5613520869194524,2.139892077327573,2.726765101037106,2.727319842148666
640,0.95,ICBM_sub73490,2.7744940899638015,2.7462636039704043,2.29319724099675,2.8644981259140354,2.944488531976768
641,0.05,ICBM_sub76325,2.266832950664394,2.0978451086775305,1.8204745831800726,2.4238774531450673,2.3472249541523396
641,0.25,ICBM_sub76325,2.424847599560777,2.2766822835808047,1.9562393289332605,2.5668505632248553,2.526853752339874
641,0.5,ICBM_sub76325,2.5346819242038294,2.400990127592489,2.050607979335511,2.666229672044241,2.6517118453911617
641,0.75,ICBM_sub76325,2.6445162488468834,2.5252979716041732,2.1449766297377617,2.7656087808636265,2.7765699384424485
641,0.95,ICBM_sub76325,2.8025308977432664,2.7041351465074475,2.2807413754909502,2.9085818909434167,2.9561987366299824
642,0.05,ICBM_sub76678,2.3211372887417414,2.097625714245157,1.8049416583395765,2.416975408871441,2.379041944650884
642,0.25,ICBM_sub76678,2.4700696337232046,2.2611181714540924,1.955196214957792,2.567973399274667,2.5560299750153654
642,0.5,ICBM_sub76678,2.573590944201651,2.374760063184978,2.0596365808730104,2.6729305182141396,2.679052498058366
642,0.75,ICBM_sub76678,2.6771122546800976,2.4884019549158634,2.164076946788229,2.777887637153612,2.802075021101367
642,0.95,ICBM_sub76678,2.826044599661561,2.6518944121247983,2.314331503406444,2.928885627556839,2.9790630514658476
643,0.05,ICBM_sub77431,2.3307341220042157,2.0981527494275927,1.8008020525585682,2.4153624008635552,2.3838165741332045
643,0.25,ICBM_sub77431,2.478198690105314,2.2578742970674734,1.9551116866973821,2.568381726395811,2.560671107386951
643,0.5,ICBM_sub77431,2.580699764273347,2.3688950691192665,2.062370694453473,2.6747438541767092,2.68360083798886
643,0.75,ICBM_sub77431,2.683200838441379,2.47991584117106,2.169629702209564,2.781105981957607,2.8065305685907687
643,0.95,ICBM_sub77431,2.830665406542477,2.639637388810939,2.323939336348378,2.934125307489863,2.9833851018445143
644,0.05,ICBM_sub78297,2.1357015412436806,2.1284476259736658,1.7705086123416636,2.418915543864286,2.1800836151926424
644,0.25,ICBM_sub78297,2.3220678324663626,2.313359143024618,1.9238137760108396,2.556648568741215,2.3972523050207446
644,0.5,ICBM_sub78297,2.451609086240223,2.4418891985344184,2.0303745868818517,2.6523853493122513,2.54820398290301
644,0.75,ICBM_sub78297,2.581150340014083,2.5704192540442183,2.1369353977528625,2.748122129883287,2.699155660785277
644,0.95,ICBM_sub78297,2.7675166312367643,2.7553307710951707,2.29024056142204,2.885855154760216,2.9163243506133787
645,0.05,ICBM_sub82221,2.2692734551864384,2.1065602562881836,1.8161500092794034,2.444655197792968,2.3255112314088446
645,0.25,ICBM_sub82221,2.425591025515957,2.283269394101427,1.9534864772676936,2.588723132515993,2.504255406198596
645,0.5,ICBM_sub82221,2.53424572865202,2.4060980618580534,2.0489476153059005,2.68886324245858,2.6284986068070784
645,0.75,ICBM_sub82221,2.642900431788082,2.52892672961468,2.1444087533441065,2.789003352401166,2.7527418074155605
645,0.95,ICBM_sub82221,2.7992180021176005,2.705635867427922,2.281745221332399,2.9330712871241924,2.9314859822053125
646,0.05,ICBM_sub82228,2.400440066499822,2.1327374195827433,1.9246562404760021,2.5676307782108063,2.4986420757749843
646,0.25,ICBM_sub82228,2.5661993945073105,2.290307667960467,2.0694533730656133,2.7288641534167475,2.7006780597845843
646,0.5,ICBM_sub82228,2.681416964347479,2.3998330944654116,2.1701003407949115,2.840935780948426,2.8411111526166306
646,0.75,ICBM_sub82228,2.796634534187648,2.509358520970357,2.2707473085242094,2.9530074084801066,2.981544245448676
646,0.95,ICBM_sub82228,2.9623938621951376,2.666928769348081,2.4155444411138216,3.1142407836860464,3.183580229458275
647,0.05,ICBM_sub82754,2.3246022810381657,2.1202079086814685,1.8566631131994127,2.492029193646848,2.3887024539368436
647,0.25,ICBM_sub82754,2.47594374756042,2.272635564230164,2.002213724711847,2.6482017678830676,2.562115198971864
647,0.5,ICBM_sub82754,2.5811396131466613,2.3785864284129725,2.1033844277353,2.7567556857558984,2.682652578692329
647,0.75,ICBM_sub82754,2.6863354787329032,2.4845372925957814,2.204555130758755,2.8653096036287304,2.803189958412794
647,0.95,ICBM_sub82754,2.837676945255158,2.636964948144477,2.350105742271188,3.021482177864951,2.9766027034478144
648,0.05,ICBM_sub85442,2.334007585145553,2.1091755292065746,1.7980094042444237,2.4386192081102935,2.3639021559234434
648,0.25,ICBM_sub85442,2.4796986417959452,2.2627061621395463,1.9568057793890419,2.5947337847239944,2.5389231808647543
648,0.5,ICBM_sub85442,2.58096696676132,2.369423694330319,2.067183473745793,2.7032473890578923,2.6605784590748733
648,0.75,ICBM_sub85442,2.6822352917266956,2.4761412265210914,2.1775611681025433,2.8117609933917906,2.7822337372849932
648,0.95,ICBM_sub85442,2.8279263483770865,2.629671859454063,2.3363575432471637,2.967875570005492,2.9572547622263032
649,0.05,ICBM_sub86203,2.0014908302980556,2.1620327188007753,1.5037539200136847,2.2692659489029205,1.9393359865635076
649,0.25,ICBM_sub86203,2.2206950533327525,2.311772950403338,1.7718345399034425,2.4173872970757326,2.254870268874903
649,0.5,ICBM_sub86203,2.3730616089912018,2.415855814396198,1.9581745662309413,2.52034489218103,2.474194838093343
649,0.75,ICBM_sub86203,2.52542816464965,2.519938678389059,2.1445145925584406,2.6233024872863253,2.6935194073117827
649,0.95,ICBM_sub86203,2.7446323876843466,2.669678909991622,2.4125952124482004,2.7714238354591383,3.009053689623176
650,0.05,ICBM_sub86516,2.327378229062081,2.1075378938429288,1.796489120507638,2.4363179986791095,2.3576193024276404
650,0.25,ICBM_sub86516,2.4742788729888536,2.265624109813856,1.9524419267378237,2.590204358565632,2.5343185292355654
650,0.5,ICBM_sub86516,2.576387969379701,2.3755081799795814,2.0608430861753466,2.697169152829721,2.657140307956375
650,0.75,ICBM_sub86516,2.678497065770549,2.4853922501453067,2.16924424561287,2.8041339470938107,2.7799620866771853
650,0.95,ICBM_sub86516,2.825397709697323,2.6434784661162336,2.325197051843054,2.958020306980333,2.9566613134851103
651,0.05,ICBM_sub86665,2.357274752481201,2.1216855035752924,1.9021743809984215,2.52937978194024,2.4518092771182043
651,0.25,ICBM_sub86665,2.5160458241814565,2.2750513911940513,2.0443087862943683,2.687073707752489,2.640913334936084
651,0.5,ICBM_sub86665,2.6264059303794993,2.381654410645335,2.143104920217744,2.796685101144615,2.77235758154709
651,0.75,ICBM_sub86665,2.736766036577543,2.4882574300966187,2.2419010541411195,2.9062964945367415,2.9038018281580964
651,0.95,ICBM_sub86665,2.8955371082777974,2.6416233177153776,2.3840354594370665,3.0639904203489894,3.0929058859759766
652,0.05,ICBM_sub87217,2.0014908302980556,2.1620327188007753,1.5037539200136847,2.2692659489029205,1.9393359865635076
652,0.25,ICBM_sub87217,2.2206950533327525,2.311772950403338,1.7718345399034425,2.4173872970757326,2.254870268874903
652,0.5,ICBM_sub87217,2.3730616089912018,2.415855814396198,1.9581745662309413,2.52034489218103,2.474194838093343
652,0.75,ICBM_sub87217,2.52542816464965,2.519938678389059,2.1445145925584406,2.6233024872863253,2.6935194073117827
652,0.95,ICBM_sub87217,2.7446323876843466,2.669678909991622,2.4125952124482004,2.7714238354591383,3.009053689623176
653,0.05,ICBM_sub89049,2.32670119684222,2.1148452246892075,1.8279459068309318,2.4630788279071165,2.375720788079152
653,0.25,ICBM_sub89049,2.4743588326896258,2.266259132361381,1.979928254584753,2.6196311431417225,2.547036608013525
653,0.5,ICBM_sub89049,2.5769941062225534,2.371505351030918,2.085569589991276,2.7284490149984943,2.666116437096343
653,0.75,ICBM_sub89049,2.679629379755479,2.476751569700455,2.191210925397798,2.837266886855266,2.7851962661791605
653,0.95,ICBM_sub89049,2.8272870156028858,2.6281654773726286,2.34319327315162,2.9938192020898726,2.956512086113533
654,0.05,ICBM_sub92028,2.276250913913476,2.0974930891634167,1.819106688854113,2.423298168946787,2.3536754127722337
654,0.25,ICBM_sub92028,2.4325684842429944,2.274202226976661,1.9564431568424048,2.567366103669812,2.5324195875619853
654,0.5,ICBM_sub92028,2.5412231873790567,2.397030894733287,2.05190429488061,2.667506213612399,2.656662788170468
654,0.75,ICBM_sub92028,2.649877890515119,2.5198595624899127,2.147365432918816,2.7676463235549855,2.78090598877895
654,0.95,ICBM_sub92028,2.8061954608446382,2.6965687003031573,2.2847019009071086,2.911714258278011,2.9596501635687025
655,0.05,ICBM_sub93262,1.8441209477281042,2.157316923040159,1.1474863261543593,2.0657482116824117,1.7453294480739303
655,0.25,ICBM_sub93262,2.066780794818668,2.280563676364707,1.5017341079423496,2.224952841853515,2.117039279810623
655,0.5,ICBM_sub93262,2.221549318503799,2.3662312015618623,1.7479680244857319,2.335614309995979,2.3754108840708983
655,0.75,ICBM_sub93262,2.37631784218893,2.451898726759018,1.9942019410291099,2.4462757781384443,2.6337824883311733
655,0.95,ICBM_sub93262,2.5989776892794936,2.575145480083565,2.3484497228171004,2.6054804083095453,3.0054923200678663
656,0.05,ICBM_sub93975,2.1548583812899977,2.115648860143064,1.7850739707056098,2.403545012054227,2.227715178142973
656,0.25,ICBM_sub93975,2.3378290915119018,2.3020258364936974,1.9326715183543413,2.5409662918150273,2.4383158279854817
656,0.5,ICBM_sub93975,2.465010112556733,2.4315745173878947,2.0352650252107822,2.6364863816265047,2.5847021301821105
656,0.75,ICBM_sub93975,2.5921911336015646,2.5611231982820923,2.1378585320672228,2.732006471437982,2.7310884323787383
656,0.95,ICBM_sub93975,2.775161843823467,2.7475001746327243,2.2854560797159524,2.8694277511987827,2.941689082221248
657,0.05,ICBM_sub94103,2.246703673324935,2.0990891922732517,1.8214238699526164,2.4240772424659083,2.331896711942027
657,0.25,ICBM_sub94103,2.4085300675825323,2.281769268995545,1.9550567487223334,2.565048457654594,2.514138453210506
657,0.5,ICBM_sub94103,2.52101389643538,2.408748273743968,2.0479435607507757,2.663036070337979,2.640812775583761
657,0.75,ICBM_sub94103,2.6334977252882283,2.5357272784923914,2.1408303727792193,2.7610236830213637,2.767487097957017
657,0.95,ICBM_sub94103,2.7953241195458247,2.718407355214685,2.2744632515489354,2.90199489821005,2.949728839225494
658,0.05,ICBM_sub94169,2.334007585145553,2.1091755292065746,1.7980094042444237,2.4386192081102935,2.3639021559234434
658,0.25,ICBM_sub94169,2.4796986417959452,2.2627061621395463,1.9568057793890419,2.5947337847239944,2.5389231808647543
658,0.5,ICBM_sub94169,2.58096696676132,2.369423694330319,2.067183473745793,2.7032473890578923,2.6605784590748733
658,0.75,ICBM_sub94169,2.6822352917266956,2.4761412265210914,2.1775611681025433,2.8117609933917906,2.7822337372849932
658,0.95,ICBM_sub94169,2.8279263483770865,2.629671859454063,2.3363575432471637,2.967875570005492,2.9572547622263032
659,0.05,ICBM_sub94945,2.357274752481201,2.1216855035752924,1.9021743809984215,2.52937978194024,2.4518092771182043
659,0.25,ICBM_sub94945,2.5160458241814565,2.2750513911940513,2.0443087862943683,2.687073707752489,2.640913334936084
659,0.5,ICBM_sub94945,2.6264059303794993,2.381654410645335,2.143104920217744,2.796685101144615,2.77235758154709
659,0.75,ICBM_sub94945,2.736766036577543,2.4882574300966187,2.2419010541411195,2.9062964945367415,2.9038018281580964
659,0.95,ICBM_sub94945,2.8955371082777974,2.6416233177153776,2.3840354594370665,3.0639904203489894,3.0929058859759766
660,0.05,ICBM_sub95400,2.326315422126663,2.097869805850622,1.8026818917978689,2.4160576325232146,2.3815896713809708
660,0.25,ICBM_sub95400,2.474455956087957,2.259402321551156,1.9550652854476347,2.5681071749834565,2.5585274625990797
660,0.5,ICBM_sub95400,2.577426887033541,2.3716818785022062,2.0609853836488674,2.6737952167254404,2.681515064938518
660,0.75,ICBM_sub95400,2.6803978179791237,2.483961435453256,2.1669054818501032,2.7794832584674243,2.8045026672779576
660,0.95,ICBM_sub95400,2.828538351940417,2.6454939511537914,2.3192888754998675,2.9315328009276658,2.981440458496065
661,0.05,ICBM_sub95971,2.334076816494367,2.1096996302861273,1.800050527551538,2.4402245360974977,2.3652505107576784
661,0.25,ICBM_sub95971,2.4797091429271907,2.2625337522377285,1.9587072109783243,2.5966197447771804,2.5396809381671566
661,0.5,ICBM_sub95971,2.5809366451345004,2.3687671469527696,2.068987807087579,2.705328413515902,2.660925698229131
661,0.75,ICBM_sub95971,2.682164147341809,2.475000541667811,2.1792684031968332,2.814037082254623,2.7821704582911053
661,0.95,ICBM_sub95971,2.827796473774633,2.627834663619413,2.3379250866236196,2.970432290934306,2.956600885700584
662,0.05,ICBM_sub97008,2.34493896316837,2.1181895451544017,1.8902821157857541,2.5105634573803997,2.4390225828484344
662,0.25,ICBM_sub97008,2.5013124714214725,2.2713995110509755,2.0323054206840183,2.6673879881165927,2.6217728809518386
662,0.5,ICBM_sub97008,2.610006056421346,2.3778941509490137,2.1310243298865714,2.7763950741125787,2.7488006958455466
662,0.75,ICBM_sub97008,2.718699641421223,2.4843887908470523,2.2297432390891245,2.8854021601085633,2.875828510739254
662,0.95,ICBM_sub97008,2.875073149674326,2.6375987567436256,2.37176654398739,3.0422266908447564,3.058578808842658
663,0.05,ICBM_sub98317,2.375320805895279,2.1262956596072966,1.913648070944009,2.5487593047393453,2.470405337180707
663,0.25,ICBM_sub98317,2.5370872688166832,2.2807476913304945,2.056753353223541,2.7078739661325186,2.6663747641298072
663,0.5,ICBM_sub98317,2.6495294400265097,2.3881056781535324,2.156224333552288,2.818472897921351,2.8025910567961585
663,0.75,ICBM_sub98317,2.761971611236339,2.4954636649765707,2.255695313881034,2.9290718297101823,2.93880734946251
663,0.95,ICBM_sub98317,2.9237380741577423,2.649915696699768,2.3988005961605663,3.088186491103357,3.1347767764116092
664,0.05,ICBM_sub98802,2.2692734551864384,2.1065602562881836,1.8161500092794034,2.444655197792968,2.3255112314088446
664,0.25,ICBM_sub98802,2.425591025515957,2.283269394101427,1.9534864772676936,2.588723132515993,2.504255406198596
664,0.5,ICBM_sub98802,2.53424572865202,2.4060980618580534,2.0489476153059005,2.68886324245858,2.6284986068070784
664,0.75,ICBM_sub98802,2.642900431788082,2.52892672961468,2.1444087533441065,2.789003352401166,2.7527418074155605
664,0.95,ICBM_sub98802,2.7992180021176005,2.705635867427922,2.281745221332399,2.9330712871241924,2.9314859822053125
665,0.05,Leiden_2180_sub01553,2.153736148128102,2.087044294850425,2.1337439496800727,2.584531646095815,2.2413200910453446
665,0.25,Leiden_2180_sub01553,2.317348588114181,2.242730064008404,2.277613804170263,2.744609341617794,2.4405104369546406
665,0.5,Leiden_2180_sub01553,2.4310738786146637,2.350945608778646,2.377616230621157,2.855877668325922,2.5789655565980736
665,0.75,Leiden_2180_sub01553,2.544799169115146,2.4591611535488886,2.4776186570720506,2.9671459950340497,2.717420676241505
665,0.95,Leiden_2180_sub01553,2.7084116091012254,2.6148469227068656,2.621488511562242,3.1272236905560287,2.916611022150803
666,0.05,Leiden_2180_sub08518,2.14214450784376,2.084092971988919,2.128178899311621,2.5749656016932727,2.228656243582804
666,0.25,Leiden_2180_sub08518,2.303910970765165,2.238545003712117,2.271284181591153,2.734080263086447,2.4246256705319045
666,0.5,Leiden_2180_sub08518,2.4163531419749926,2.3459029905351545,2.3707551619198997,2.8446791948752783,2.5608419631982553
666,0.75,Leiden_2180_sub08518,2.5287953131848204,2.453260977358193,2.4702261422486456,2.955278126664111,2.697058255864607
666,0.95,Leiden_2180_sub08518,2.6905617761062235,2.60771300908139,2.613331424528177,3.114392788057285,2.8930276828137065
667,0.05,Leiden_2180_sub09796,2.1240984544296824,2.079482815956914,2.1167052093660317,2.555586078894168,2.210060183520301
667,0.25,Leiden_2180_sub09796,2.282869526129938,2.232848703575674,2.258839614661979,2.713280004706417,2.3991642413381813
667,0.5,Leiden_2180_sub09796,2.393229632327981,2.339451723026957,2.357635748585355,2.822891398098543,2.5306084879491872
667,0.75,Leiden_2180_sub09796,2.5035897385260233,2.446054742478241,2.4564318825087317,2.9325027914906694,2.662052734560193
667,0.95,Leiden_2180_sub09796,2.6623608102262795,2.599420630097001,2.598566287804677,3.0901967173029177,2.851156792378073
668,0.05,Leiden_2180_sub10481,2.1173026038348115,2.0776422162805566,2.1108080108406915,2.546039984581574,2.203169433055009
668,0.25,Leiden_2180_sub10481,2.274824763812069,2.230881659345669,2.252770986349209,2.7032398018905908,2.388957064742225
668,0.5,Leiden_2180_sub10481,2.384316764574366,2.3373967885142997,2.351447961225892,2.8125077456460397,2.518096098343967
668,0.75,Leiden_2180_sub10481,2.493808765336664,2.443911917682931,2.450124936102575,2.9217756894014895,2.6472351319457084
668,0.95,Leiden_2180_sub10481,2.651330925313921,2.5971513607480428,2.5920879116110913,3.0789755067105045,2.833022763632922
669,0.05,Leiden_2180_sub12255,2.111762665116851,2.0759868575360247,2.1048129441533647,2.5367697543343284,2.1972734892505303
669,0.25,Leiden_2180_sub12255,2.2681361733699545,2.2291968234325976,2.2468362490516305,2.693594285070521,2.380023787353936
669,0.5,Leiden_2180_sub12255,2.3768297583698286,2.335691463330636,2.3455551582541836,2.8026013710665065,2.5070516022476435
669,0.75,Leiden_2180_sub12255,2.4855233433697035,2.442186103228674,2.4442740674567367,2.9116084570624925,2.6340794171413506
669,0.95,Leiden_2180_sub12255,2.6418968516228047,2.595396069125248,2.5862973723550016,3.068432987798685,2.8168297152447552
670,0.05,Leiden_2180_sub19281,2.153736148128102,2.087044294850425,2.1337439496800727,2.584531646095815,2.2413200910453446
670,0.25,Leiden_2180_sub19281,2.317348588114181,2.242730064008404,2.277613804170263,2.744609341617794,2.4405104369546406
670,0.5,Leiden_2180_sub19281,2.4310738786146637,2.350945608778646,2.377616230621157,2.855877668325922,2.5789655565980736
670,0.75,Leiden_2180_sub19281,2.544799169115146,2.4591611535488886,2.4776186570720506,2.9671459950340497,2.717420676241505
670,0.95,Leiden_2180_sub19281,2.7084116091012254,2.6148469227068656,2.621488511562242,3.1272236905560287,2.916611022150803
671,0.05,Leiden_2180_sub28473,2.1240984544296824,2.079482815956914,2.1167052093660317,2.555586078894168,2.210060183520301
671,0.25,Leiden_2180_sub28473,2.282869526129938,2.232848703575674,2.258839614661979,2.713280004706417,2.3991642413381813
671,0.5,Leiden_2180_sub28473,2.393229632327981,2.339451723026957,2.357635748585355,2.822891398098543,2.5306084879491872
671,0.75,Leiden_2180_sub28473,2.5035897385260233,2.446054742478241,2.4564318825087317,2.9325027914906694,2.662052734560193
671,0.95,Leiden_2180_sub28473,2.6623608102262795,2.599420630097001,2.598566287804677,3.0901967173029177,2.851156792378073
672,0.05,Leiden_2180_sub38454,2.14214450784376,2.084092971988919,2.128178899311621,2.5749656016932727,2.228656243582804
672,0.25,Leiden_2180_sub38454,2.303910970765165,2.238545003712117,2.271284181591153,2.734080263086447,2.4246256705319045
672,0.5,Leiden_2180_sub38454,2.4163531419749926,2.3459029905351545,2.3707551619198997,2.8446791948752783,2.5608419631982553
672,0.75,Leiden_2180_sub38454,2.5287953131848204,2.453260977358193,2.4702261422486456,2.955278126664111,2.697058255864607
672,0.95,Leiden_2180_sub38454,2.6905617761062235,2.60771300908139,2.613331424528177,3.114392788057285,2.8930276828137065
673,0.05,Leiden_2180_sub52853,2.1038411492288382,2.0729491670620748,2.092586872429339,2.5194789363420003,2.1871116185357637
673,0.25,Leiden_2180_sub52853,2.258068561148749,2.225982327033798,2.2354489130404573,2.675836180898951,2.36501672933216
673,0.5,Leiden_2180_sub52853,2.365270417103111,2.332354070988426,2.33475081863745,2.784518461174261,2.4886767053618692
673,0.75,Leiden_2180_sub52853,2.4724722730574733,2.4387258149430533,2.4340527242344425,2.8932007414495713,2.612336681391579
673,0.95,Leiden_2180_sub52853,2.6266996849773827,2.5917589749147765,2.5769147648455615,3.049557986006522,2.7902417921879756
674,0.05,Leiden_2180_sub56299,2.14214450784376,2.084092971988919,2.128178899311621,2.5749656016932727,2.228656243582804
674,0.25,Leiden_2180_sub56299,2.303910970765165,2.238545003712117,2.271284181591153,2.734080263086447,2.4246256705319045
674,0.5,Leiden_2180_sub56299,2.4163531419749926,2.3459029905351545,2.3707551619198997,2.8446791948752783,2.5608419631982553
674,0.75,Leiden_2180_sub56299,2.5287953131848204,2.453260977358193,2.4702261422486456,2.955278126664111,2.697058255864607
674,0.95,Leiden_2180_sub56299,2.6905617761062235,2.60771300908139,2.613331424528177,3.114392788057285,2.8930276828137065
675,0.05,Leiden_2180_sub58194,2.1038411492288382,2.0729491670620748,2.092586872429339,2.5194789363420003,2.1871116185357637
675,0.25,Leiden_2180_sub58194,2.258068561148749,2.225982327033798,2.2354489130404573,2.675836180898951,2.36501672933216
675,0.5,Leiden_2180_sub58194,2.365270417103111,2.332354070988426,2.33475081863745,2.784518461174261,2.4886767053618692
675,0.75,Leiden_2180_sub58194,2.4724722730574733,2.4387258149430533,2.4340527242344425,2.8932007414495713,2.612336681391579
675,0.95,Leiden_2180_sub58194,2.6266996849773827,2.5917589749147765,2.5769147648455615,3.049557986006522,2.7902417921879756
676,0.05,Leiden_2180_sub99856,2.1173026038348115,2.0776422162805566,2.1108080108406915,2.546039984581574,2.203169433055009
676,0.25,Leiden_2180_sub99856,2.274824763812069,2.230881659345669,2.252770986349209,2.7032398018905908,2.388957064742225
676,0.5,Leiden_2180_sub99856,2.384316764574366,2.3373967885142997,2.351447961225892,2.8125077456460397,2.518096098343967
676,0.75,Leiden_2180_sub99856,2.493808765336664,2.443911917682931,2.450124936102575,2.9217756894014895,2.6472351319457084
676,0.95,Leiden_2180_sub99856,2.651330925313921,2.5971513607480428,2.5920879116110913,3.0789755067105045,2.833022763632922
677,0.05,Leiden_2200_sub01787,2.208576970627088,2.137006577598813,2.2120584226619253,2.554381644309414,2.3438243769659453
677,0.25,Leiden_2200_sub01787,2.3721894106131662,2.292692346756791,2.3559282771521164,2.7144593398313934,2.5430147228752413
677,0.5,Leiden_2200_sub01787,2.4859147011136487,2.400907891527033,2.45593070360301,2.825727666539521,2.6814698425186734
677,0.75,Leiden_2200_sub01787,2.599639991614131,2.509123436297276,2.555933130053904,2.9369959932476486,2.8199249621621054
677,0.95,Leiden_2200_sub01787,2.7632524316002094,2.664809205455254,2.699802984544096,3.0970736887696266,3.0191153080714024
678,0.05,Leiden_2200_sub04484,2.1871627858825873,2.13156436246713,2.2008120070585897,2.53512264630572,2.3209032089439448
678,0.25,Leiden_2200_sub04484,2.347332171778036,2.285289182579268,2.343332921973234,2.693448707285657,2.513454162904849
678,0.5,Leiden_2200_sub04484,2.4586642315027962,2.392141692240971,2.4423977146775147,2.80349949120082,2.6472943108618883
678,0.75,Leiden_2200_sub04484,2.569996291227557,2.498994201902674,2.541462507381796,2.9135502751159827,2.7811344588189266
678,0.95,Leiden_2200_sub04484,2.730165677123003,2.652719022014812,2.683983422296439,3.071876336095921,2.9736854127798305
679,0.05,Leiden_2200_sub13537,2.190007871615708,2.143122421862072,2.203536692718764,2.566172628753053,2.3029963481400144
679,0.25,Leiden_2200_sub13537,2.3517743345371125,2.2975744535852702,2.3466419749982963,2.725287290146227,2.4989657750891148
679,0.5,Leiden_2200_sub13537,2.4642165057469403,2.404932440408308,2.446112955327042,2.8358862219350587,2.635182067755466
679,0.75,Leiden_2200_sub13537,2.576658676956768,2.5122904272313464,2.545583935655789,2.9464851537238905,2.7713983604218173
679,0.95,Leiden_2200_sub13537,2.7384251398781707,2.666742458954544,2.6886892179353223,3.1055998151170634,2.967367787370917
680,0.05,Leiden_2200_sub18456,2.190007871615708,2.143122421862072,2.203536692718764,2.566172628753053,2.3029963481400144
680,0.25,Leiden_2200_sub18456,2.3517743345371125,2.2975744535852702,2.3466419749982963,2.725287290146227,2.4989657750891148
680,0.5,Leiden_2200_sub18456,2.4642165057469403,2.404932440408308,2.446112955327042,2.8358862219350587,2.635182067755466
680,0.75,Leiden_2200_sub18456,2.576658676956768,2.5122904272313464,2.545583935655789,2.9464851537238905,2.7713983604218173
680,0.95,Leiden_2200_sub18456,2.7384251398781707,2.666742458954544,2.6886892179353223,3.1055998151170634,2.967367787370917
681,0.05,Leiden_2200_sub30943,2.2307516386287563,2.1536540206857118,2.2198583554128244,2.5939528649185175,2.3502264989419497
681,0.25,Leiden_2200_sub30943,2.39901430328377,2.3139145586594125,2.3657291991978213,2.7565541605556496,2.554549827125582
681,0.5,Leiden_2200_sub30943,2.51597191616397,2.425309977237448,2.46712249231423,2.8695766152275635,2.696572828895413
681,0.75,Leiden_2200_sub30943,2.6329295290441705,2.536705395815482,2.568515785430639,2.982599069899476,2.8385958306652435
681,0.95,Leiden_2200_sub30943,2.801192193699184,2.6969659337891834,2.714386629215636,3.145200365536607,3.0429191588488753
682,0.05,Leiden_2200_sub36743,2.1596260288887983,2.1350163074091775,2.1801707375605086,2.5279767813941074,2.2716135938077424
682,0.25,Leiden_2200_sub36743,2.3159995371419013,2.2882262733057512,2.322194042458774,2.6848013121303014,2.4543638919111466
682,0.5,Leiden_2200_sub36743,2.4246931221417762,2.3947209132037894,2.4209129516613275,2.7938083981262865,2.5813917068048537
682,0.75,Leiden_2200_sub36743,2.5333867071416503,2.501215553101828,2.51963186086388,2.9028154841222715,2.7084195216985614
682,0.95,Leiden_2200_sub36743,2.689760215394755,2.6544255189984,2.661655165762147,3.059640014858464,2.8911698198019655
683,0.05,Leiden_2200_sub39335,2.1871627858825873,2.13156436246713,2.2008120070585897,2.53512264630572,2.3209032089439448
683,0.25,Leiden_2200_sub39335,2.347332171778036,2.285289182579268,2.343332921973234,2.693448707285657,2.513454162904849
683,0.5,Leiden_2200_sub39335,2.4586642315027962,2.392141692240971,2.4423977146775147,2.80349949120082,2.6472943108618883
683,0.75,Leiden_2200_sub39335,2.569996291227557,2.498994201902674,2.541462507381796,2.9135502751159827,2.7811344588189266
683,0.95,Leiden_2200_sub39335,2.730165677123003,2.652719022014812,2.683983422296439,3.071876336095921,2.9736854127798305
684,0.05,Leiden_2200_sub40907,2.208576970627088,2.137006577598813,2.2120584226619253,2.554381644309414,2.3438243769659453
684,0.25,Leiden_2200_sub40907,2.3721894106131662,2.292692346756791,2.3559282771521164,2.7144593398313934,2.5430147228752413
684,0.5,Leiden_2200_sub40907,2.4859147011136487,2.400907891527033,2.45593070360301,2.825727666539521,2.6814698425186734
684,0.75,Leiden_2200_sub40907,2.599639991614131,2.509123436297276,2.555933130053904,2.9369959932476486,2.8199249621621054
684,0.95,Leiden_2200_sub40907,2.7632524316002094,2.664809205455254,2.699802984544096,3.0970736887696266,3.0191153080714024
685,0.05,Leiden_2200_sub52922,2.20159951190005,2.146073744723579,2.2091017430872157,2.575738673155595,2.3156601956025553
685,0.25,Leiden_2200_sub52922,2.365211951886128,2.3017595138815574,2.3529715975774064,2.735816368677574,2.5148505415118523
685,0.5,Leiden_2200_sub52922,2.478937242386611,2.4099750586517996,2.4529740240283004,2.847084695385702,2.6533056611552843
685,0.75,Leiden_2200_sub52922,2.592662532887094,2.5181906034220423,2.5529764504791945,2.9583530220938297,2.7917607807987173
685,0.95,Leiden_2200_sub52922,2.7562749728731726,2.6738763725800205,2.696846304969386,3.1184307176158095,2.9909511267080124
686,0.05,Leiden_2200_sub57187,2.1621539521661512,2.1243937286492955,2.177044231320494,2.4977517309407036,2.2944704648688803
686,0.25,Leiden_2200_sub57187,2.3174338513839357,2.2775461970570205,2.319372519317468,2.6543004476659013,2.474588993550645
686,0.5,Leiden_2200_sub57187,2.42536728021692,2.3840008710537934,2.418303419072215,2.7631158182365363,2.5997874931304823
686,0.75,Leiden_2200_sub57187,2.5333007090499047,2.490455545050567,2.5172343188269624,2.8719311888071712,2.7249859927103186
686,0.95,Leiden_2200_sub57187,2.6885806082676904,2.643608013458292,2.659562606823937,3.028479905532369,2.9051045213920834
687,0.05,Leiden_2200_sub64642,2.1969853303427453,2.134055254737306,2.206493372293473,2.5448155999068716,2.3311605295034044
687,0.25,Leiden_2200_sub64642,2.35875179326415,2.288507286460504,2.349598654573006,2.703930261300046,2.5271299564525043
687,0.5,Leiden_2200_sub64642,2.4711939644739775,2.3958652732835417,2.4490696349017522,2.8145291930888776,2.6633462491188555
687,0.75,Leiden_2200_sub64642,2.5836361356838053,2.5032232601065796,2.548540615230499,2.92512812487771,2.799562541785207
687,0.95,Leiden_2200_sub64642,2.74540259860521,2.6576752918297792,2.6916458975100337,3.084242786270884,2.9955319687343054
688,0.05,Leiden_2200_sub66131,2.2151271322202506,2.1495641818375177,2.214544862250757,2.585044102224514,2.3312330867342923
688,0.25,Leiden_2200_sub66131,2.3808864602277398,2.307134430215243,2.359341994840369,2.7462774774304557,2.533269070743892
688,0.5,Leiden_2200_sub66131,2.496104030067909,2.416659856720188,2.4599889625696667,2.858349104962135,2.673702163575938
688,0.75,Leiden_2200_sub66131,2.6113215999080786,2.5261852832251326,2.5606359302989645,2.970420732493814,2.814135256407984
688,0.95,Leiden_2200_sub66131,2.777080927915567,2.6837555316028565,2.705433062888576,3.1316541076997564,3.0161712404175827
689,0.05,Leiden_2200_sub68050,2.1596260288887983,2.1350163074091775,2.1801707375605086,2.5279767813941074,2.2716135938077424
689,0.25,Leiden_2200_sub68050,2.3159995371419013,2.2882262733057512,2.322194042458774,2.6848013121303014,2.4543638919111466
689,0.5,Leiden_2200_sub68050,2.4246931221417762,2.3947209132037894,2.4209129516613275,2.7938083981262865,2.5813917068048537
689,0.75,Leiden_2200_sub68050,2.5333867071416503,2.501215553101828,2.51963186086388,2.9028154841222715,2.7084195216985614
689,0.95,Leiden_2200_sub68050,2.689760215394755,2.6544255189984,2.661655165762147,3.059640014858464,2.8911698198019655
690,0.05,Leiden_2200_sub72247,2.20159951190005,2.146073744723579,2.2091017430872157,2.575738673155595,2.3156601956025553
690,0.25,Leiden_2200_sub72247,2.365211951886128,2.3017595138815574,2.3529715975774064,2.735816368677574,2.5148505415118523
690,0.5,Leiden_2200_sub72247,2.478937242386611,2.4099750586517996,2.4529740240283004,2.847084695385702,2.6533056611552843
690,0.75,Leiden_2200_sub72247,2.592662532887094,2.5181906034220423,2.5529764504791945,2.9583530220938297,2.7917607807987173
690,0.95,Leiden_2200_sub72247,2.7562749728731726,2.6738763725800205,2.696846304969386,3.1184307176158095,2.9909511267080124
691,0.05,Leiden_2200_sub86034,2.190007871615708,2.143122421862072,2.203536692718764,2.566172628753053,2.3029963481400144
691,0.25,Leiden_2200_sub86034,2.3517743345371125,2.2975744535852702,2.3466419749982963,2.725287290146227,2.4989657750891148
691,0.5,Leiden_2200_sub86034,2.4642165057469403,2.404932440408308,2.446112955327042,2.8358862219350587,2.635182067755466
691,0.75,Leiden_2200_sub86034,2.576658676956768,2.5122904272313464,2.545583935655789,2.9464851537238905,2.7713983604218173
691,0.95,Leiden_2200_sub86034,2.7384251398781707,2.666742458954544,2.6886892179353223,3.1055998151170634,2.967367787370917
692,0.05,Leiden_2200_sub87320,2.1871627858825873,2.13156436246713,2.2008120070585897,2.53512264630572,2.3209032089439448
692,0.25,Leiden_2200_sub87320,2.347332171778036,2.285289182579268,2.343332921973234,2.693448707285657,2.513454162904849
692,0.5,Leiden_2200_sub87320,2.4586642315027962,2.392141692240971,2.4423977146775147,2.80349949120082,2.6472943108618883
692,0.75,Leiden_2200_sub87320,2.569996291227557,2.498994201902674,2.541462507381796,2.9135502751159827,2.7811344588189266
692,0.95,Leiden_2200_sub87320,2.730165677123003,2.652719022014812,2.683983422296439,3.071876336095921,2.9736854127798305
693,0.05,Leiden_2200_sub92061,2.1491219347599877,2.130569747870126,2.16177788052409,2.502708926412487,2.257038011839699
693,0.25,Leiden_2200_sub92061,2.302340047382224,2.283433603382017,2.3053735001995665,2.6589469527083596,2.4331101274070828
693,0.5,Leiden_2200_sub92061,2.4088403499837994,2.389687665582866,2.405185308907878,2.767546365621168,2.555496007683907
693,0.75,Leiden_2200_sub92061,2.5153406525853748,2.4959417277837157,2.5049971176161887,2.8761457785339752,2.6778818879607322
693,0.95,Leiden_2200_sub92061,2.6685587652076097,2.648805583295606,2.6485927372916658,3.0323838048298497,2.8539540035281172
694,0.05,Leiden_2200_sub93194,2.20159951190005,2.146073744723579,2.2091017430872157,2.575738673155595,2.3156601956025553
694,0.25,Leiden_2200_sub93194,2.365211951886128,2.3017595138815574,2.3529715975774064,2.735816368677574,2.5148505415118523
694,0.5,Leiden_2200_sub93194,2.478937242386611,2.4099750586517996,2.4529740240283004,2.847084695385702,2.6533056611552843
694,0.75,Leiden_2200_sub93194,2.592662532887094,2.5181906034220423,2.5529764504791945,2.9583530220938297,2.7917607807987173
694,0.95,Leiden_2200_sub93194,2.7562749728731726,2.6738763725800205,2.696846304969386,3.1184307176158095,2.9909511267080124
695,0.05,Leiden_2200_sub97690,2.1969853303427453,2.134055254737306,2.206493372293473,2.5448155999068716,2.3311605295034044
695,0.25,Leiden_2200_sub97690,2.35875179326415,2.288507286460504,2.349598654573006,2.703930261300046,2.5271299564525043
695,0.5,Leiden_2200_sub97690,2.4711939644739775,2.3958652732835417,2.4490696349017522,2.8145291930888776,2.6633462491188555
695,0.75,Leiden_2200_sub97690,2.5836361356838053,2.5032232601065796,2.548540615230499,2.92512812487771,2.799562541785207
695,0.95,Leiden_2200_sub97690,2.74540259860521,2.6576752918297792,2.6916458975100337,3.084242786270884,2.9955319687343054
696,0.05,Milwaukee_b_sub00917,2.0237794557508533,2.0692646192110664,2.1341899545551075,2.315049727374599,2.191268657610038
696,0.25,Milwaukee_b_sub00917,2.177112207223302,2.241507574091159,2.2754090140628116,2.4614240518788373,2.3688991712835468
696,0.5,Milwaukee_b_sub00917,2.283692194086931,2.3612318449477443,2.3735689007320966,2.5631673091609426,2.492368277734061
696,0.75,Milwaukee_b_sub00917,2.3902721809505603,2.480956115804329,2.471728787401381,2.664910566443047,2.6158373841845766
696,0.95,Milwaukee_b_sub00917,2.5436049324230083,2.6531990706844213,2.612947846909086,2.8112848909472854,2.7934678978580845
697,0.05,Milwaukee_b_sub09931,2.053949384124244,2.0792927629588607,2.1169528729235276,2.3302894936139413,2.182479820471712
697,0.25,Milwaukee_b_sub09931,2.201413952225343,2.2390143105987415,2.271262507062341,2.4833088191461985,2.3593343537254583
697,0.5,Milwaukee_b_sub09931,2.303915026393375,2.350035082650535,2.3785215148184324,2.5896709469270958,2.482264084327368
697,0.75,Milwaukee_b_sub09931,2.406416100561407,2.4610558547023285,2.485780522574523,2.6960330747079935,2.605193814929277
697,0.95,Milwaukee_b_sub09931,2.5538806686625053,2.620777402342208,2.640090156713336,2.8490524002402497,2.782048348183023
698,0.05,Milwaukee_b_sub14692,2.031616243760252,2.0692691977233353,2.1317434609780905,2.3139345364613293,2.195698533926384
698,0.25,Milwaukee_b_sub14692,2.183656992101629,2.2392500383088807,2.275158150186441,2.461489369611607,2.3730261650614644
698,0.5,Milwaukee_b_sub14692,2.2893389211438513,2.357401937252215,2.374844196025277,2.5640531860683113,2.4962847410371993
698,0.75,Milwaukee_b_sub14692,2.3950208501860746,2.475553836195549,2.4745302418641133,2.6666170025250153,2.6195433170129347
698,0.95,Milwaukee_b_sub14692,2.5470615985274505,2.6455346767810943,2.617944931072464,2.8141718356752943,2.796870948148016
699,0.05,Milwaukee_b_sub16666,2.064548408636184,2.0705435731246644,2.1185533000220187,2.3085310337371343,2.212610911492928
699,0.25,Milwaukee_b_sub16666,2.2114490525629575,2.2286297890955917,2.2745061062522023,2.4624173936236557,2.3893101383008517
699,0.5,Milwaukee_b_sub16666,2.3135581489538053,2.338513859261317,2.382907265689725,2.5693821878877454,2.512131917021662
699,0.75,Milwaukee_b_sub16666,2.415667245344653,2.4483979294270424,2.491308425127249,2.676346982151835,2.634953695742472
699,0.95,Milwaukee_b_sub16666,2.5625678892714268,2.6064841453979692,2.647261231357433,2.830233342038357,2.811652922550397
700,0.05,Milwaukee_b_sub17004,1.9900482127844208,2.0789851222087994,2.1366254035450316,2.338804545895453,2.1458882004908486
700,0.25,Milwaukee_b_sub17004,2.148062861680805,2.257822297112073,2.2723901492982197,2.4817776559752422,2.325516998678383
700,0.5,Milwaukee_b_sub17004,2.2578971863238584,2.3821301411237576,2.36675879970047,2.5811567647946276,2.45037509172967
700,0.75,Milwaukee_b_sub17004,2.367731510966911,2.5064379851354417,2.4611274501027207,2.680535873614013,2.575233184780957
700,0.95,Milwaukee_b_sub17004,2.525746159863295,2.6852751600387155,2.5968921958559084,2.8235089836938028,2.7548619829684915
701,0.05,Milwaukee_b_sub17987,2.057570949909149,2.0796107402494304,2.1155966204473087,2.3298880625833136,2.184446730129539
701,0.25,Milwaukee_b_sub17987,2.20447159383592,2.2376969562203586,2.2715494266774923,2.4837744224698377,2.3611459569374627
701,0.5,Milwaukee_b_sub17987,2.3065806902267676,2.3475810263860835,2.379950586115016,2.5907392167339265,2.4839677356582732
701,0.75,Milwaukee_b_sub17987,2.4086897866176153,2.457465096551809,2.488351745552539,2.697704010998016,2.606789514379083
701,0.95,Milwaukee_b_sub17987,2.555590430544388,2.615551312522736,2.6443045517827235,2.851590370884538,2.7834887411870075
702,0.05,Milwaukee_b_sub18955,2.031616243760252,2.0692691977233353,2.1317434609780905,2.3139345364613293,2.195698533926384
702,0.25,Milwaukee_b_sub18955,2.183656992101629,2.2392500383088807,2.275158150186441,2.461489369611607,2.3730261650614644
702,0.5,Milwaukee_b_sub18955,2.2893389211438513,2.357401937252215,2.374844196025277,2.5640531860683113,2.4962847410371993
702,0.75,Milwaukee_b_sub18955,2.3950208501860746,2.475553836195549,2.4745302418641133,2.6666170025250153,2.6195433170129347
702,0.95,Milwaukee_b_sub18955,2.5470615985274505,2.6455346767810943,2.617944931072464,2.8141718356752943,2.796870948148016
703,0.05,Milwaukee_b_sub21350,1.9553205819080188,2.073332338188179,2.13843682029062,2.31618238665734,2.139742823056475
703,0.25,Milwaukee_b_sub21350,2.121525172516327,2.2590200644006213,2.2716485204773,2.4554895818381315,2.3259891829670067
703,0.5,Milwaukee_b_sub21350,2.2370522397188704,2.3880896547550043,2.3642425756914536,2.5523205516720324,2.455447073744047
703,0.75,Milwaukee_b_sub21350,2.352579306921414,2.5171592451093874,2.456836630905607,2.6491515215059334,2.5849049645210873
703,0.95,Milwaukee_b_sub21350,2.518783897529724,2.702846971321832,2.5900483310922864,2.788458716686725,2.77115132443162
704,0.05,Milwaukee_b_sub23607,2.0609268428512806,2.0702255958340956,2.1199095524982376,2.3089324647677594,2.2106440018351003
704,0.25,Milwaukee_b_sub23607,2.2083914109523803,2.2299471434739755,2.274219186637051,2.461951790300016,2.3874985350888482
704,0.5,Milwaukee_b_sub23607,2.3108924851204127,2.3409679155257686,2.381478194393142,2.5683139180809147,2.5104282656907575
704,0.75,Milwaukee_b_sub23607,2.4133935592884446,2.451988687577562,2.4887372021492333,2.6746760458618124,2.633357996292666
704,0.95,Milwaukee_b_sub23607,2.560858127389544,2.611710235217442,2.643046836288047,2.8276953713940687,2.810212529546413
705,0.05,Milwaukee_b_sub24237,2.0388460459997293,2.069352155386632,2.1291565771942538,2.312767595772657,2.1995696380084047
705,0.25,Milwaukee_b_sub24237,2.189724879582385,2.2370988948733577,2.274854141279329,2.461498757879954,2.3767143153533583
705,0.5,Milwaukee_b_sub24237,2.2945991738660094,2.3536978935818897,2.37612698949428,2.5648802282532723,2.499845722069029
705,0.75,Milwaukee_b_sub24237,2.3994734681496332,2.470296892290422,2.4773998377092306,2.6682616986265892,2.6229771287847004
705,0.95,Milwaukee_b_sub24237,2.5503523017322913,2.6380436317771467,2.6230974017943063,2.8169928607338885,2.800121806129654
706,0.05,Milwaukee_b_sub28782,1.920954757284898,2.0788691526660585,2.127654594386498,2.309854996299069,2.1031535610557097
706,0.25,Milwaukee_b_sub28782,2.094825573834211,2.2667537268521056,2.2645076691090193,2.44752624106209,2.2988191543900465
706,0.5,Milwaukee_b_sub28782,2.215681354258423,2.397350323184791,2.3596328055596913,2.5432200789241137,2.4348242554984343
706,0.75,Milwaukee_b_sub28782,2.3365371346826342,2.527946919517476,2.454757942010363,2.6389139167861373,2.570829356606824
706,0.95,Milwaukee_b_sub28782,2.5104079512319486,2.7158314937035217,2.5916110167328847,2.7765851615491592,2.7664949499411606
707,0.05,Milwaukee_b_sub30157,2.016801997023816,2.0783317863358324,2.1312332749803966,2.3364067562207804,2.1631044762466467
707,0.25,Milwaukee_b_sub30157,2.170134748496264,2.2505747412159254,2.272452334488102,2.4827810807250192,2.340734989920157
707,0.5,Milwaukee_b_sub30157,2.276714735359893,2.3702990120725107,2.370612221157387,2.5845243380071232,2.464204096370672
707,0.75,Milwaukee_b_sub30157,2.3832947222235226,2.4900232829290956,2.4687721078266724,2.6862675952892276,2.5876732028211875
707,0.95,Milwaukee_b_sub30157,2.536627473695971,2.6622662378091877,2.6099911673343765,2.832641919793466,2.7653037164946954
708,0.05,Milwaukee_b_sub36386,1.9900482127844208,2.0789851222087994,2.1366254035450316,2.338804545895453,2.1458882004908486
708,0.25,Milwaukee_b_sub36386,2.148062861680805,2.257822297112073,2.2723901492982197,2.4817776559752422,2.325516998678383
708,0.5,Milwaukee_b_sub36386,2.2578971863238584,2.3821301411237576,2.36675879970047,2.5811567647946276,2.45037509172967
708,0.75,Milwaukee_b_sub36386,2.367731510966911,2.5064379851354417,2.4611274501027207,2.680535873614013,2.575233184780957
708,0.95,Milwaukee_b_sub36386,2.525746159863295,2.6852751600387155,2.5968921958559084,2.8235089836938028,2.7548619829684915
709,0.05,Milwaukee_b_sub39259,2.031616243760252,2.0692691977233353,2.1317434609780905,2.3139345364613293,2.195698533926384
709,0.25,Milwaukee_b_sub39259,2.183656992101629,2.2392500383088807,2.275158150186441,2.461489369611607,2.3730261650614644
709,0.5,Milwaukee_b_sub39259,2.2893389211438513,2.357401937252215,2.374844196025277,2.5640531860683113,2.4962847410371993
709,0.75,Milwaukee_b_sub39259,2.3950208501860746,2.475553836195549,2.4745302418641133,2.6666170025250153,2.6195433170129347
709,0.95,Milwaukee_b_sub39259,2.5470615985274505,2.6455346767810943,2.617944931072464,2.8141718356752943,2.796870948148016
710,0.05,Milwaukee_b_sub44912,2.0565081429737297,2.0699426522571227,2.121789391737538,2.3096276964274214,2.2084170990828698
710,0.25,Milwaukee_b_sub44912,2.2046486769350233,2.231475167957659,2.274172785387303,2.4616772388876624,2.3853548903009774
710,0.5,Milwaukee_b_sub44912,2.307619607880606,2.3437547249087083,2.380092883588537,2.5673652806296454,2.508342492640416
710,0.75,Milwaukee_b_sub44912,2.4105905388261895,2.456034281859758,2.486012981789771,2.6730533223716297,2.631330094979855
710,0.95,Milwaukee_b_sub44912,2.558731072787484,2.617566797560294,2.638396375439535,2.825102864831871,2.808267886197962
711,0.05,Milwaukee_b_sub45019,2.0705625124996203,2.0717069771755643,2.1186572811944653,2.3096407401561954,2.217487433934727
711,0.25,Milwaukee_b_sub45019,2.2164066374438867,2.2260964263139327,2.2772843481976124,2.4653749958933506,2.393057024222987
711,0.5,Milwaukee_b_sub45019,2.317781358574424,2.333410912638838,2.387544358241515,2.5736242431760856,2.515093604450518
711,0.75,Milwaukee_b_sub45019,2.419156079704961,2.440725398963744,2.4978043682854167,2.68187349045882,2.637130184678049
711,0.95,Milwaukee_b_sub45019,2.5650002046492277,2.5951148481021113,2.6564314352885625,2.8376077461959754,2.8126997749663083
712,0.05,Milwaukee_b_sub45852,1.9326254112155588,2.0766810487206055,2.1324360338896047,2.3125929205674547,2.1165435011693767
712,0.25,Milwaukee_b_sub45852,2.103789991137738,2.2641971090477364,2.2674117797310176,2.4506767911636347,2.308544575317212
712,0.5,Milwaukee_b_sub45852,2.2227646948748094,2.3945375552633394,2.361232004572357,2.546657440913237,2.4420025075852303
712,0.75,Milwaukee_b_sub45852,2.3417393986118813,2.524878001478943,2.4550522294136963,2.64263809066284,2.575460439853249
712,0.95,Milwaukee_b_sub45852,2.5129039785340614,2.712394061806074,2.5900279752551083,2.7807219612590215,2.7674615140010834
713,0.05,Milwaukee_b_sub46312,2.045430044002323,2.069499000813618,2.126549448901991,2.311615246400286,2.202940210548922
713,0.25,Milwaukee_b_sub46312,2.1952739072069,2.235072611840225,2.27455053287829,2.4615004775055125,2.379984361243949
713,0.5,Milwaukee_b_sub46312,2.2994288044390743,2.350161091755426,2.377424533602337,2.565684129131419,2.503045892939926
713,0.75,Milwaukee_b_sub46312,2.4035837016712485,2.465249571670627,2.480298534326385,2.6698677807573246,2.6261074246359035
713,0.95,Milwaukee_b_sub46312,2.5534275648758267,2.6308231826972337,2.628299618302683,2.8197530118625522,2.8031515753309293
714,0.05,Milwaukee_b_sub49975,2.0603590863294543,2.079961176922588,2.1149073696559113,2.329850937397133,2.186213717741869
714,0.25,Milwaukee_b_sub49975,2.206804291024784,2.2366131040967416,2.2721400031554304,2.484480916404439,2.3626476888192225
714,0.5,Milwaukee_b_sub49975,2.3085968163840778,2.345500215167618,2.3814307571006084,2.5919625925177336,2.4852850910646342
714,0.75,Milwaukee_b_sub49975,2.4103893417433726,2.4543873262384936,2.4907215110457868,2.6994442686310274,2.607922493310045
714,0.95,Milwaukee_b_sub49975,2.5568345464387017,2.611039253412647,2.647954144545304,2.854074247638334,2.784356464387399
715,0.05,Milwaukee_b_sub50771,2.031616243760252,2.0692691977233353,2.1317434609780905,2.3139345364613293,2.195698533926384
715,0.25,Milwaukee_b_sub50771,2.183656992101629,2.2392500383088807,2.275158150186441,2.461489369611607,2.3730261650614644
715,0.5,Milwaukee_b_sub50771,2.2893389211438513,2.357401937252215,2.374844196025277,2.5640531860683113,2.4962847410371993
715,0.75,Milwaukee_b_sub50771,2.3950208501860746,2.475553836195549,2.4745302418641133,2.6666170025250153,2.6195433170129347
715,0.95,Milwaukee_b_sub50771,2.5470615985274505,2.6455346767810943,2.617944931072464,2.8141718356752943,2.796870948148016
716,0.05,Milwaukee_b_sub51182,1.9900482127844208,2.0789851222087994,2.1366254035450316,2.338804545895453,2.1458882004908486
716,0.25,Milwaukee_b_sub51182,2.148062861680805,2.257822297112073,2.2723901492982197,2.4817776559752422,2.325516998678383
716,0.5,Milwaukee_b_sub51182,2.2578971863238584,2.3821301411237576,2.36675879970047,2.5811567647946276,2.45037509172967
716,0.75,Milwaukee_b_sub51182,2.367731510966911,2.5064379851354417,2.4611274501027207,2.680535873614013,2.575233184780957
716,0.95,Milwaukee_b_sub51182,2.525746159863295,2.6852751600387155,2.5968921958559084,2.8235089836938028,2.7548619829684915
717,0.05,Milwaukee_b_sub53971,2.064548408636184,2.0705435731246644,2.1185533000220187,2.3085310337371343,2.212610911492928
717,0.25,Milwaukee_b_sub53971,2.2114490525629575,2.2286297890955917,2.2745061062522023,2.4624173936236557,2.3893101383008517
717,0.5,Milwaukee_b_sub53971,2.3135581489538053,2.338513859261317,2.382907265689725,2.5693821878877454,2.512131917021662
717,0.75,Milwaukee_b_sub53971,2.415667245344653,2.4483979294270424,2.491308425127249,2.676346982151835,2.634953695742472
717,0.95,Milwaukee_b_sub53971,2.5625678892714268,2.6064841453979692,2.647261231357433,2.830233342038357,2.811652922550397
718,0.05,Milwaukee_b_sub55176,1.9326254112155588,2.0766810487206055,2.1324360338896047,2.3125929205674547,2.1165435011693767
718,0.25,Milwaukee_b_sub55176,2.103789991137738,2.2641971090477364,2.2674117797310176,2.4506767911636347,2.308544575317212
718,0.5,Milwaukee_b_sub55176,2.2227646948748094,2.3945375552633394,2.361232004572357,2.546657440913237,2.4420025075852303
718,0.75,Milwaukee_b_sub55176,2.3417393986118813,2.524878001478943,2.4550522294136963,2.64263809066284,2.575460439853249
718,0.95,Milwaukee_b_sub55176,2.5129039785340614,2.712394061806074,2.5900279752551083,2.7807219612590215,2.7674615140010834
719,0.05,Milwaukee_b_sub56084,2.024638785033214,2.0783363648481004,2.1287867814033814,2.33529156530751,2.1675343525629933
719,0.25,Milwaukee_b_sub56084,2.1766795333745903,2.248317205433647,2.2722014706117313,2.482846398457789,2.344861983698073
719,0.5,Milwaukee_b_sub56084,2.2823614624168136,2.366469104376981,2.3718875164505673,2.5854102149144924,2.46812055967381
719,0.75,Milwaukee_b_sub56084,2.388043391459037,2.4846210033203153,2.4715735622894037,2.6879740313711964,2.5913791356495457
719,0.95,Milwaukee_b_sub56084,2.5400841398004124,2.6546018439058603,2.6149882514977536,2.8355288645214753,2.7687067667846272
720,0.05,Milwaukee_b_sub56108,2.045430044002323,2.069499000813618,2.126549448901991,2.311615246400286,2.202940210548922
720,0.25,Milwaukee_b_sub56108,2.1952739072069,2.235072611840225,2.27455053287829,2.4615004775055125,2.379984361243949
720,0.5,Milwaukee_b_sub56108,2.2994288044390743,2.350161091755426,2.377424533602337,2.565684129131419,2.503045892939926
720,0.75,Milwaukee_b_sub56108,2.4035837016712485,2.465249571670627,2.480298534326385,2.6698677807573246,2.6261074246359035
720,0.95,Milwaukee_b_sub56108,2.5534275648758267,2.6308231826972337,2.628299618302683,2.8197530118625522,2.8031515753309293
721,0.05,Milwaukee_b_sub56333,2.024638785033214,2.0783363648481004,2.1287867814033814,2.33529156530751,2.1675343525629933
721,0.25,Milwaukee_b_sub56333,2.1766795333745903,2.248317205433647,2.2722014706117313,2.482846398457789,2.344861983698073
721,0.5,Milwaukee_b_sub56333,2.2823614624168136,2.366469104376981,2.3718875164505673,2.5854102149144924,2.46812055967381
721,0.75,Milwaukee_b_sub56333,2.388043391459037,2.4846210033203153,2.4715735622894037,2.6879740313711964,2.5913791356495457
721,0.95,Milwaukee_b_sub56333,2.5400841398004124,2.6546018439058603,2.6149882514977536,2.8355288645214753,2.7687067667846272
722,0.05,Milwaukee_b_sub56582,1.9970256715114598,2.069917955084032,2.1395820831197407,2.3174475170492714,2.1740523818542368
722,0.25,Milwaukee_b_sub56582,2.1550403204078425,2.2487551299873068,2.2753468288729293,2.4604206271290616,2.3536811800417716
722,0.5,Milwaukee_b_sub56582,2.2648746450508956,2.373062973998991,2.3697154792751802,2.559799735948447,2.478539273093059
722,0.75,Milwaukee_b_sub56582,2.374708969693949,2.4973708180106753,2.4640841296774307,2.659178844767832,2.603397366144346
722,0.95,Milwaukee_b_sub56582,2.5327236185903326,2.67620799291395,2.5998488754306193,2.802151954847622,2.783026164331881
723,0.05,Milwaukee_b_sub58677,2.0673365450564907,2.0708940097978226,2.117864049230622,2.3084939085509526,2.2143778991052585
723,0.25,Milwaukee_b_sub58677,2.213781749751821,2.2275459369719757,2.2750966827301404,2.463123887558258,2.390811870182612
723,0.5,Milwaukee_b_sub58677,2.3155742751111155,2.3364330480428515,2.3843874366753184,2.5706055636715517,2.5134492724280233
723,0.75,Milwaukee_b_sub58677,2.4173668004704103,2.4453201591137272,2.4936781906204963,2.6780872397848463,2.636086674673434
723,0.95,Milwaukee_b_sub58677,2.5638120051657394,2.601972086287881,2.6509108241200146,2.832717218792153,2.8125206457507885
724,0.05,Milwaukee_b_sub58967,1.9553205819080188,2.073332338188179,2.13843682029062,2.31618238665734,2.139742823056475
724,0.25,Milwaukee_b_sub58967,2.121525172516327,2.2590200644006213,2.2716485204773,2.4554895818381315,2.3259891829670067
724,0.5,Milwaukee_b_sub58967,2.2370522397188704,2.3880896547550043,2.3642425756914536,2.5523205516720324,2.455447073744047
724,0.75,Milwaukee_b_sub58967,2.352579306921414,2.5171592451093874,2.456836630905607,2.6491515215059334,2.5849049645210873
724,0.95,Milwaukee_b_sub58967,2.518783897529724,2.702846971321832,2.5900483310922864,2.788458716686725,2.77115132443162
725,0.05,Milwaukee_b_sub59359,2.045430044002323,2.069499000813618,2.126549448901991,2.311615246400286,2.202940210548922
725,0.25,Milwaukee_b_sub59359,2.1952739072069,2.235072611840225,2.27455053287829,2.4615004775055125,2.379984361243949
725,0.5,Milwaukee_b_sub59359,2.2994288044390743,2.350161091755426,2.377424533602337,2.565684129131419,2.503045892939926
725,0.75,Milwaukee_b_sub59359,2.4035837016712485,2.465249571670627,2.480298534326385,2.6698677807573246,2.6261074246359035
725,0.95,Milwaukee_b_sub59359,2.5534275648758267,2.6308231826972337,2.628299618302683,2.8197530118625522,2.8031515753309293
726,0.05,Milwaukee_b_sub61779,2.0064436347605414,2.0695659355699187,2.1382141887937807,2.316868232850992,2.18050284047413
726,0.25,Milwaukee_b_sub61779,2.1627612050900606,2.246275073383163,2.275550656782073,2.4609361675740185,2.3592470152638825
726,0.5,Milwaukee_b_sub61779,2.271415908226123,2.369103741139789,2.371011794820279,2.5610762775166043,2.483490215872365
726,0.75,Milwaukee_b_sub61779,2.3800706113621852,2.491932408896415,2.4664729328584856,2.6612163874591905,2.6077334164808477
726,0.95,Milwaukee_b_sub61779,2.536388181691703,2.6686415467096594,2.603809400846778,2.8052843221822163,2.7864775912705997
727,0.05,Milwaukee_b_sub63196,2.0565081429737297,2.0699426522571227,2.121789391737538,2.3096276964274214,2.2084170990828698
727,0.25,Milwaukee_b_sub63196,2.2046486769350233,2.231475167957659,2.274172785387303,2.4616772388876624,2.3853548903009774
727,0.5,Milwaukee_b_sub63196,2.307619607880606,2.3437547249087083,2.380092883588537,2.5673652806296454,2.508342492640416
727,0.75,Milwaukee_b_sub63196,2.4105905388261895,2.456034281859758,2.486012981789771,2.6730533223716297,2.631330094979855
727,0.95,Milwaukee_b_sub63196,2.558731072787484,2.617566797560294,2.638396375439535,2.825102864831871,2.808267886197962
728,0.05,Milwaukee_b_sub64463,2.0318685872726894,2.078419322511399,2.126199897619544,2.334124624618836,2.171405456645016
728,0.25,Milwaukee_b_sub64463,2.1827474208553475,2.2461660619981245,2.2718974617046195,2.4828557867261347,2.348550133989969
728,0.5,Milwaukee_b_sub64463,2.2876217151389717,2.362765060706656,2.3731703099195705,2.586237257099453,2.4716815407056405
728,0.75,Milwaukee_b_sub64463,2.3924960094225955,2.4793640594151882,2.4744431581345214,2.6896187274727703,2.5948129474213113
728,0.95,Milwaukee_b_sub64463,2.5433748430052536,2.6471107989019127,2.620140722219598,2.838349889580069,2.771957624766265
729,0.05,Milwaukee_b_sub67948,2.053949384124244,2.0792927629588607,2.1169528729235276,2.3302894936139413,2.182479820471712
729,0.25,Milwaukee_b_sub67948,2.201413952225343,2.2390143105987415,2.271262507062341,2.4833088191461985,2.3593343537254583
729,0.5,Milwaukee_b_sub67948,2.303915026393375,2.350035082650535,2.3785215148184324,2.5896709469270958,2.482264084327368
729,0.75,Milwaukee_b_sub67948,2.406416100561407,2.4610558547023285,2.485780522574523,2.6960330747079935,2.605193814929277
729,0.95,Milwaukee_b_sub67948,2.5538806686625053,2.620777402342208,2.640090156713336,2.8490524002402497,2.782048348183023
730,0.05,Milwaukee_b_sub73547,2.0153751836600597,2.069356388493965,2.1363826515306363,2.3160485741750136,2.1862224823284113
730,0.25,Milwaukee_b_sub73547,2.1701327675683633,2.2438544600507435,2.275555950894907,2.4612552601352005,2.3643128877025528
730,0.5,Milwaukee_b_sub73547,2.277703140509578,2.365146238849821,2.372293851151508,2.562186904115572,2.488101660049241
730,0.75,Milwaukee_b_sub73547,2.3852735134507927,2.486438017648899,2.4690317514081084,2.6631185480959427,2.6118904323959304
730,0.95,Milwaukee_b_sub73547,2.540031097359095,2.6609360892056784,2.6082050507723786,2.8083252340561304,2.789980837770072
731,0.05,Milwaukee_b_sub75919,2.0513300095888076,2.0696985606516582,2.1240491582792447,2.310545472775645,2.205869372352783
731,0.25,Milwaukee_b_sub75919,2.2002623545702713,2.2331910178605936,2.2743037148974605,2.461543463178873,2.3828574027172627
731,0.5,Milwaukee_b_sub75919,2.303783665048717,2.3468329095914795,2.378744080812679,2.566500582118345,2.5058799257602637
731,0.75,Milwaukee_b_sub75919,2.4073049755271634,2.460474801322366,2.483184446727898,2.6714577010578173,2.6289024488032644
731,0.95,Milwaukee_b_sub75919,2.5562373205086266,2.6239672585313008,2.6334390033461132,2.8224556914610446,2.8058904791677453
732,0.05,Milwaukee_b_sub76042,1.987162685720847,2.0704400249800434,2.140387128062018,2.3177267130744794,2.166812845122501
732,0.25,Milwaukee_b_sub76042,2.147013131206302,2.251281528089384,2.2748995079939407,2.459663095613158,2.34759463448235
732,0.5,Milwaukee_b_sub76042,2.258123498798227,2.3769825596087704,2.368397652052979,2.5583215859955044,2.4732541596009483
732,0.75,Milwaukee_b_sub76042,2.369233866390152,2.5026835911281564,2.4618957961120183,2.6569800763778515,2.5989136847195464
732,0.95,Milwaukee_b_sub76042,2.529084311875607,2.6835250942374973,2.5964081760439393,2.79891645891653,2.779695474079394
733,0.05,Milwaukee_b_sub76378,2.0388460459997293,2.069352155386632,2.1291565771942538,2.312767595772657,2.1995696380084047
733,0.25,Milwaukee_b_sub76378,2.189724879582385,2.2370988948733577,2.274854141279329,2.461498757879954,2.3767143153533583
733,0.5,Milwaukee_b_sub76378,2.2945991738660094,2.3536978935818897,2.37612698949428,2.5648802282532723,2.499845722069029
733,0.75,Milwaukee_b_sub76378,2.3994734681496332,2.470296892290422,2.4773998377092306,2.6682616986265892,2.6229771287847004
733,0.95,Milwaukee_b_sub76378,2.5503523017322913,2.6380436317771467,2.6230974017943063,2.8169928607338885,2.800121806129654
734,0.05,Milwaukee_b_sub77073,2.0388460459997293,2.069352155386632,2.1291565771942538,2.312767595772657,2.1995696380084047
734,0.25,Milwaukee_b_sub77073,2.189724879582385,2.2370988948733577,2.274854141279329,2.461498757879954,2.3767143153533583
734,0.5,Milwaukee_b_sub77073,2.2945991738660094,2.3536978935818897,2.37612698949428,2.5648802282532723,2.499845722069029
734,0.75,Milwaukee_b_sub77073,2.3994734681496332,2.470296892290422,2.4773998377092306,2.6682616986265892,2.6229771287847004
734,0.95,Milwaukee_b_sub77073,2.5503523017322913,2.6380436317771467,2.6230974017943063,2.8169928607338885,2.800121806129654
735,0.05,Milwaukee_b_sub84314,1.9801852269938092,2.0795071921048094,2.1374304484873083,2.3390837419206605,2.138648663759113
735,0.25,Milwaukee_b_sub84314,2.1400356724792644,2.2603486952141503,2.2719428284192307,2.4810201244593384,2.3194304531189607
735,0.5,Milwaukee_b_sub84314,2.251146040071189,2.3860497267335368,2.3654409724782695,2.5796786148416864,2.4450899782375592
735,0.75,Milwaukee_b_sub84314,2.3622564076631143,2.511750758252923,2.4589391165373082,2.6783371052240326,2.5707495033561574
735,0.95,Milwaukee_b_sub84314,2.522106853148569,2.692592261362265,2.5934514964692315,2.820273487762711,2.751531292716006
736,0.05,Milwaukee_b_sub87784,1.9801852269938092,2.0795071921048094,2.1374304484873083,2.3390837419206605,2.138648663759113
736,0.25,Milwaukee_b_sub87784,2.1400356724792644,2.2603486952141503,2.2719428284192307,2.4810201244593384,2.3194304531189607
736,0.5,Milwaukee_b_sub87784,2.251146040071189,2.3860497267335368,2.3654409724782695,2.5796786148416864,2.4450899782375592
736,0.75,Milwaukee_b_sub87784,2.3622564076631143,2.511750758252923,2.4589391165373082,2.6783371052240326,2.5707495033561574
736,0.95,Milwaukee_b_sub87784,2.522106853148569,2.692592261362265,2.5934514964692315,2.820273487762711,2.751531292716006
737,0.05,Milwaukee_b_sub87910,2.057570949909149,2.0796107402494304,2.1155966204473087,2.3298880625833136,2.184446730129539
737,0.25,Milwaukee_b_sub87910,2.20447159383592,2.2376969562203586,2.2715494266774923,2.4837744224698377,2.3611459569374627
737,0.5,Milwaukee_b_sub87910,2.3065806902267676,2.3475810263860835,2.379950586115016,2.5907392167339265,2.4839677356582732
737,0.75,Milwaukee_b_sub87910,2.4086897866176153,2.457465096551809,2.488351745552539,2.697704010998016,2.606789514379083
737,0.95,Milwaukee_b_sub87910,2.555590430544388,2.615551312522736,2.6443045517827235,2.851590370884538,2.7834887411870075
738,0.05,Milwaukee_b_sub91468,2.063585053772583,2.0807741443003303,2.1157006016197557,2.3309977690023764,2.189323252571339
738,0.25,Milwaukee_b_sub91468,2.209429178716849,2.2351635934386986,2.274327668622903,2.4867320247395326,2.3648928428595983
738,0.5,Milwaukee_b_sub91468,2.3108038998473863,2.3424780797636044,2.3845876786668048,2.5949812720222667,2.486929423087129
738,0.75,Milwaukee_b_sub91468,2.4121786209779232,2.4497925660885103,2.4948476887107067,2.703230519305001,2.6089660033146598
738,0.95,Milwaukee_b_sub91468,2.55802274592219,2.6041820152268778,2.6534747557138525,2.8589647750421574,2.78453559360292
739,0.05,Milwaukee_b_sub93170,1.9091156585532414,2.081430173083465,2.1214812692249168,2.3064066497101856,2.088437675384451
739,0.25,Milwaukee_b_sub93170,2.0858505773895955,2.269269000731889,2.2609901607680385,2.4438180393493547,2.288374876833033
739,0.5,Milwaukee_b_sub93170,2.2086971652649066,2.3998337991262217,2.3579613276273057,2.5393312546410476,2.427349127926215
739,0.75,Milwaukee_b_sub93170,2.3315437531402154,2.5303985975205547,2.454932494486573,2.6348444699327405,2.5663233790193978
739,0.95,Milwaukee_b_sub93170,2.5082786719765697,2.718237425168981,2.5944413860296947,2.7722558595719096,2.76626058046798
740,0.05,Milwaukee_b_sub98971,1.9326254112155588,2.0766810487206055,2.1324360338896047,2.3125929205674547,2.1165435011693767
740,0.25,Milwaukee_b_sub98971,2.103789991137738,2.2641971090477364,2.2674117797310176,2.4506767911636347,2.308544575317212
740,0.5,Milwaukee_b_sub98971,2.2227646948748094,2.3945375552633394,2.361232004572357,2.546657440913237,2.4420025075852303
740,0.75,Milwaukee_b_sub98971,2.3417393986118813,2.524878001478943,2.4550522294136963,2.64263809066284,2.575460439853249
740,0.95,Milwaukee_b_sub98971,2.5129039785340614,2.712394061806074,2.5900279752551083,2.7807219612590215,2.7674615140010834
741,0.05,Milwaukee_b_sub99479,1.9091156585532414,2.081430173083465,2.1214812692249168,2.3064066497101856,2.088437675384451
741,0.25,Milwaukee_b_sub99479,2.0858505773895955,2.269269000731889,2.2609901607680385,2.4438180393493547,2.288374876833033
741,0.5,Milwaukee_b_sub99479,2.2086971652649066,2.3998337991262217,2.3579613276273057,2.5393312546410476,2.427349127926215
741,0.75,Milwaukee_b_sub99479,2.3315437531402154,2.5303985975205547,2.454932494486573,2.6348444699327405,2.5663233790193978
741,0.95,Milwaukee_b_sub99479,2.5082786719765697,2.718237425168981,2.5944413860296947,2.7722558595719096,2.76626058046798
742,0.05,Munchen_sub09035,1.9282949678013221,2.106921289080041,1.8322149272668293,2.2667076961664314,2.018990835039352
742,0.25,Munchen_sub09035,2.1219398595220857,2.2874711904402636,2.0006683121157054,2.4056976714062723,2.251917969367029
742,0.5,Munchen_sub09035,2.2565403921389984,2.412969532643167,2.1177584926017268,2.50230814498732,2.4138231766918126
742,0.75,Munchen_sub09035,2.3911409247559097,2.5384678748460705,2.2348486730877464,2.5989186185683684,2.575728384016597
742,0.95,Munchen_sub09035,2.5847858164766757,2.719017776206294,2.4033020579366227,2.7379085938082097,2.8086555183442723
743,0.05,Munchen_sub26223,1.9893605994051993,2.0884821543169116,1.8915493897700217,2.2970545584097004,2.1166074847460363
743,0.25,Munchen_sub26223,2.166095518241554,2.2763209819653367,2.0310582813131437,2.4344659480488717,2.316544686194621
743,0.5,Munchen_sub26223,2.2889421061168638,2.40688578035967,2.1280294481724105,2.5299791633405633,2.455518937287804
743,0.75,Munchen_sub26223,2.411788693992174,2.537450578754003,2.225000615031678,2.6254923786322566,2.5944931883809863
743,0.95,Munchen_sub26223,2.588523612828528,2.7252894064024282,2.3645095065747994,2.7629037682714253,2.794430389829569
744,0.05,Munchen_sub26670,2.001199698136856,2.0859211338995087,1.8977227149316027,2.3005029049985835,2.131323370417299
744,0.25,Munchen_sub26670,2.175070514686169,2.273805708085554,2.0345757896541254,2.4381741497616067,2.3269889637516346
744,0.5,Munchen_sub26670,2.295926295110381,2.404402304418239,2.1297009261047966,2.5338679876236294,2.4629940648600233
744,0.75,Munchen_sub26670,2.4167820755345923,2.5349989007509244,2.224826062555468,2.629561825485653,2.598999165968412
744,0.95,Munchen_sub26670,2.5906528920839076,2.72288347493697,2.36167913727799,2.767233070248675,2.794664759302749
745,0.05,Munchen_sub28697,1.895604217628896,2.111592493225813,1.7685447209661476,2.2137458494183253,1.969275534969157
745,0.25,Munchen_sub28697,2.1004677762754835,2.2826218379069743,1.9684255486839892,2.355806941553001,2.231166380037995
745,0.5,Munchen_sub28697,2.242866286572307,2.401502541046828,2.107360614988376,2.4545521162671404,2.413203958827264
745,0.75,Munchen_sub28697,2.38526479686913,2.5203832441866822,2.246295681292763,2.5532972909812797,2.595241537616535
745,0.95,Munchen_sub28697,2.5901283555157186,2.691412588867842,2.446176509010604,2.695358383115957,2.857132382685373
746,0.05,Munchen_sub28902,1.9893605994051993,2.0884821543169116,1.8915493897700217,2.2970545584097004,2.1166074847460363
746,0.25,Munchen_sub28902,2.166095518241554,2.2763209819653367,2.0310582813131437,2.4344659480488717,2.316544686194621
746,0.5,Munchen_sub28902,2.2889421061168638,2.40688578035967,2.1280294481724105,2.5299791633405633,2.455518937287804
746,0.75,Munchen_sub28902,2.411788693992174,2.537450578754003,2.225000615031678,2.6254923786322566,2.5944931883809863
746,0.95,Munchen_sub28902,2.588523612828528,2.7252894064024282,2.3645095065747994,2.7629037682714253,2.794430389829569
747,0.05,Munchen_sub31272,1.8744926264247206,2.1252180754577177,1.7372439505861337,2.2218689684212243,1.9127942997985397
747,0.25,Munchen_sub31272,2.0828761393169595,2.2924285497264507,1.9495961312486754,2.3651380066550836,2.1852961431555546
747,0.5,Munchen_sub31272,2.2277213328804653,2.408654796108163,2.097199904142186,2.4647228120296423,2.374709315530045
747,0.75,Munchen_sub31272,2.3725665264439697,2.5248810424898753,2.2448036770356974,2.5643076174042023,2.5641224879045352
747,0.95,Munchen_sub31272,2.5809500393362086,2.692091516758606,2.457155857698238,2.707576655638061,2.8366243312615538
748,0.05,Munchen_sub36052,2.0198478107945532,2.0746658628292884,1.9054608340094217,2.2818838004207875,2.1728774918943548
748,0.25,Munchen_sub36052,2.1910123907167347,2.2621819231564193,2.040436579850834,2.419967671016969,2.3648785660421896
748,0.5,Munchen_sub36052,2.3099870944538057,2.392522369372022,2.1342568046921717,2.5159483207665723,2.498336498310208
748,0.75,Munchen_sub36052,2.428961798190877,2.522862815587625,2.2280770295335115,2.6119289705161752,2.631794430578226
748,0.95,Munchen_sub36052,2.6001263781130572,2.7103788759147562,2.363052775374924,2.750012841112356,2.8237955047260614
749,0.05,Munchen_sub50162,1.8886267589018562,2.12065966035058,1.7655880413914393,2.235102878264504,1.9411113536057676
749,0.25,Munchen_sub50162,2.0934903175484463,2.2916890050317407,1.965468869109279,2.3771639703991814,2.203002198674605
749,0.5,Munchen_sub50162,2.235888827845269,2.4105697081715944,2.104403935413666,2.475909145113321,2.3850397774638754
749,0.75,Munchen_sub50162,2.3782873381420924,2.5294504113114487,2.2433390017180534,2.574654319827461,2.567077356253146
749,0.95,Munchen_sub50162,2.5831508967886805,2.7004797559926086,2.4432198294358933,2.716715411962138,2.828968201321984
750,0.05,Munchen_sub64202,1.9722735017160602,2.0857065206582472,1.8772062707650954,2.266405955811769,2.1108765965698484
750,0.25,Munchen_sub64202,2.155244211937964,2.2720834970088815,2.024803818413826,2.4038272355725674,2.321477246412358
750,0.5,Munchen_sub64202,2.282425232982795,2.4016321779030787,2.127397325270266,2.4993473253840452,2.4678635486089853
750,0.75,Munchen_sub64202,2.4096062540276266,2.5311808587972755,2.229990832126706,2.594867415195522,2.6142498508056136
750,0.95,Munchen_sub64202,2.59257696424953,2.71755783514791,2.3775883797754367,2.7322886949563228,2.8248505006481217
751,0.05,Munchen_sub66933,1.9022687123585496,2.116039660879401,1.7908054074761797,2.246940779532059,1.9683897803189927
751,0.25,Munchen_sub66933,2.103448320633315,2.2905888402915675,1.9791403158773677,2.3878621480892894,2.220057656140626
751,0.5,Munchen_sub66933,2.2432861556767127,2.4119161436247287,2.1100499347983357,2.485815112902116,2.3949893562600635
751,0.75,Munchen_sub66933,2.38312399072011,2.53324344695789,2.2409595537193017,2.5837680777149408,2.5699210563795036
751,0.95,Munchen_sub66933,2.5843035989948753,2.7077926263700567,2.429294462120491,2.724689446272172,2.821588932201135
752,0.05,Munchen_sub70942,1.9282949678013221,2.106921289080041,1.8322149272668293,2.2667076961664314,2.018990835039352
752,0.25,Munchen_sub70942,2.1219398595220857,2.2874711904402636,2.0006683121157054,2.4056976714062723,2.251917969367029
752,0.5,Munchen_sub70942,2.2565403921389984,2.412969532643167,2.1177584926017268,2.50230814498732,2.4138231766918126
752,0.75,Munchen_sub70942,2.3911409247559097,2.5384678748460705,2.2348486730877464,2.5989186185683684,2.575728384016597
752,0.95,Munchen_sub70942,2.5847858164766757,2.719017776206294,2.4033020579366227,2.7379085938082097,2.8086555183442723
753,0.05,Munchen_sub72095,1.9224484341168826,2.10236700462353,1.8159287493618617,2.2360944743868423,2.0225755809414
753,0.25,Munchen_sub72095,2.1198627062538233,2.2801018181467634,1.9937591793565632,2.375980751227589,2.264548632121246
753,0.5,Munchen_sub72095,2.2570832956517024,2.4036434223285643,2.117367245544525,2.4732142346479122,2.432741561345074
753,0.75,Munchen_sub72095,2.394303885049583,2.527185026510366,2.2409753117324858,2.5704477180682352,2.6009344905689025
753,0.95,Munchen_sub72095,2.591718157186523,2.7049198400335985,2.4188057417271867,2.7103339949089826,2.8429075417487497
754,0.05,Munchen_sub74607,1.9893605994051993,2.0884821543169116,1.8915493897700217,2.2970545584097004,2.1166074847460363
754,0.25,Munchen_sub74607,2.166095518241554,2.2763209819653367,2.0310582813131437,2.4344659480488717,2.316544686194621
754,0.5,Munchen_sub74607,2.2889421061168638,2.40688578035967,2.1280294481724105,2.5299791633405633,2.455518937287804
754,0.75,Munchen_sub74607,2.411788693992174,2.537450578754003,2.225000615031678,2.6254923786322566,2.5944931883809863
754,0.95,Munchen_sub74607,2.588523612828528,2.7252894064024282,2.3645095065747994,2.7629037682714253,2.794430389829569
755,0.05,Munchen_sub81737,1.9722735017160602,2.0857065206582472,1.8772062707650954,2.266405955811769,2.1108765965698484
755,0.25,Munchen_sub81737,2.155244211937964,2.2720834970088815,2.024803818413826,2.4038272355725674,2.321477246412358
755,0.5,Munchen_sub81737,2.282425232982795,2.4016321779030787,2.127397325270266,2.4993473253840452,2.4678635486089853
755,0.75,Munchen_sub81737,2.4096062540276266,2.5311808587972755,2.229990832126706,2.594867415195522,2.6142498508056136
755,0.95,Munchen_sub81737,2.59257696424953,2.71755783514791,2.3775883797754367,2.7322886949563228,2.8248505006481217
756,0.05,Munchen_sub96752,2.0198478107945532,2.0746658628292884,1.9054608340094217,2.2818838004207875,2.1728774918943548
756,0.25,Munchen_sub96752,2.1910123907167347,2.2621819231564193,2.040436579850834,2.419967671016969,2.3648785660421896
756,0.5,Munchen_sub96752,2.3099870944538057,2.392522369372022,2.1342568046921717,2.5159483207665723,2.498336498310208
756,0.75,Munchen_sub96752,2.428961798190877,2.522862815587625,2.2280770295335115,2.6119289705161752,2.631794430578226
756,0.95,Munchen_sub96752,2.6001263781130572,2.7103788759147562,2.363052775374924,2.750012841112356,2.8237955047260614
757,0.05,NewYork_a_sub01912,2.0195920030553274,2.058354037584082,2.17980045946182,2.3916876008785444,2.2112255206889357
757,0.25,NewYork_a_sub01912,2.1696408021667373,2.2104161701781226,2.3271734540051674,2.5479244010806656,2.383388392328214
757,0.5,NewYork_a_sub01912,2.273938148197674,2.3161129631900197,2.4296108763539475,2.656522961748571,2.503056998164299
757,0.75,NewYork_a_sub01912,2.3782354942286106,2.421809756201917,2.532048298702726,2.765121522416476,2.6227256040003843
757,0.95,NewYork_a_sub01912,2.528284293340022,2.5738718887959564,2.679421293246075,2.9213583226185973,2.794888475639662
758,0.05,NewYork_a_sub02503,2.3447512459641526,2.1318921757998517,2.293774062923887,2.5426860564865557,2.6942160015274372
758,0.25,NewYork_a_sub02503,2.5631627697943267,2.3869964936636587,2.45576516091598,2.732139265200557,2.872710767888677
758,0.5,NewYork_a_sub02503,2.7149783285522875,2.5643168285933102,2.568363473606693,2.863826202936353,2.996780607315161
758,0.75,NewYork_a_sub02503,2.866793887310245,2.7416371635229604,2.680961786297406,2.995513140672149,3.1208504467416422
758,0.95,NewYork_a_sub02503,3.085205411140414,2.99674148138677,2.8429528842895,3.1849663493861495,3.2993452131028826
759,0.05,NewYork_a_sub04856,2.3459061756484942,2.1319296983197233,2.293810165908,2.542575753714209,2.6963022196495685
759,0.25,NewYork_a_sub04856,2.564640765520462,2.387754425389894,2.4558961964594137,2.7322011393594785,2.874542012419817
759,0.5,NewYork_a_sub04856,2.7166808840946373,2.5655755092007424,2.568560495776129,2.8640077554738106,2.998434622378247
759,0.75,NewYork_a_sub04856,2.868721002668813,2.7433965930115902,2.681224795092845,2.995814371588144,3.1223272323366777
759,0.95,NewYork_a_sub04856,3.087455592540784,2.999221320081759,2.8433108256442594,3.1854397572334134,3.300567025106927
760,0.05,NewYork_a_sub05208,2.0461276437806895,2.0598490685523525,2.2287854533321916,2.429776516695831,2.272411627181884
760,0.25,NewYork_a_sub05208,2.2036855670662416,2.2130902158320396,2.370750281910945,2.586989330545595,2.458295409483605
760,0.5,NewYork_a_sub05208,2.313202426528926,2.3196065295823414,2.4694285448373066,2.696266308060166,2.5875012763687306
760,0.75,NewYork_a_sub05208,2.4227192859916107,2.426122843332644,2.5681068077636695,2.805543285574736,2.7167071432538563
760,0.95,NewYork_a_sub05208,2.5802772092771638,2.5793639906123307,2.710071636342422,2.962756099424501,2.902590925555578
761,0.05,NewYork_a_sub07578,2.0741811298035784,2.067109493064231,2.2477158145867016,2.461404353430284,2.3013536075565
761,0.25,NewYork_a_sub07578,2.236490846490193,2.221883231936761,2.3910396693576152,2.6207980626259584,2.498350801562662
761,0.5,NewYork_a_sub07578,2.349310627692692,2.329464834024122,2.4906625771319764,2.731590957614689,2.6352814843275976
761,0.75,NewYork_a_sub07578,2.462130408895191,2.437046436111483,2.590285484906336,2.84238385260342,2.772212167092533
761,0.95,NewYork_a_sub07578,2.624440125581807,2.591820174984014,2.7336093396772494,3.0017775617990954,2.9692093610986943
762,0.05,NewYork_a_sub09539,2.069098706534455,2.0658205052086878,2.2450766278450054,2.456873280493461,2.2959183973825166
762,0.25,NewYork_a_sub09539,2.2305942292118734,2.220125786663,2.388075840535249,2.615850508962344,2.4913496343362453
762,0.5,NewYork_a_sub09539,2.3428480727006677,2.3273817689137597,2.4874730930053053,2.7263539125673724,2.6271918367832154
762,0.75,NewYork_a_sub09539,2.4551019161894616,2.4346377511645194,2.586870345475363,2.836857316172401,2.763034039230186
762,0.95,NewYork_a_sub09539,2.616597438866881,2.588943032618831,2.729869558165606,2.9958345446412826,2.958465276183916
763,0.05,NewYork_a_sub10011,2.036037815360695,2.041251207216833,2.138398324480274,2.3308855560816144,2.222236574729546
763,0.25,NewYork_a_sub10011,2.181715968642338,2.193467555196917,2.2965571067582937,2.487495404793287,2.395970478453003
763,0.5,NewYork_a_sub10011,2.282975324611471,2.2992715417057106,2.4064916170027524,2.5963532675663563,2.516731092208375
763,0.75,NewYork_a_sub10011,2.384234680580604,2.4050755282145038,2.516426127247211,2.7052111303394257,2.6374917059637477
763,0.95,NewYork_a_sub10011,2.529912833862247,2.5572918761945895,2.674584909525231,2.861820979051099,2.8112256096872024
764,0.05,NewYork_a_sub10582,2.0193010308865538,2.0471780496001912,2.1301425269755727,2.3463680641956977,2.1829971523465517
764,0.25,NewYork_a_sub10582,2.166753234864355,2.2068650819326026,2.2844880698746826,2.4994058076672885,2.359849415483167
764,0.5,NewYork_a_sub10582,2.2692457148600016,2.3178618627562906,2.39177203743332,2.605780737564588,2.482777568150473
764,0.75,NewYork_a_sub10582,2.371738194855648,2.4288586435799777,2.499056004991958,2.7121556674618863,2.6057057208177805
764,0.95,NewYork_a_sub10582,2.519190398833451,2.5885456759123886,2.6534015478910664,2.865193410933477,2.782557983954395
765,0.05,NewYork_a_sub13384,2.029401491523829,2.053367806025525,2.202739386829509,2.3931070987270853,2.2507545545545726
765,0.25,NewYork_a_sub13384,2.182384114026116,2.20618501455886,2.3465376711077996,2.5493260125399466,2.426439460723748
765,0.5,NewYork_a_sub13384,2.288720729915949,2.312406652934311,2.446490349855279,2.657912140566333,2.5485561958102694
765,0.75,NewYork_a_sub13384,2.3950573458057836,2.4186282913097625,2.5464430286027566,2.766498268592718,2.6706729308967914
765,0.95,NewYork_a_sub13384,2.5480399683080694,2.571445499843098,2.690241312881047,2.9227171824055804,2.8463578370659652
766,0.05,NewYork_a_sub15213,2.1306339482231813,2.0927366492816386,2.2666393951344803,2.5192472642652377,2.350623084407363
766,0.25,NewYork_a_sub15213,2.3031855682704085,2.258544284237708,2.414261076703385,2.6842008377103355,2.5568772576736976
766,0.5,NewYork_a_sub15213,2.4231243890463197,2.3737954317310264,2.5168713587945386,2.7988583360077306,2.7002423696031244
766,0.75,NewYork_a_sub15213,2.5430632098222308,2.489046579224344,2.619481640885692,2.9135158343051257,2.8436074815325507
766,0.95,NewYork_a_sub15213,2.7156148298694567,2.6548542141804146,2.7671033224545956,3.078469407750225,3.0498616547988857
767,0.05,NewYork_a_sub16607,2.0638073454133656,2.075314933221062,2.243021285515953,2.4797761140586316,2.2695442317703254
767,0.25,NewYork_a_sub16607,2.2255738083347696,2.2297669649442606,2.3861265677954853,2.6388907754518063,2.465513658719424
767,0.5,NewYork_a_sub16607,2.338015979544598,2.337124951767298,2.485597548124232,2.749489707240638,2.6017299513857752
767,0.75,NewYork_a_sub16607,2.450458150754426,2.444482938590336,2.585068528452978,2.8600886390294704,2.737946244052127
767,0.95,NewYork_a_sub16607,2.6122246136758305,2.5989349703135343,2.728173810732511,3.0192033004226433,2.933915671001227
768,0.05,NewYork_a_sub17078,2.021248311780292,2.0555643264167367,2.1646137305750823,2.3767036140540556,2.2046619341073392
768,0.25,NewYork_a_sub17078,2.169391043053605,2.2070862488238716,2.3155054651644584,2.5331759168441685,2.375965773694872
768,0.5,NewYork_a_sub17078,2.272363501327718,2.312407547402446,2.420388726802502,2.641938172890221,2.4950372753642913
768,0.75,NewYork_a_sub17078,2.375335959601833,2.4177288459810202,2.5252719884405455,2.750700428936273,2.61410877703371
768,0.95,NewYork_a_sub17078,2.5234786908751468,2.569250768388154,2.676163723029921,2.9071727317263862,2.7854126166212407
769,0.05,NewYork_a_sub18638,2.043792878871251,2.0701842625903066,2.2299654096388424,2.4577996780401272,2.248964179087215
769,0.25,NewYork_a_sub18638,2.202214072710867,2.223498745209217,2.3720316282910816,2.6153473788379347,2.4371535649489475
769,0.5,NewYork_a_sub18638,2.3123309824787097,2.330066033584419,2.470780366393795,2.724857132756636,2.567962032679483
769,0.75,NewYork_a_sub18638,2.4224478922465527,2.4366333219596203,2.5695291044965076,2.8343668866753373,2.6987705004100184
769,0.95,NewYork_a_sub18638,2.5808690860861687,2.589947804578531,2.711595323148745,2.9919145874731448,2.886959886271751
770,0.05,NewYork_a_sub19579,2.0240878210536044,2.0476298440873624,2.128448148127013,2.3459147120274184,2.185667725415885
770,0.25,NewYork_a_sub19579,2.1707888071539716,2.20510239543739,2.2849738555353,2.500121955036196,2.3622734235774514
770,0.5,NewYork_a_sub19579,2.2727591234843887,2.3145599137633686,2.3937732325711525,2.607309791792031,2.4850301915174304
770,0.75,NewYork_a_sub19579,2.3747294398148058,2.4240174320893475,2.502572609607005,2.7144976285478664,2.6077869594574095
770,0.95,NewYork_a_sub19579,2.521430425915175,2.5814899834393765,2.6590983170152924,2.8687048715566434,2.784392657618977
771,0.05,NewYork_a_sub20732,2.2802324059434977,2.125898236726357,2.289974504144433,2.545253268093453,2.5811327197586533
771,0.25,NewYork_a_sub20732,2.482170629680535,2.345344974234905,2.447158559752521,2.7259567314258226,2.772819463872001
771,0.5,NewYork_a_sub20732,2.622535770372771,2.4978800991597963,2.556415547715019,2.851561812944475,2.906058908630829
771,0.75,NewYork_a_sub20732,2.7629009110650076,2.6504152240846874,2.6656725356775164,2.9771668944631284,3.039298353389658
771,0.95,NewYork_a_sub20732,2.964839134802043,2.8698619615932346,2.8228565912856043,3.1578703577954967,3.2309850975030034
772,0.05,NewYork_a_sub21212,2.0196500004516174,2.059161163390264,2.1839761812551073,2.3961368345724576,2.213310766834388
772,0.25,NewYork_a_sub21212,2.1702737450898018,2.211390121004881,2.330487832460602,2.5523346456299176,2.3859686767805366
772,0.5,NewYork_a_sub21212,2.274970729724378,2.3172028723383424,2.4323265440919912,2.660906105352423,2.505981378550052
772,0.75,NewYork_a_sub21212,2.3796677143589546,2.4230156236718043,2.5341652557233805,2.769477565074928,2.625994080319567
772,0.95,NewYork_a_sub21212,2.530291458997139,2.5752445812864204,2.6806769069288743,2.9256753761323884,2.7986519902657148
773,0.05,NewYork_a_sub26267,2.1513853943967125,2.087291662158809,2.272872391179905,2.5028343245394,2.3976188575031743
773,0.25,NewYork_a_sub26267,2.3262740303389133,2.256509247677805,2.421392749124776,2.669064947669776,2.6041206320813792
773,0.5,NewYork_a_sub26267,2.4478372863447047,2.374130616032042,2.524627691736434,2.7846101098052882,2.747657849084987
773,0.75,NewYork_a_sub26267,2.5694005423504973,2.4917519843862785,2.6278626343480904,2.9001552719408017,2.891195066088596
773,0.95,NewYork_a_sub26267,2.7442891782926977,2.660969569905274,2.7763829922929633,3.066385895071176,3.0976968406668
774,0.05,NewYork_a_sub27123,2.0440065568789354,2.0702411517322115,2.2301415818308077,2.4580876361403097,2.24917969671818
774,0.25,NewYork_a_sub27123,2.2024661183221905,2.223560591880467,2.372214591988525,2.615651098574033,2.4374701465913677
774,0.5,NewYork_a_sub27123,2.312609697008791,2.3301313261823053,2.4709680507954426,2.7251718082404968,2.568348862855955
774,0.75,NewYork_a_sub27123,2.4227532756953907,2.4367020604841434,2.5697215096023593,2.8346925179069604,2.6992275791205427
774,0.95,NewYork_a_sub27123,2.5812128371386454,2.5900215006323997,2.711794519760078,2.9922559803406834,2.887518028993731
775,0.05,NewYork_a_sub28795,2.292751446550689,2.127608196749731,2.2909806981448004,2.545311318811319,2.6025295252574168
775,0.25,NewYork_a_sub28795,2.497661797003359,2.3533054589287117,2.4490326455608575,2.7275906678724886,2.791848138928573
775,0.5,NewYork_a_sub28795,2.640092831793674,2.5101852579748742,2.5588928960136195,2.8542911310278845,2.923441521062185
775,0.75,NewYork_a_sub28795,2.782523866583989,2.6670650570210364,2.668753146466381,2.9809915941832785,3.055034903195799
775,0.95,NewYork_a_sub28795,2.98743421703666,2.8927623192000174,2.8268050938824376,3.163270943244448,3.2443535168669535
776,0.05,NewYork_a_sub28808,2.0502765821767803,2.060985236467731,2.2325106600954023,2.435771371997144,2.2766300935391652
776,0.25,NewYork_a_sub28808,2.2086087257202296,2.2142888310390783,2.374561801551153,2.5932827602158444,2.464584273889588
776,0.5,NewYork_a_sub28808,2.318663737561475,2.320848551246651,2.473300059652768,2.702767273641781,2.5952292527368623
776,0.75,NewYork_a_sub28808,2.42871874940272,2.427408271454223,2.5720383177543824,2.8122517870677175,2.725874231584136
776,0.95,NewYork_a_sub28808,2.587050892946168,2.5807118660255703,2.7140894592101334,2.9697631752864178,2.913828411934559
777,0.05,NewYork_a_sub29216,2.021055449843143,2.061347942041731,2.1947376108313357,2.4083418875400397,2.219369041482811
777,0.25,NewYork_a_sub29216,2.1732541622448527,2.213992187382517,2.339297785097633,2.564520061934501,2.3938752273540267
777,0.5,NewYork_a_sub29216,2.279045890448139,2.3200936008574646,2.439780045582434,2.6730778724185713,2.5151726463279367
777,0.75,NewYork_a_sub29216,2.3848376186514266,2.4261950143324125,2.540262306067236,2.781635682902642,2.6364700653018467
777,0.95,NewYork_a_sub29216,2.537036331053135,2.5788392596731984,2.684822480333532,2.9378138572971024,2.8109762511730607
778,0.05,NewYork_a_sub29353,2.061504815899814,2.063894932855587,2.2406406665345995,2.4493088590629624,2.288007646967023
778,0.25,NewYork_a_sub29353,2.221763927145093,2.2176516402590094,2.383191238411962,2.6076776434484574,2.4807661482530494
778,0.5,NewYork_a_sub29353,2.33315835401917,2.32452631444234,2.4822766453598826,2.7177581239545923,2.614750560178306
778,0.75,NewYork_a_sub29353,2.444552780893247,2.4314009886256702,2.581362052307805,2.827838604460727,2.7487349721035623
778,0.95,NewYork_a_sub29353,2.6048118921385264,2.585157696029091,2.723912624185166,2.986207388846221,2.941493473389588
779,0.05,NewYork_a_sub29935,2.130356262448499,2.081752351840259,2.2677255631075637,2.4949721424184546,2.369123059084033
779,0.25,NewYork_a_sub29935,2.3016982429130985,2.245893744774797,2.4148667252073284,2.659262924416496,2.5750467338693492
779,0.5,NewYork_a_sub29935,2.4207962559060143,2.3599867049202645,2.517143003256835,2.7734597233326936,2.718182119772032
779,0.75,NewYork_a_sub29935,2.53989426889893,2.4740796650657315,2.6194192813063424,2.8876565222488915,2.8613175056747164
779,0.95,NewYork_a_sub29935,2.7112362493635285,2.63822105800027,2.7665604434061066,3.0519473042469336,3.0672411804600297
780,0.05,NewYork_a_sub30247,2.0457592868177032,2.059745118842174,2.228428611793889,2.4292106676938507,2.2720324722166305
780,0.25,NewYork_a_sub30247,2.203245773711936,2.2129829450212775,2.3703899428343327,2.586397595454646,2.4577242051447583
780,0.5,NewYork_a_sub30247,2.3127129784884866,2.319496950309408,2.4690657746585107,2.695656579820356,2.586796580525179
780,0.75,NewYork_a_sub30247,2.422180183265036,2.4260109555975387,2.5677416064826883,2.8049155641860657,2.7158689559055995
780,0.95,NewYork_a_sub30247,2.5796666701592685,2.5792487817766423,2.7097029375231307,2.962102491946859,2.9015606888337295
781,0.05,NewYork_a_sub30623,2.0359534259638092,2.056586240008284,2.2165288241176824,2.411355216246282,2.2610183484991895
781,0.25,NewYork_a_sub30623,2.1912333251815936,2.2097387084160105,2.358857112114657,2.5679039329714803,2.4411368771809547
781,0.5,NewYork_a_sub30623,2.2991667540145784,2.3161933824127834,2.4577880118694035,2.6767193035421153,2.5663353767607915
781,0.75,NewYork_a_sub30623,2.407100182847562,2.4226480564095567,2.5567189116241518,2.7855346741127507,2.6915338763406287
781,0.95,NewYork_a_sub30623,2.5623800820653475,2.5758005248172826,2.6990471996211256,2.942083390837948,2.871652405022392
782,0.05,NewYork_a_sub30860,2.030114980626243,2.045035096863076,2.15926665130982,2.3478684562792216,2.229756662352714
782,0.25,NewYork_a_sub30860,2.1773559015078443,2.196382413718223,2.312267296402116,2.5044917489068417,2.401181643475391
782,0.5,NewYork_a_sub30860,2.279701520839989,2.301582345809481,2.418616439605183,2.6133589564048405,2.520337349354937
782,0.75,NewYork_a_sub30860,2.3820471401721344,2.4067822779007377,2.52496558280825,2.72222616390284,2.6394930552344835
782,0.95,NewYork_a_sub30860,2.5292880610537356,2.5581295947558855,2.677966227900547,2.8788494565304608,2.810918036357159
783,0.05,NewYork_a_sub31671,2.24876837661181,2.1206344204711374,2.2868765056194134,2.5438770661908037,2.528595706438095
783,0.25,NewYork_a_sub31671,2.443651491186787,2.3256688070379576,2.441974878947719,2.720837967962986,2.7256946871389274
783,0.5,NewYork_a_sub31671,2.579112699518892,2.468186058029898,2.5497821310393984,2.843841634206098,2.8626961207674375
783,0.75,NewYork_a_sub31671,2.7145739078509967,2.6107033090218383,2.6575893831310777,2.9668453004492115,2.9996975543959477
783,0.95,NewYork_a_sub31671,2.9094570224259737,2.815737695588656,2.812687756459384,3.143806202221393,3.196796535096779
784,0.05,NewYork_a_sub33062,2.028091877434828,2.0466237348822447,2.16828106642756,2.3560087635288696,2.233102885660235
784,0.25,NewYork_a_sub33062,2.1763168028043087,2.198166152302683,2.3189970183458155,2.512468071780418,2.404415454792426
784,0.5,NewYork_a_sub33062,2.2793463933323315,2.3035016967499833,2.4237580952933806,2.6212212954590455,2.5234930242767524
784,0.75,NewYork_a_sub33062,2.3823759838603547,2.4088372411972836,2.528519172240946,2.7299745191376728,2.6425705937610786
784,0.95,NewYork_a_sub33062,2.5306009092298343,2.5603796586177223,2.6792351241592027,2.8864338273892214,2.8138831628932692
785,0.05,NewYork_a_sub33581,2.0146574796502215,2.0468811683412187,2.1321180800299,2.3470990917400236,2.180657105993598
785,0.25,NewYork_a_sub33581,2.162820063050994,2.208470450280614,2.2844401596871133,2.499118173355738,2.357596689863554
785,0.5,NewYork_a_sub33581,2.2658063203306287,2.320789464848736,2.390317639175398,2.60478504208427,2.480585538256482
785,0.75,NewYork_a_sub33581,2.3687925776102636,2.4331084794168576,2.496195118663683,2.7104519108128007,2.603574386649411
785,0.95,NewYork_a_sub33581,2.516955161011038,2.5946977613562545,2.6485171983208957,2.862470992428514,2.7805139705193653
786,0.05,NewYork_a_sub35262,2.028756198017913,2.0528979565840273,2.2005834155837167,2.3904575136250106,2.2493458924755663
786,0.25,NewYork_a_sub35262,2.1814002537504917,2.2056436915215265,2.3446941974731184,2.5466545587899243,2.4245008940765262
786,0.5,NewYork_a_sub35262,2.2875015354307626,2.311815649350373,2.4448640900315226,2.6552254861485536,2.546249298057157
786,0.75,NewYork_a_sub35262,2.393602817111033,2.41798760717922,2.545033982589927,2.7637964135071837,2.6679977020377867
786,0.95,NewYork_a_sub35262,2.546246872843611,2.5707333421167173,2.6891447644793285,2.919993458672096,2.843152703638747
787,0.05,NewYork_a_sub37864,2.0364634887871143,2.0407179940903024,2.1359149879944037,2.328974200747937,2.2210361508402108
787,0.25,NewYork_a_sub37864,2.182095473006493,2.1934075971095806,2.294495965869117,2.4854232185040646,2.3953215490076007
787,0.5,NewYork_a_sub37864,2.2833227373448275,2.2995405382309784,2.4047239398433877,2.5941692893672856,2.516465500764968
787,0.75,NewYork_a_sub37864,2.3845500016831616,2.405673479352376,2.5149519138176593,2.702915360230507,2.6376094525223355
787,0.95,NewYork_a_sub37864,2.530181985902541,2.558363082371653,2.673532891692373,2.8593643779866333,2.8118948506897246
788,0.05,NewYork_a_sub38088,2.1392742709142802,2.0950126473795283,2.268733718240217,2.522434393432543,2.36236435020811
788,0.25,NewYork_a_sub38088,2.313285397920024,2.2629222291750377,2.4169211326056463,2.6881861091175856,2.568828933827052
788,0.5,NewYork_a_sub38088,2.4342387066704374,2.379634417863952,2.519924649628299,2.8033983877122863,2.7123402997850645
788,0.75,NewYork_a_sub38088,2.5551920154208507,2.4963466065528666,2.622928166650953,2.9186106663069875,2.8558516657430757
788,0.95,NewYork_a_sub38088,2.7292031424265946,2.664256188348376,2.771115581016382,3.0843623819920296,3.0623162493620164
789,0.05,NewYork_a_sub41546,2.0457592868177032,2.059745118842174,2.228428611793889,2.4292106676938507,2.2720324722166305
789,0.25,NewYork_a_sub41546,2.203245773711936,2.2129829450212775,2.3703899428343327,2.586397595454646,2.4577242051447583
789,0.5,NewYork_a_sub41546,2.3127129784884866,2.319496950309408,2.4690657746585107,2.695656579820356,2.586796580525179
789,0.75,NewYork_a_sub41546,2.422180183265036,2.4260109555975387,2.5677416064826883,2.8049155641860657,2.7158689559055995
789,0.95,NewYork_a_sub41546,2.5796666701592685,2.5792487817766423,2.7097029375231307,2.962102491946859,2.9015606888337295
790,0.05,NewYork_a_sub44395,2.05581591706036,2.0732895564971425,2.238485248092523,2.472025511741127,2.261169515069211
790,0.25,NewYork_a_sub44395,2.2162872294705656,2.2271259863686357,2.381107768839657,2.6304961971003413,2.454411707788813
790,0.5,NewYork_a_sub44395,2.327829155148084,2.3340560748031183,2.4802431866921077,2.7406475079042187,2.588732328554917
790,0.75,NewYork_a_sub44395,2.4393710808256017,2.4409861632376004,2.5793786045445586,2.850798818708096,2.7230529493210205
790,0.95,NewYork_a_sub44395,2.599842393235809,2.594822593109095,2.722001125291694,3.0092695040673085,2.9162951420406222
791,0.05,NewYork_a_sub44515,2.0301618061306477,2.066096975455826,2.2153440493358323,2.4352382483128436,2.234346210931982
791,0.25,NewYork_a_sub44515,2.1857546709996,2.2192729350009284,2.357559038212374,2.5918577019160183,2.4151831463052256
791,0.5,NewYork_a_sub44515,2.293905638973245,2.3257439374408353,2.4564111849371817,2.7007222409484015,2.5408810028391744
791,0.75,NewYork_a_sub44515,2.4020566069468887,2.4322149398807418,2.555263331661989,2.8095867799807857,2.666578859373123
791,0.95,NewYork_a_sub44515,2.557649471815843,2.5853908994258434,2.697478320538531,2.9662062335839603,2.8474157947463676
792,0.05,NewYork_a_sub44979,2.157333710255642,2.0888436716948116,2.274188449583363,2.5047514475212993,2.405936599275573
792,0.25,NewYork_a_sub44979,2.3332492396213245,2.259630989265074,2.423091830985807,2.671541512157914,2.612404723318055
792,0.5,NewYork_a_sub44979,2.4555262784721648,2.3783434618993615,2.5265930091843485,2.787475536215053,2.755918550187325
792,0.75,NewYork_a_sub44979,2.577803317323005,2.497055934533649,2.6300941873828885,2.903409560272192,2.8994323770565957
792,0.95,NewYork_a_sub44979,2.7537188466886877,2.6678432521039115,2.7789975687853348,3.070199624908807,3.105900501099076
793,0.05,NewYork_a_sub45217,2.0287992315128407,2.05054762349662,2.136577939349514,2.353117858535189,2.1945611587246527
793,0.25,NewYork_a_sub45217,2.1745173602324197,2.2026038210121883,2.294508173492061,2.509774976321013,2.3680732714049935
793,0.5,NewYork_a_sub45217,2.2758045027090597,2.3082964886133075,2.4042838223253566,2.6186656953316025,2.48867972053321
793,0.75,NewYork_a_sub45217,2.3770916451857005,2.413989156214427,2.514059471158652,2.7275564143421938,2.6092861696614253
793,0.95,NewYork_a_sub45217,2.522809773905278,2.566045353729995,2.671989705301198,2.8842135321280176,2.7827982823417656
794,0.05,NewYork_a_sub46856,2.370432658689075,2.12308924080259,2.2971713397761744,2.5192631610718235,2.756427050805562
794,0.25,NewYork_a_sub46856,2.594212939484926,2.3902468274905178,2.460747581003484,2.7115817663065527,2.9307327234978664
794,0.5,NewYork_a_sub46856,2.7497602648836157,2.5759452631233923,2.574447710126524,2.845260411101705,3.051890767864794
794,0.75,NewYork_a_sub46856,2.9053075902823022,2.7616436987562674,2.688147839249565,2.978939055896857,3.1730488122317184
794,0.95,NewYork_a_sub46856,3.1290878710781564,3.0288012854441932,2.8517240804768735,3.1712576611315875,3.347354484924025
795,0.05,NewYork_a_sub47087,2.0301195234600846,2.066081578065298,2.2152830424402157,2.435150521177752,2.234294125882195
795,0.25,NewYork_a_sub47087,2.1857015395311663,2.219256817728419,2.357501610009062,2.5917674142700546,2.415105692052601
795,0.5,NewYork_a_sub47087,2.29384496661923,2.3257273197859134,2.4563562442453453,2.7006301735181943,2.5407859147198164
795,0.75,NewYork_a_sub47087,2.4019883937072937,2.4321978218434075,2.555210878481628,2.8094929327663345,2.6664661373870318
795,0.95,NewYork_a_sub47087,2.557570409778376,2.5853730615065276,2.697429446050474,2.966109825858637,2.8472777035574386
796,0.05,NewYork_a_sub47633,2.032946779217065,2.043296060220762,2.149346353952742,2.3395122300430873,2.2263308344333224
796,0.25,NewYork_a_sub47633,2.1792799008042096,2.194690140729665,2.304922235261789,2.4962650482639233,2.3984536509900076
796,0.5,NewYork_a_sub47633,2.28099451837092,2.2999225777460275,2.4130613981411235,2.605222287642853,2.518094414958418
796,0.75,NewYork_a_sub47633,2.3827091359376316,2.4051550147623897,2.521200561020459,2.714179527021782,2.637735178926828
796,0.95,NewYork_a_sub47633,2.5290422575247753,2.556549095271292,2.676776442329506,2.870932345242618,2.8098579954835103
797,0.05,NewYork_a_sub48830,2.0590218591190226,2.063261961830447,2.2390316115782603,2.446589877996854,2.2854686538828486
797,0.25,NewYork_a_sub48830,2.2188682908330546,2.2168809753240386,2.381449908315842,2.604764077217058,2.477258021084723
797,0.5,NewYork_a_sub48830,2.3299758684945737,2.3236599399152564,2.480443372201862,2.7147093036162824,2.61056879807572
797,0.75,NewYork_a_sub48830,2.4410834461560924,2.4304389045064747,2.5794368360878814,2.8246545300155073,2.743879575066717
797,0.95,NewYork_a_sub48830,2.600929877870124,2.5840579180000662,2.7218551328254628,2.982828729235711,2.9356689422685918
798,0.05,NewYork_a_sub50559,2.0473640619076052,2.0711235726259956,2.232772901599136,2.4624236228796925,2.252563720406045
798,0.25,NewYork_a_sub50559,2.206414740557041,2.2245410225514686,2.3749712004131127,2.62023822008961,2.442385961563433
798,0.5,NewYork_a_sub50559,2.3169691986119734,2.3311798824211842,2.473811746050535,2.729933490904235,2.5743294098789375
798,0.75,NewYork_a_sub50559,2.4275236566669056,2.4378187422909003,2.5726522916879575,2.8396287617188603,2.706272858194442
798,0.95,NewYork_a_sub50559,2.5865743353163415,2.5912361922163734,2.714850590501934,2.997443358928776,2.8960950993518306
799,0.05,NewYork_a_sub51309,2.030855850873907,2.0542638832531326,2.2067482081241137,2.3981721100946336,2.2535073705688515
799,0.25,NewYork_a_sub51309,2.184482377935388,2.2072023857658145,2.3500207047943116,2.554451007706314,2.4302872879144806
799,0.5,NewYork_a_sub51309,2.2912665651288187,2.3135083343137577,2.449607914091686,2.6630788298419406,2.553165153781487
799,0.75,NewYork_a_sub51309,2.398050752322248,2.4198142828617013,2.54919512338906,2.771706651977567,2.676043019648494
799,0.95,NewYork_a_sub51309,2.551677279383729,2.572752785374382,2.6924676200592597,2.9279855495892475,2.8528229369941234
800,0.05,NewYork_a_sub51677,2.0368038038624814,2.0569068327396605,2.2178124798545737,2.4131806492207453,2.2620949835643422
800,0.25,NewYork_a_sub51677,2.192309991811789,2.2100768506782,2.3600567604994405,2.569779863877236,2.4427301665390124
800,0.5,NewYork_a_sub51677,2.300400711567954,2.316543723169721,2.4589292676250967,2.678630335030116,2.5682877870973897
800,0.75,NewYork_a_sub51677,2.4084914313241206,2.423010595661242,2.5578017747507547,2.7874808061829963,2.693845407655766
800,0.95,NewYork_a_sub51677,2.5639976192734286,2.5761806135997816,2.70004605539562,2.944080020839489,2.8744805906304367
801,0.05,NewYork_a_sub53710,2.0288110779103357,2.0459911039376864,2.164713815514556,2.352720891782675,2.231738026597656
801,0.25,NewYork_a_sub53710,2.176631072668415,2.1974382938626715,2.316320581484829,2.509245900490659,2.4030371588912476
801,0.5,NewYork_a_sub53710,2.2793792001767668,2.3027076466769576,2.4217008539340084,2.61804479186726,2.5221053885700355
801,0.75,NewYork_a_sub53710,2.382127327685119,2.4079769994912437,2.5270811263831874,2.7268436832438607,2.641173618248824
801,0.95,NewYork_a_sub53710,2.529947322443196,2.5594241894162284,2.6786878923534596,2.883368691951844,2.8124727505424154
802,0.05,NewYork_a_sub54541,2.4083552286522205,2.1211930777282677,2.297081820121293,2.513213719575136,2.827157120809997
802,0.25,NewYork_a_sub54541,2.643987098425146,2.415467372975895,2.464227293809454,2.7118929247434576,2.992659916893233
802,0.5,NewYork_a_sub54541,2.8077723389812936,2.620014348234677,2.5804083589695623,2.8499927558204523,3.107699174084252
802,0.75,NewYork_a_sub54541,2.97155757953744,2.824561323493459,2.69658942412967,2.9880925868974457,3.222738431275272
802,0.95,NewYork_a_sub54541,3.207189449310366,3.1188356187410857,2.8637348978178325,3.1867717920657657,3.3882412273585087
803,0.05,NewYork_a_sub54696,2.0197415803298124,2.0576543772522755,2.1760959846359293,2.387864650231862,2.2094858622016127
803,0.25,NewYork_a_sub54696,2.169297915835126,2.209571196211834,2.324275450959241,2.5441474788346747,2.3813060992973756
803,0.5,NewYork_a_sub54696,2.273252955580128,2.315166983240956,2.4272734433812055,2.6527780333609945,2.500736543457003
803,0.75,NewYork_a_sub54696,2.377207995325131,2.4207627702700782,2.53027143580317,2.7614085878873142,2.6201669876166283
803,0.95,NewYork_a_sub54696,2.5267643308304457,2.5726795892296366,2.678450902126481,2.9176914164901255,2.791987224712391
804,0.05,NewYork_a_sub54887,2.0312671316943955,2.0544891787860524,2.2077351252523574,2.3994477142210995,2.254212756301215
804,0.25,NewYork_a_sub54887,2.185055094760013,2.2074549241182764,2.3508897707145873,2.555745508385053,2.4312851500015458
804,0.5,NewYork_a_sub54887,2.291951494426218,2.313779808864267,2.4503950628737345,2.664386465315912,2.5543663131141994
804,0.75,NewYork_a_sub54887,2.398847894092423,2.420104693610258,2.5499003550328827,2.773027422246771,2.6774474762268534
804,0.95,NewYork_a_sub54887,2.552635857158041,2.573070438942483,2.6930550004951117,2.929325216410725,2.8545198699271825
805,0.05,NewYork_a_sub55656,2.0473640619076052,2.0711235726259956,2.232772901599136,2.4624236228796925,2.252563720406045
805,0.25,NewYork_a_sub55656,2.206414740557041,2.2245410225514686,2.3749712004131127,2.62023822008961,2.442385961563433
805,0.5,NewYork_a_sub55656,2.3169691986119734,2.3311798824211842,2.473811746050535,2.729933490904235,2.5743294098789375
805,0.75,NewYork_a_sub55656,2.4275236566669056,2.4378187422909003,2.5726522916879575,2.8396287617188603,2.706272858194442
805,0.95,NewYork_a_sub55656,2.5865743353163415,2.5912361922163734,2.714850590501934,2.997443358928776,2.8960950993518306
806,0.05,NewYork_a_sub58313,2.1338743215688214,2.0935914266447275,2.2674409828794535,2.5204777111952623,2.35499751019222
806,0.25,NewYork_a_sub58313,2.3069708130633506,2.260172563189789,2.415275645309646,2.6857294718096583,2.5613530983450583
806,0.5,NewYork_a_sub58313,2.427288368265784,2.37596136352245,2.518033968162999,2.800594236880013,2.7047887026981043
806,0.75,NewYork_a_sub58313,2.547605923468216,2.491750163855112,2.6207922910163512,2.915459001950369,2.84822430705115
806,0.95,NewYork_a_sub58313,2.720702414962747,2.658331300400172,2.768626953446546,3.080710762564764,3.054579895203989
807,0.05,NewYork_a_sub58451,2.029471413321153,2.0498133344778466,2.1330828469523073,2.350427340284099,2.1929381407767154
807,0.25,NewYork_a_sub58451,2.175103988793439,2.2024738914904662,2.2916461066554135,2.506886945129846,2.3671932474341766
807,0.5,NewYork_a_sub58451,2.276331664105468,2.3085866430373727,2.4018617649144898,2.615640374967988,2.488316143880795
807,0.75,NewYork_a_sub58451,2.377559339417495,2.4146993945842787,2.5120774231735656,2.7243938048061307,2.6094390403274135
807,0.95,NewYork_a_sub58451,2.5231919148897823,2.5673599515968997,2.670640682876672,2.8808534096518765,2.7836941469848737
808,0.05,NewYork_a_sub59589,2.17501162523783,2.1042117252738746,2.2761482644853057,2.5328420780173557,2.4133415570711327
808,0.25,NewYork_a_sub59589,2.3553092766612322,2.2821131603646228,2.426613644100788,2.7020071252927216,2.618883305441577
808,0.5,NewYork_a_sub59589,2.4806322825795224,2.405770581449899,2.531200550869564,2.8195919748650153,2.7617532183002504
808,0.75,NewYork_a_sub59589,2.6059552884978125,2.5294280025351745,2.6357874576383415,2.937176824437309,2.9046231311589237
808,0.95,NewYork_a_sub59589,2.786252939921213,2.707329437625922,2.7862528372538238,3.1063418717126754,3.110164879529367
809,0.05,NewYork_a_sub61001,2.205568032593102,2.111565728385148,2.281235162882293,2.538885193222069,2.4596159767218815
809,0.25,NewYork_a_sub61001,2.3916137948179577,2.299628271212391,2.433606086531387,2.7111383429812164,2.6625371537899842
809,0.5,NewYork_a_sub61001,2.520932252248247,2.4303485716804216,2.5395175169659825,2.8308697001912737,2.803585535030027
809,0.75,NewYork_a_sub61001,2.650250709678537,2.5610688721484522,2.6454289474005774,2.9506010574013297,2.944633916270069
809,0.95,NewYork_a_sub61001,2.8362964719033927,2.749131414975696,2.797799871049673,3.1228542071604766,3.1475550933381715
810,0.05,NewYork_a_sub61241,2.1623171619530543,2.0901360880249644,2.275249488841132,2.5062647226333037,2.4129869916616546
810,0.25,NewYork_a_sub61241,2.339101710746647,2.2622827802604397,2.424471664137727,2.673527359249387,2.6193666632933774
810,0.5,NewYork_a_sub61241,2.461982795884542,2.3819401399626865,2.528194432627477,2.7897898631314835,2.762819007819924
810,0.75,NewYork_a_sub61241,2.5848638810224376,2.501597499664934,2.6319172011172287,2.9060523670135794,2.906271352346472
810,0.95,NewYork_a_sub61241,2.76164842981603,2.6737441919004072,2.7811393764138237,3.0733150036296624,3.1126510239781933
811,0.05,NewYork_a_sub63280,2.029826345135441,2.065973999864427,2.2148558002798637,2.434537678066926,2.233930802200953
811,0.25,NewYork_a_sub63280,2.185332533084751,2.2191440178029653,2.3571000809247304,2.5911368927234166,2.4145659851756225
811,0.5,NewYork_a_sub63280,2.2934232528409164,2.325610890294487,2.4559725880503875,2.6999873638762972,2.540123605734
811,0.75,NewYork_a_sub63280,2.401513972597083,2.4320777627860086,2.5548450951760437,2.8088378350291774,2.6656812262923775
811,0.95,NewYork_a_sub63280,2.557020160546391,2.585247780724548,2.697089375820911,2.965437049685669,2.8463164092670485
812,0.05,NewYork_a_sub64439,2.032998738125294,2.038836127915881,2.131042665646539,2.3246173574830005,2.2151378291606427
812,0.25,NewYork_a_sub64439,2.1793770422656897,2.1952652136796122,2.2884529484307192,2.4793605622445383,2.3915142680429557
812,0.5,NewYork_a_sub64439,2.281123065751135,2.303997430024035,2.397867184529864,2.586920940391695,2.514111680263191
812,0.75,NewYork_a_sub64439,2.3828690892365803,2.4127296463684575,2.507281420629009,2.6944813185388514,2.6367090924834264
812,0.95,NewYork_a_sub64439,2.5292473933769757,2.5691587321321876,2.664691703413188,2.8492245233003892,2.81308553136574
813,0.05,NewYork_a_sub66085,2.0380585854111666,2.068606335775646,2.224757195794178,2.4494390502996772,2.243120471279491
813,0.25,NewYork_a_sub66085,2.1954032557104517,2.2218384943656417,2.36671404385558,2.6065754791890723,2.428431205129224
813,0.5,NewYork_a_sub66085,2.3047718852597185,2.328348560172044,2.4653867596080588,2.7157993623190806,2.5572387520474895
813,0.75,NewYork_a_sub66085,2.414140514808984,2.434858625978446,2.564059475360539,2.8250232454490884,2.6860462989657545
813,0.95,NewYork_a_sub66085,2.571485185108269,2.588090784568442,2.7060163234219408,2.982159674338483,2.871357032815489
814,0.05,NewYork_a_sub66794,2.047711753012419,2.0602897029182707,2.2302684726180515,2.4321444149236924,2.2740315518462486
814,0.25,NewYork_a_sub66794,2.2055713902530276,2.2135489389174454,2.3722567962273304,2.5894697648370695,2.4607258617052707
814,0.5,NewYork_a_sub66794,2.3152979679204506,2.3200778259468864,2.4709513903029148,2.698824964988789,2.5904951177918565
814,0.75,NewYork_a_sub66794,2.4250245455878736,2.4266067129763274,2.5696459843784982,2.808180165140509,2.720264373878442
814,0.95,NewYork_a_sub66794,2.5828841828284816,2.579865948975501,2.711634307987778,2.965505515053885,2.9069586837374652
815,0.05,NewYork_a_sub66941,2.1755132653818268,2.104337099969452,2.276240163066065,2.532960567085765,2.4140824942967956
815,0.25,NewYork_a_sub66941,2.355902316316606,2.282393338828434,2.426736992211087,2.702174943201978,2.6195934199636013
815,0.5,NewYork_a_sub66941,2.48128885307634,2.4061583623888922,2.5313457592178947,2.8197940807340123,2.7624419082843503
815,0.75,NewYork_a_sub66941,2.6066753898360733,2.52992338594935,2.6359545262247046,2.9374132182660464,2.9052903966051002
815,0.95,NewYork_a_sub66941,2.7870644407708514,2.707979624808333,2.786451355369726,3.10662759438226,3.1108013222719064
816,0.05,NewYork_a_sub70566,2.0392411535547175,2.0577616422728386,2.221159454327685,2.4180545819878447,2.2650097068201926
816,0.25,NewYork_a_sub70566,2.195348456278076,2.210963850930622,2.3632335507396145,2.5748045268880557,2.447088261855059
816,0.5,NewYork_a_sub70566,2.303857004607112,2.317453098853362,2.461987764590438,2.683759769051964,2.5736491551893925
816,0.75,NewYork_a_sub70566,2.412365552936147,2.4239423467761023,2.560741978441262,2.792715011215873,2.700210048523726
816,0.95,NewYork_a_sub70566,2.568472855659506,2.5771445554338848,2.702816074853191,2.949464956116083,2.8822886035585906
817,0.05,NewYork_a_sub70752,2.1589059856306014,2.0892522647385903,2.2745271826169424,2.505237804856792,2.4081530529894546
817,0.25,NewYork_a_sub70752,2.335094819280928,2.260464125856296,2.4235313413243564,2.672176577828858,2.6145990633901457
817,0.5,NewYork_a_sub70752,2.457561829072663,2.379471694256327,2.527102568770281,2.7882139674898014,2.7580975192990107
817,0.75,NewYork_a_sub70752,2.580028838864398,2.498479262656359,2.6306737962162043,2.904251357150745,2.901595975207876
817,0.95,NewYork_a_sub70752,2.756217672514724,2.669691123774065,2.779677954923618,3.071190130122809,3.1080419856085664
818,0.05,NewYork_a_sub73490,2.2421278327243153,2.119365545644608,2.2861168218973256,2.543352962260124,2.5177450479386985
818,0.25,NewYork_a_sub73490,2.4355922896657276,2.3215851769513773,2.440788516506505,2.719560232557688,2.715872704963302
818,0.5,NewYork_a_sub73490,2.5700674039605347,2.4621459210929575,2.5482991886970043,2.8420400574694895,2.853589160712145
818,0.75,NewYork_a_sub73490,2.704542518255344,2.6027066652345376,2.6558098608875014,2.964519882381292,2.9913056164609886
818,0.95,NewYork_a_sub73490,2.898006975196754,2.804926296541306,2.810481555496681,3.1407271526788536,3.1894332734855904
819,0.05,NewYork_a_sub80566,2.0277264444863428,2.065156134709487,2.2115497961002286,2.4298834206995936,2.2312026001454903
819,0.25,NewYork_a_sub80566,2.1826544008579614,2.218275524461583,2.3540303712101447,2.5863602436506974,2.4105463758899273
819,0.5,NewYork_a_sub80566,2.290343197910974,2.3247072058318716,2.453067124139383,2.695125641613231,2.53520635283132
819,0.75,NewYork_a_sub80566,2.3980319949639846,2.4311388872021604,2.5521038770686215,2.803891039575764,2.6598663297727123
819,0.95,NewYork_a_sub80566,2.5529599513356063,2.5842582769542566,2.694584452178538,2.960367862526868,2.8392101055171497
820,0.05,NewYork_a_sub82228,2.022165195087345,2.0547973311782055,2.1602758009775855,2.372738608380222,2.203023864032158
820,0.25,NewYork_a_sub82228,2.169822830934751,2.2062112388503805,2.3122581487314076,2.5292909236148287,2.3743396839665314
820,0.5,NewYork_a_sub82228,2.2724581044676775,2.3114574575199174,2.4178994841379295,2.6381087954716005,2.493419513049348
820,0.75,NewYork_a_sub82228,2.3750933780006043,2.416703676189454,2.5235408195444515,2.7469266673283723,2.6124993421321663
820,0.95,NewYork_a_sub82228,2.522751013848011,2.5681175838616284,2.6755231672982753,2.9034789825629796,2.783815162066539
821,0.05,NewYork_a_sub82716,2.026945046746446,2.0509211221648105,2.191099242416564,2.3793743132083236,2.2436975816043785
821,0.25,NewYork_a_sub82716,2.1781628042630525,2.203315509181287,2.33680674880563,2.5355493302923287,2.4169696373331284
821,0.5,NewYork_a_sub82716,2.283272681017357,2.3092432487563848,2.4380865078117755,2.6441049461630266,2.537409225392842
821,0.75,NewYork_a_sub82716,2.388382557771662,2.415170988331483,2.539366266817921,2.7526605620337246,2.657848813452556
821,0.95,NewYork_a_sub82716,2.53960031528827,2.567565375347958,2.6850737732069856,2.90883557911773,2.831120869181307
822,0.05,NewYork_a_sub82754,2.052292450195732,2.0615202495140523,2.2341533348920684,2.438461492908,2.2786626718151286
822,0.25,NewYork_a_sub82754,2.2109848641770102,2.214873342922016,2.376271220584223,2.5961220673423355,2.46756253582427
822,0.5,NewYork_a_sub82754,2.3212902962198267,2.3214674692516066,2.475055871904318,2.7057102785415785,2.598864849461113
822,0.75,NewYork_a_sub82754,2.431595728262643,2.4280615955811955,2.573840523224412,2.8152984897408215,2.730167163097956
822,0.95,NewYork_a_sub82754,2.590288142243921,2.58141468898916,2.715958408916568,2.972959064175158,2.919067027107098
823,0.05,NewYork_a_sub83782,2.029055085627735,2.065683801099213,2.2136945160056185,2.4328852492472253,2.232955843008415
823,0.25,NewYork_a_sub83782,2.1843564586249333,2.2188380607772324,2.3560143643668967,2.589438613425022,2.413122776099607
823,0.5,NewYork_a_sub83782,2.292304813656696,2.325293979867194,2.454939397819415,2.6982572143911994,2.538354921076604
823,0.75,NewYork_a_sub83782,2.4002531686884576,2.4317498989571553,2.553864431271934,2.8070758153573765,2.6635870660536014
823,0.95,NewYork_a_sub83782,2.5555545416856553,2.5849041586351746,2.696184279633213,2.9636291795351735,2.843753999144794
824,0.05,NewYork_a_sub83978,2.030503684609919,2.066220415906456,2.215831847958128,2.435941668116557,2.2347645273001855
824,0.25,NewYork_a_sub83978,2.1861834854746447,2.2194018976299654,2.3580190645276207,2.592581923483158,2.41580596875621
824,0.5,NewYork_a_sub83978,2.2943948817468645,2.325876738478149,2.4568519070131707,2.701460921603058,2.5416459753227314
824,0.75,NewYork_a_sub83978,2.402606278019085,2.432351579326332,2.555684749498721,2.8103399197229573,2.6674859818892522
824,0.95,NewYork_a_sub83978,2.5582860788838118,2.585533061049842,2.697871966068214,2.9669801750895584,2.848527423345277
825,0.05,NewYork_a_sub84224,2.031508030091729,2.0546167313538795,2.208290174409294,2.4001702525892954,2.254614419511138
825,0.25,NewYork_a_sub84224,2.1853873003047553,2.2075973027585345,2.3513806319114106,2.5564794303185647,2.431855427185456
825,0.5,NewYork_a_sub84224,2.2923471666111785,2.3139324929519227,2.450841307692908,2.6651282998462444,2.5550537921024223
825,0.75,NewYork_a_sub84224,2.399307032917602,2.420267683145312,2.550301983474406,2.773777169373924,2.678252157019389
825,0.95,NewYork_a_sub84224,2.5531863031306266,2.573248254549964,2.6933924409765235,2.930086347103192,2.8554931646937076
826,0.05,NewYork_a_sub84978,2.235265460698167,2.107498395039876,2.287367696471623,2.5206281078097703,2.5235757719942877
826,0.25,NewYork_a_sub84978,2.425846027635231,2.3040957357356726,2.4411607555395656,2.6953013358540625,2.723700901577665
826,0.5,NewYork_a_sub84978,2.5583165802442407,2.4407484846596184,2.5480606973835216,2.816714864089962,2.8628057795457034
826,0.75,NewYork_a_sub84978,2.6907871328532504,2.577401233583565,2.654960639227479,2.938128392325862,3.00191065751374
826,0.95,NewYork_a_sub84978,2.881367699790314,2.7739985742793603,2.808753698295418,3.1128016203701545,3.2020357870971172
827,0.05,NewYork_a_sub87217,2.029401491523829,2.053367806025525,2.202739386829509,2.3931070987270853,2.2507545545545726
827,0.25,NewYork_a_sub87217,2.182384114026116,2.20618501455886,2.3465376711077996,2.5493260125399466,2.426439460723748
827,0.5,NewYork_a_sub87217,2.288720729915949,2.312406652934311,2.446490349855279,2.657912140566333,2.5485561958102694
827,0.75,NewYork_a_sub87217,2.3950573458057836,2.4186282913097625,2.5464430286027566,2.766498268592718,2.6706729308967914
827,0.95,NewYork_a_sub87217,2.5480399683080694,2.571445499843098,2.690241312881047,2.9227171824055804,2.8463578370659652
828,0.05,NewYork_a_sub88286,2.1630062925567892,2.090314173029868,2.2753933577437313,2.5064675660974864,2.413967688172152
828,0.25,NewYork_a_sub88286,2.3399116530124466,2.262651999938584,2.424659476338911,2.673795836953476,2.6203309592447086
828,0.5,NewYork_a_sub88286,2.462876713069152,2.3824422153469196,2.528412789354477,2.7901039625071316,2.7637719039146442
828,0.75,NewYork_a_sub88286,2.585841773125857,2.5022324307552553,2.6321661023700447,2.9064120880607884,2.9072128485845816
828,0.95,NewYork_a_sub88286,2.7627471335815144,2.6745702576639703,2.781432220965224,3.0737403589167767,3.1135761196571394
829,0.05,NewYork_a_sub91196,2.3482217633023486,2.1319967091587855,2.2938790585137596,2.542347778785802,2.700491406390454
829,0.25,NewYork_a_sub91196,2.567607365186856,2.389275138076988,2.456156550442365,2.7323202115963703,2.8782184334359298
829,0.5,NewYork_a_sub91196,2.720099995380879,2.5681066747909442,2.568953932553657,2.86436805655427,3.001754625318732
829,0.75,NewYork_a_sub91196,2.872592625574903,2.7469382115049,2.6817513146649485,2.99641590151217,3.1252908172015355
829,0.95,NewYork_a_sub91196,3.0919782274594105,3.0042166404231017,2.844028806593553,3.186388334322739,3.303017844247012
830,0.05,NewYork_a_sub91953,2.0210009764466568,2.0377801251746943,2.135351499562186,2.325851146196893,2.208508250601803
830,0.25,NewYork_a_sub91953,2.1692603147200504,2.1996169265502123,2.2874058327402067,2.477737394506566,2.385455285070342
830,0.5,NewYork_a_sub91953,2.2723138252965436,2.3121079892815404,2.3930972044598575,2.583311932197683,2.5084493122961793
830,0.75,NewYork_a_sub91953,2.3753673358730363,2.424599052012869,2.498788576179508,2.688886469888801,2.6314433395220167
830,0.95,NewYork_a_sub91953,2.5236266741464304,2.5864358533883864,2.65084290935753,2.840772718198473,2.808390373990556
831,0.05,NewYork_a_sub93262,2.0569084942258353,2.0627201635094288,2.237587678923207,2.444164493238486,2.2833220644258745
831,0.25,NewYork_a_sub93262,2.2163989380829077,2.216238729168819,2.379901226461607,2.6021750718387406,2.474246573129455
831,0.5,NewYork_a_sub93262,2.3272590723198867,2.3229478735243276,2.4788218802782485,2.712006567261658,2.606956196051917
831,0.75,NewYork_a_sub93262,2.4381192065568666,2.429657017879837,2.5777425340948885,2.821838062684575,2.73966581897438
831,0.95,NewYork_a_sub93262,2.597609650413939,2.5831755835392265,2.7200560816332895,2.979848641284829,2.930590327677959
832,0.05,NewYork_a_sub93975,2.233760676695423,2.1071820312899248,2.287172045059565,2.5204563384116985,2.5211709640906546
832,0.25,NewYork_a_sub93975,2.4240334140373583,2.3031876434668273,2.4408702825887545,2.694965625611457,2.721500616616376
832,0.5,NewYork_a_sub93975,2.556289997524377,2.4394290881053884,2.547704314975941,2.816265200286301,2.860747656335892
832,0.75,NewYork_a_sub93975,2.6885465810113955,2.5756705327439504,2.6545383473631277,2.937564774961146,2.9999946960554085
832,0.95,NewYork_a_sub93975,2.8788193183533295,2.7716761449208533,2.8082365848923168,3.1120740621609055,3.2003243485811312
833,0.05,NewYork_a_sub94169,2.040452708474834,2.0581575925517472,2.22267242069626,2.420314127047733,2.2663811433776733
833,0.25,NewYork_a_sub94169,2.196837368017585,2.211367819682973,2.36469392112093,2.577141887327802,2.449159968074349
833,0.5,NewYork_a_sub94169,2.305538704161899,2.3178626411624768,2.4634115760528195,2.6861512181458522,2.576207611503755
833,0.75,NewYork_a_sub94169,2.4142400403062143,2.424357462641981,2.5621292309847084,2.795160548963902,2.7032552549331608
833,0.95,NewYork_a_sub94169,2.570624699848964,2.5775676897732054,2.704150731409378,2.95198830924397,2.886034079629836
834,0.05,NewYork_a_sub94945,2.0349233128151325,2.0561787869255506,2.214874598287512,2.409037111996947,2.2596634144325187
834,0.25,NewYork_a_sub94945,2.189914924289431,2.2093046758368855,2.3573256798789664,2.565526344558653,2.4391447304949065
834,0.5,NewYork_a_sub94945,2.2976479673364776,2.3157408747045745,2.4563419321729523,2.6743003683113193,2.563900310268307
834,0.75,NewYork_a_sub94945,2.405381010383523,2.422177073572264,2.5553581844669377,2.783074392063986,2.688655890041708
834,0.95,NewYork_a_sub94945,2.56037262185782,2.575302962483597,2.697809266058393,2.9395636246256918,2.8681372061040955
835,0.05,NewYork_a_sub95971,2.0248064020861576,2.0638263202027427,2.20595010078132,2.4223343348195376,2.2269006736162424
835,0.25,NewYork_a_sub95971,2.1787875431607366,2.2168229301601112,2.3489710455684985,2.5786568102563714,2.4043325274732514
835,0.5,NewYork_a_sub95971,2.2858182188342515,2.323169268583225,2.448383403791133,2.6873149228810678,2.5276635475695506
835,0.75,NewYork_a_sub95971,2.3928488945077664,2.4295156070063384,2.5477957620137675,2.795973035505764,2.6509945676658493
835,0.95,NewYork_a_sub95971,2.546830035582345,2.582512216963707,2.690816706800945,2.952295510942599,2.828426421522858
836,0.05,NewYork_a_sub97008,2.044873793497512,2.07047103905803,2.2308453386441203,2.4592409866472584,2.2500539170655713
836,0.25,NewYork_a_sub97008,2.203488076942875,2.2238121459640348,2.372947482851345,2.616868702779,2.438750093191965
836,0.5,NewYork_a_sub97008,2.313739201269879,2.330397940601869,2.471721192430417,2.7264340745168414,2.569910825518496
836,0.75,NewYork_a_sub97008,2.423990325596883,2.4369837352397026,2.5704949020094885,2.8359994462546827,2.7010715578450264
836,0.95,NewYork_a_sub97008,2.5826046090422445,2.5903248421457072,2.712597046216712,2.993627162386425,2.8897677339714223
837,0.05,NewYork_a_sub98061,2.337862235375057,2.1316125535338366,2.2935347821965824,2.5432970278575464,2.6818162345479126
837,0.25,NewYork_a_sub98061,2.5543689895316746,2.382483242211292,2.454967180954803,2.731735694492681,2.861820740634068
837,0.5,NewYork_a_sub98061,2.704860562873364,2.556860825910474,2.5671771476696237,2.8627174346734865,2.986939984303963
837,0.75,NewYork_a_sub98061,2.8553521362150542,2.731238409609655,2.679387114384444,2.9936991748542927,3.112059227973857
837,0.95,NewYork_a_sub98061,3.071858890371668,2.9821090982871072,2.8408195131426637,3.1821378414894275,3.2920637340600116
838,0.05,NewYork_a_sub98076,2.0480706309290455,2.0713070338344957,2.233296600900441,2.463293936731691,2.253276689572358
838,0.25,NewYork_a_sub98076,2.2072432707926657,2.224750030862015,2.375525147937194,2.6211621574997683,2.4434081419303215
838,0.5,NewYork_a_sub98076,2.317882502808025,2.331406648254336,2.4743867187969206,2.730894701487081,2.5755665197072664
838,0.75,NewYork_a_sub98076,2.4285217348233847,2.4380632656466568,2.5732482896566466,2.8406272454743946,2.707724897484212
838,0.95,NewYork_a_sub98076,2.587694374687005,2.591506262674176,2.7154768366933997,2.998495466242471,2.897856349842174
839,0.05,NewYork_a_sub98802,2.0799050393006837,2.079423015030304,2.250505624540944,2.4926355949763783,2.2873016238208437
839,0.25,NewYork_a_sub98802,2.244231912675667,2.2356866778942606,2.3946823908261954,2.6530949048543557,2.487539929832721
839,0.5,NewYork_a_sub98802,2.3584537983293257,2.3443039105165786,2.4948981484458823,2.764628487697645,2.6267234755488227
839,0.75,NewYork_a_sub98802,2.4726756839829847,2.452921143138897,2.5951139060655692,2.8761620705409343,2.7659070212649244
839,0.95,NewYork_a_sub98802,2.6370025573579676,2.6091848060028537,2.7392906723508204,3.036621380418912,2.966145327276802
840,0.05,NewYork_a_ADHD_sub03951,2.035843768160958,2.0768390478846093,2.106637493712552,2.3471447261572553,2.1992410996878586
840,0.25,NewYork_a_ADHD_sub03951,2.1823833597547844,2.2281836445182446,2.2615719623938575,2.5038760939534126,2.371129873837569
840,0.5,NewYork_a_ADHD_sub03951,2.2842414924569674,2.3333816858120677,2.369265286085006,2.612818423367195,2.4906079573843396
840,0.75,NewYork_a_ADHD_sub03951,2.3860996251591504,2.438579727105891,2.476958609776155,2.721760752780977,2.6100860409311104
840,0.95,NewYork_a_ADHD_sub03951,2.532639216752976,2.589924323739527,2.631893078457458,2.878492120577134,2.7819748150808215
841,0.05,NewYork_a_ADHD_sub08595,2.0536398901594444,2.094015251857404,2.1870835981792895,2.4409838144518043,2.2484084552027426
841,0.25,NewYork_a_ADHD_sub08595,2.2119214407868326,2.247313037921386,2.3291266095923753,2.5984747426849375,2.436228631595143
841,0.5,NewYork_a_ADHD_sub08595,2.321941286022918,2.3538687206964286,2.42785921658663,2.707945034589561,2.5667804656970934
841,0.75,NewYork_a_ADHD_sub08595,2.431961131259003,2.4604244034714715,2.5265918235808837,2.8174153264941846,2.6973322997990428
841,0.95,NewYork_a_ADHD_sub08595,2.590242681886391,2.6137221895354537,2.6686348349939704,2.9749062547273173,2.8851524761914447
842,0.05,NewYork_a_ADHD_sub12486,2.039627769194991,2.0744049810674783,2.093446256279078,2.3366656198319555,2.194402336281497
842,0.25,NewYork_a_ADHD_sub12486,2.1853135359388927,2.226585169768074,2.2515582723909677,2.4932865312138137,2.368088065035436
842,0.5,NewYork_a_ADHD_sub12486,2.2865781839457657,2.3323640223410576,2.361460275963994,2.6021520835328675,2.4888151928749234
842,0.75,NewYork_a_ADHD_sub12486,2.387842831952638,2.4381428749140412,2.4713622795370194,2.711017635851921,2.6095423207144113
842,0.95,NewYork_a_ADHD_sub12486,2.5335285986965395,2.590323063614637,2.629474295648909,2.8676385472337813,2.78322804946835
843,0.05,NewYork_a_ADHD_sub14299,2.053207686703378,2.082857943904397,2.182906329020929,2.4083129904202774,2.2689336132925733
843,0.25,NewYork_a_ADHD_sub14299,2.2100545649997034,2.2360771967044197,2.3248750126248012,2.5652819320835123,2.4529164552177565
843,0.5,NewYork_a_ADHD_sub14299,2.3190771845502787,2.3425782918316127,2.4235559551386787,2.674389396599802,2.5808009983907936
843,0.75,NewYork_a_ADHD_sub14299,2.4280998041008535,2.449079386958806,2.5222368976525558,2.7834968611160913,2.708685541563832
843,0.95,NewYork_a_ADHD_sub14299,2.5849466823971787,2.6022986397588292,2.6642055812564274,2.9404658027793253,2.8926683834890135
844,0.05,NewYork_a_ADHD_sub14465,2.03326800155475,2.071507637767336,2.0866479143251837,2.330230870072612,2.1850350070788567
844,0.25,NewYork_a_ADHD_sub14465,2.1801993877258004,2.2296865444283505,2.2425116018156466,2.4840684904544035,2.36174629392321
844,0.5,NewYork_a_ADHD_sub14465,2.2823298527281124,2.3396350429202952,2.3508508157521772,2.5909994064001043,2.484576455448815
844,0.75,NewYork_a_ADHD_sub14465,2.384460317730425,2.4495835414122396,2.459190029688707,2.697930322345805,2.6074066169744192
844,0.95,NewYork_a_ADHD_sub14465,2.531391703901474,2.6077624480732555,2.6150537171791695,2.8517679427275975,2.784117903818773
845,0.05,NewYork_a_ADHD_sub15758,2.0307102247860676,2.0809644658874706,2.1299300590814445,2.3681685496280314,2.2079683742423586
845,0.25,NewYork_a_ADHD_sub15758,2.1797627919563656,2.232733753951191,2.279004665780761,2.5245098053899593,2.3795206498033354
845,0.5,NewYork_a_ADHD_sub15758,2.2833676676169645,2.3382269938024303,2.3826248608867533,2.633180972021594,2.498764836711441
845,0.75,NewYork_a_ADHD_sub15758,2.3869725432775635,2.4437202336536705,2.4862450559927454,2.7418521386532295,2.618009023619546
845,0.95,NewYork_a_ADHD_sub15758,2.5360251104478615,2.5954895217173894,2.635319662692061,2.898193394415158,2.7895612991805243
846,0.05,NewYork_a_ADHD_sub17109,2.035885758145387,2.071823465526358,2.085951063593451,2.330159259435619,2.186659315694607
846,0.25,NewYork_a_ADHD_sub17109,2.18239250237471,2.2286770140868972,2.243017354580335,2.484686176432048,2.36314114481061
846,0.5,NewYork_a_ADHD_sub17109,2.2842278032184455,2.3377042700681456,2.3521924855901566,2.5920962152228535,2.4858118126765847
846,0.75,NewYork_a_ADHD_sub17109,2.3860631040621803,2.446731526049394,2.461367616599978,2.699506254013658,2.608482480542559
846,0.95,NewYork_a_ADHD_sub17109,2.5325698482915033,2.6035850746099323,2.618433907586861,2.854033171010088,2.784964309658562
847,0.05,NewYork_a_ADHD_sub20676,2.024495304045037,2.0708772203285513,2.0902244969563544,2.331472454324579,2.180495459095337
847,0.25,NewYork_a_ADHD_sub20676,2.1727772495646205,2.232771491068387,2.242216580871088,2.483327858960366,2.357444145581629
847,0.5,NewYork_a_ADHD_sub20676,2.275846474200755,2.345302500151914,2.347864683780913,2.5888809575373615,2.480439321107675
847,0.75,NewYork_a_ADHD_sub20676,2.3789156988368902,2.4578335092354413,2.453512786690738,2.6944340561143565,2.6034344966337226
847,0.95,NewYork_a_ADHD_sub20676,2.527197644356473,2.619727779975276,2.605504870605471,2.846289460750143,2.7803831831200148
848,0.05,NewYork_a_ADHD_sub20691,2.0382739642464514,2.089163904939016,2.1691919961977124,2.413952131238011,2.2313284999591145
848,0.25,NewYork_a_ADHD_sub20691,2.193180735470396,2.2422810815273775,2.3116825780101555,2.570424881882023,2.410626753540405
848,0.5,NewYork_a_ADHD_sub20691,2.3008548069495203,2.3487112245507737,2.410726286493335,2.6791874492266214,2.53525508850379
848,0.75,NewYork_a_ADHD_sub20691,2.4085288784286445,2.45514136757417,2.5097699949765153,2.78795001657122,2.659883423467174
848,0.95,NewYork_a_ADHD_sub20691,2.563435649652589,2.6082585441625317,2.6522605767889575,2.944422767215232,2.839181677048465
849,0.05,NewYork_a_ADHD_sub22349,2.039014890936046,2.089464036295316,2.1704185657826742,2.415658990804665,2.232321781072013
849,0.25,NewYork_a_ADHD_sub22349,2.1941342596512685,2.2426022834406383,2.312813051064534,2.5721739185399493,2.412082588205817
849,0.5,NewYork_a_ADHD_sub22349,2.3019561054161217,2.3490470723871173,2.411789963857499,2.6809658027381897,2.5370324392906873
849,0.75,NewYork_a_ADHD_sub22349,2.4097779511809754,2.4554918613335963,2.5107668766504636,2.789757686936431,2.661982290375558
849,0.95,NewYork_a_ADHD_sub22349,2.5648973198961986,2.60863010847892,2.653161361932322,2.946272614671714,2.8417430975093594
850,0.05,NewYork_a_ADHD_sub22608,2.060271500900037,2.084855127087184,2.189745887014906,2.4191482425614828,2.2762231527820656
850,0.25,NewYork_a_ADHD_sub22608,2.2184901041106024,2.2381460589016102,2.3317792344122856,2.576613890172766,2.46387625047798
850,0.5,NewYork_a_ADHD_sub22608,2.3284661952576644,2.3446969773596957,2.430505124050612,2.6860666097823738,2.5943119499309026
850,0.75,NewYork_a_ADHD_sub22608,2.438442286404726,2.4512478958177812,2.5292310136889395,2.795519329391981,2.7247476493838256
850,0.95,NewYork_a_ADHD_sub22608,2.596660889615291,2.6045388276322057,2.671264361086319,2.952984977003265,2.9124007470797397
851,0.05,NewYork_a_ADHD_sub23844,2.0848010262392647,2.0911471443439202,2.205480760596466,2.445642947253524,2.3015780251839053
851,0.25,NewYork_a_ADHD_sub23844,2.2471107429258796,2.2459208832164506,2.3488046153673796,2.605036656449199,2.4985752191900668
851,0.5,NewYork_a_ADHD_sub23844,2.359930524128379,2.3535024853038116,2.4484275231417403,2.71582955143793,2.6355059019550016
851,0.75,NewYork_a_ADHD_sub23844,2.472750305330878,2.461084087391172,2.5480504309161,2.82662244642666,2.772436584719937
851,0.95,NewYork_a_ADHD_sub23844,2.635060022017493,2.6158578262637024,2.6913742856870133,2.986016155622334,2.9694337787260983
852,0.05,NewYork_a_ADHD_sub24528,2.036483038635905,2.071914938607444,2.085866381954056,2.3301976635023016,2.1870815282340317
852,0.25,NewYork_a_ADHD_sub24528,2.182888525391861,2.228435058995189,2.2432049065409077,2.4848947035463262,2.363482073127411
852,0.5,NewYork_a_ADHD_sub24528,2.2846534432281964,2.3372305525516768,2.3525692642699383,2.5924229930826734,2.486096241183032
852,0.75,NewYork_a_ADHD_sub24528,2.386418361064532,2.4460260461081655,2.461933621998969,2.699951282619022,2.608710409238653
852,0.95,NewYork_a_ADHD_sub24528,2.5328238478204876,2.6025461664959106,2.61927214658582,2.854648322663045,2.7851109541320334
853,0.05,NewYork_a_ADHD_sub31554,2.0542623009442207,2.083172155111065,2.18404518027311,2.410076353791649,2.270052714617731
853,0.25,NewYork_a_ADHD_sub31554,2.211327265905633,2.2363960551776425,2.3260032100105548,2.5671167590010984,2.454614710738925
853,0.5,NewYork_a_ADHD_sub31554,2.320501475209063,2.34290038057106,2.4246767471336534,2.676273897078605,2.5829018179174352
853,0.75,NewYork_a_ADHD_sub31554,2.4296756845124925,2.4494047059644783,2.523350284256753,2.7854310351561113,2.711188925095946
853,0.95,NewYork_a_ADHD_sub31554,2.5867406494739065,2.6026286060310544,2.6653083139941973,2.9424714403655603,2.8957509212171386
854,0.05,NewYork_a_ADHD_sub48803,2.036719701078531,2.0763243982791297,2.103723752332585,2.344757846674908,2.1982429424201264
854,0.25,NewYork_a_ADHD_sub48803,2.1830186426108447,2.2277304433801572,2.2594101348170934,2.5015132421635697,2.370410671152253
854,0.5,NewYork_a_ADHD_sub48803,2.2847095019800423,2.3329711968589795,2.367626105904172,2.6104722729743255,2.4900826531026206
854,0.75,NewYork_a_ADHD_sub48803,2.3864003613492404,2.438211950337802,2.4758420769912517,2.7194313037850817,2.6097546350529877
854,0.95,NewYork_a_ADHD_sub48803,2.5326993028815545,2.5896179954388288,2.631528459475758,2.876186699273744,2.7819223637851143
855,0.05,NewYork_a_ADHD_sub53461,2.036123883234133,2.0882087795739093,2.1651942046434356,2.408528042530599,2.228224024350688
855,0.25,NewYork_a_ADHD_sub53461,2.1903512951540414,2.2412419395456316,2.308056245254554,2.5648852870875505,2.406129135147084
855,0.5,NewYork_a_ADHD_sub53461,2.297553151108403,2.347613683500259,2.407358150851547,2.6735675673628605,2.5297891111767936
855,0.75,NewYork_a_ADHD_sub53461,2.4047550070627652,2.4539854274548865,2.5066600564485397,2.78224984763817,2.653449087206503
855,0.95,NewYork_a_ADHD_sub53461,2.558982418982675,2.607018587426609,2.6495220970596574,2.9386070921951215,2.8313541980028996
856,0.05,NewYork_a_ADHD_sub54828,2.039950324837491,2.0740635202607587,2.0918130102573054,2.335409348132318,2.1936510575670365
856,0.25,NewYork_a_ADHD_sub54828,2.1855943360483057,2.226520297483049,2.2502249020117735,2.491940821590636,2.367681634214588
856,0.5,NewYork_a_ADHD_sub54828,2.286829960222206,2.3324914038356446,2.360335345997823,2.60074420654737,2.488648462206966
856,0.75,NewYork_a_ADHD_sub54828,2.3880655843961067,2.4384625101882396,2.470445789983873,2.7095475915041045,2.6096152901993444
856,0.95,NewYork_a_ADHD_sub54828,2.533709595606922,2.5909192874105287,2.6288576817383422,2.866079064962423,2.7836458668468946
857,0.05,NewYork_a_ADHD_sub56734,2.021942622258438,2.0614336531085757,2.097279796274063,2.3118317284730856,2.203952072780925
857,0.25,NewYork_a_ADHD_sub56734,2.1716898384875667,2.2267945144448746,2.2455096810060224,2.4618304166145424,2.3809892451134846
857,0.5,NewYork_a_ADHD_sub56734,2.2757775574210743,2.341735114282397,2.3485427187348744,2.5660929310359997,2.504045926222926
857,0.75,NewYork_a_ADHD_sub56734,2.379865276354582,2.45667571411992,2.451575756463727,2.670355445457458,2.6271026073323682
857,0.95,NewYork_a_ADHD_sub56734,2.5296124925837113,2.6220365754562174,2.5998056411956862,2.820354133598914,2.8041397796649297
858,0.05,NewYork_a_ADHD_sub59796,2.03237286706467,2.0791618465682355,2.119895495563947,2.3586565057284363,2.203938376849745
858,0.25,NewYork_a_ADHD_sub59796,2.1802343379293356,2.2306180518859904,2.2714080720965857,2.5151746104606465,2.375235363709801
858,0.5,NewYork_a_ADHD_sub59796,2.28301129504423,2.335893671205206,2.37672287445585,2.62396870295612,2.494302102120248
858,0.75,NewYork_a_ADHD_sub59796,2.385788252159126,2.4411692905244213,2.4820376768151142,2.732762795451593,2.613368840530694
858,0.95,NewYork_a_ADHD_sub59796,2.5336497230237907,2.5926254958421766,2.6335502533477535,2.889280900183803,2.7846658273907505
859,0.05,NewYork_a_ADHD_sub63915,2.0383667105208363,2.0723002779824284,2.085977768967705,2.3306005612811664,2.1886673520272546
859,0.25,NewYork_a_ADHD_sub63915,2.1844345068592963,2.2276242689804957,2.2441545459998187,2.4858925609616973,2.3646770796624117
859,0.5,NewYork_a_ADHD_sub63915,2.285964699629296,2.3355883455473667,2.354101564209056,2.593834400699383,2.4870195947420854
859,0.75,NewYork_a_ADHD_sub63915,2.3874948923992965,2.443552422114238,2.464048582418293,2.70177624043707,2.609362109821759
859,0.95,NewYork_a_ADHD_sub63915,2.5335626887377556,2.5988764131123054,2.622225359450407,2.8570682401176,2.7853718374569154
860,0.05,NewYork_a_ADHD_sub69779,2.03961429756469,2.074417272642785,2.093506695851677,2.3367121445152756,2.1944287280086012
860,0.25,NewYork_a_ADHD_sub69779,2.185302056663057,2.2265885547450055,2.2516067887740014,2.4933357478806952,2.3681024296456803
860,0.5,NewYork_a_ADHD_sub69779,2.2865680895346165,2.332361216434902,2.361500504663054,2.6022031713692777,2.48882119756242
860,0.75,NewYork_a_ADHD_sub69779,2.387834122406175,2.4381338781247983,2.4713942205521064,2.71107059485786,2.609539965479159
860,0.95,NewYork_a_ADHD_sub69779,2.5335218815045426,2.5903051602270186,2.6294943134744315,2.867694198223279,2.783213667116237
861,0.05,NewYork_a_ADHD_sub73035,2.039595863672457,2.0896910584127406,2.171337090552738,2.416950838915703,2.2330785847632058
861,0.25,NewYork_a_ADHD_sub73035,2.194875762890243,2.242843526820466,2.313665378549712,2.573499555640902,2.41319711344497
861,0.5,NewYork_a_ADHD_sub73035,2.302809191723227,2.3492982008172394,2.412596278304459,2.682314926211537,2.5383956130248064
861,0.75,NewYork_a_ADHD_sub73035,2.4107426205562112,2.4557528748140127,2.5115271780592057,2.7911302967821716,2.6635941126046436
861,0.95,NewYork_a_ADHD_sub73035,2.566022519773997,2.608905343221738,2.653855466056181,2.94767901350737,2.843712641286409
862,0.05,NewYork_a_ADHD_sub77203,2.0392173610808055,2.074744266685164,2.0951502081284543,2.337979972110381,2.1951172925935927
862,0.25,NewYork_a_ADHD_sub77203,2.1849693488290836,2.2267023145818388,2.2529088165931648,2.4946635664838315,2.3684813811707106
862,0.5,NewYork_a_ADHD_sub77203,2.2862800263613443,2.3323267594125983,2.362565170218401,2.6035726890927022,2.4889849402977653
862,0.75,NewYork_a_ADHD_sub77203,2.387590703893604,2.4379512042433578,2.472221523843637,2.7124818117015734,2.6094884994248204
862,0.95,NewYork_a_ADHD_sub77203,2.533342691641882,2.589909252140032,2.6299801323083463,2.869165406075024,2.782852588001939
863,0.05,NewYork_a_ADHD_sub77903,2.0457987353149782,2.0917942674832535,2.1794691196794544,2.4289313290012986,2.240306374930549
863,0.25,NewYork_a_ADHD_sub77903,2.202554582440896,2.245011813479248,2.3214448885694994,2.5858713485450617,2.424049214013793
863,0.5,NewYork_a_ADHD_sub77903,2.3115139271799707,2.3515117222248687,2.420130755991461,2.694958709599542,2.5517669337293802
863,0.75,NewYork_a_ADHD_sub77903,2.420473271919046,2.4580116309704882,2.518816623413423,2.804046070654023,2.6794846534449674
863,0.95,NewYork_a_ADHD_sub77903,2.577229119044964,2.611229176966484,2.660792392303466,2.9609860901977867,2.8632274925282113
864,0.05,NewYork_a_ADHD_sub84371,2.0370793330230144,2.076113091602638,2.1025382439810034,2.343799933311097,2.197833520628341
864,0.25,NewYork_a_ADHD_sub84371,2.1832869511377595,2.227557890685532,2.2585269379745925,2.500560336137353,2.370131619372771
864,0.5,NewYork_a_ADHD_sub84371,2.2849143325575203,2.3328255816505643,2.3669530426199437,2.6095228474959375,2.4898942201509153
864,0.75,NewYork_a_ADHD_sub84371,2.3865417139772815,2.4380932726155966,2.4753791472652944,2.7184853588545215,2.6096568209290605
864,0.95,NewYork_a_ADHD_sub84371,2.5327493320920262,2.5895380716984913,2.631367841258883,2.8752457616807776,2.7819549196734887
865,0.05,Newark_sub13411,2.147575853494087,2.0994719304793166,2.0369259886973383,2.32784983394602,2.3992220051019046
865,0.25,Newark_sub13411,2.306346925194343,2.2528378180980746,2.179060393993286,2.4855437597582695,2.5883260629197857
865,0.5,Newark_sub13411,2.4167070313923857,2.359440837549359,2.277856527916662,2.5951551531503956,2.7197703095307912
865,0.75,Newark_sub13411,2.5270671375904286,2.4660438570006424,2.3766526618400374,2.704766546542521,2.851214556141797
865,0.95,Newark_sub13411,2.685838209290683,2.6194097446194027,2.518787067135985,2.86246047235477,3.0403186139596787
866,0.05,Newark_sub32580,2.137767987458608,2.0853533932985413,2.0219072172446566,2.2788084589327746,2.4092921818932744
866,0.25,Newark_sub32580,2.293047886676393,2.238505861706268,2.164235505241631,2.4353571756579737,2.589410710575039
866,0.5,Newark_sub32580,2.4009813155093775,2.3449605357030414,2.2631664049963782,2.5441725462286087,2.714609210154876
866,0.75,Newark_sub32580,2.5089147443423623,2.4514152096998147,2.3620973047511256,2.6529879167992436,2.839807709734712
866,0.95,Newark_sub32580,2.6641946435601467,2.604567678107541,2.5044255927480994,2.8095366335244414,3.0199262384164762
867,0.05,Newark_sub36023,2.1656219069081644,2.1040820865113194,2.048399678642926,2.3472293567451255,2.417818065164408
867,0.25,Newark_sub36023,2.3273883698295696,2.2585341182345178,2.191504960922459,2.5063440181382983,2.6137874921135085
867,0.5,Newark_sub36023,2.439830541039397,2.365892105057556,2.290975941251206,2.616942949927131,2.75000378477986
867,0.75,Newark_sub36023,2.5522727122492253,2.473250091880594,2.390446921579952,2.727541881715963,2.886220077446211
867,0.95,Newark_sub36023,2.7140391751706288,2.6277021236037927,2.5335522038594855,2.8866565431091367,3.0821895043953105
868,0.05,Newark_sub41006,2.1557993624480063,2.101591194241143,2.042718313408043,2.337536403143973,2.4075607446049503
868,0.25,Newark_sub41006,2.3159687483434555,2.255316014353282,2.185239228322687,2.49586246412391,2.6001116985658537
868,0.5,Newark_sub41006,2.4273008080682157,2.362168524014985,2.284304021026968,2.605913248039073,2.7339518465228925
868,0.75,Newark_sub41006,2.5386328677929755,2.469021033676688,2.383368813731249,2.715964031954236,2.8677919944799317
868,0.95,Newark_sub41006,2.6988022536884255,2.6227458537888255,2.525889728645893,2.874290092934173,3.060342948440836
869,0.05,Newark_sub43517,2.1627768211750444,2.092524027116378,2.0456749929827516,2.316179374297791,2.4357249259683385
869,0.25,Newark_sub43517,2.322946207070493,2.246248847228515,2.188195907897397,2.47450543527773,2.6282758799292427
869,0.5,Newark_sub43517,2.4342782667952534,2.3531013568902184,2.287260700601678,2.584556219192892,2.762116027886282
869,0.75,Newark_sub43517,2.5456103265200127,2.459953866551922,2.3863254933059586,2.694607003108055,2.8959561758433208
869,0.95,Newark_sub43517,2.7057797124154606,2.6136786866640582,2.5288464082206032,2.852933064087992,3.088507129804225
870,0.05,Newark_sub46570,2.1291713542912905,2.080304239850401,1.9471735397404493,2.2246396427745427,2.3448340114458817
870,0.25,Newark_sub46570,2.2751690597658185,2.231890493758187,2.10390591256944,2.381395995459356,2.517505892487752
870,0.5,Newark_sub46570,2.376650533111655,2.3372565084879335,2.2128489405710012,2.490355691607116,2.6375283054193264
870,0.75,Newark_sub46570,2.478132006457492,2.44262252321768,2.3217919685725614,2.5993153877548743,2.757550718350901
870,0.95,Newark_sub46570,2.624129711932019,2.594208777125465,2.4785243414015525,2.7560717404396877,2.9302225993927724
871,0.05,Newark_sub49705,2.147757461626253,2.088564163678193,2.033985469746707,2.296946710787246,2.4204954360000057
871,0.25,Newark_sub49705,2.305279621603511,2.241803606743303,2.1759484452552256,2.4541465280962615,2.6062830676872193
871,0.5,Newark_sub49705,2.4147716223658087,2.348318735911935,2.2746254201319083,2.5634144718517113,2.7354221012889606
871,0.75,Newark_sub49705,2.524263623128106,2.454833865080566,2.3733023950085914,2.6726824156071602,2.864561134890702
871,0.95,Newark_sub49705,2.681785783105364,2.6080733081456784,2.5152653705171093,2.829882232916176,3.050348766577915
872,0.05,Newark_sub53422,2.140780002899216,2.0976313308029586,2.0310287901719977,2.3183037396334267,2.392331254636616
872,0.25,Newark_sub53422,2.2983021628764733,2.25087077386807,2.172991765680515,2.4755035569424435,2.57811888632383
872,0.5,Newark_sub53422,2.407794163638771,2.3573859030367013,2.2716687405571987,2.584771500697892,2.7072579199255715
872,0.75,Newark_sub53422,2.5172861644010682,2.463901032205332,2.370345715433882,2.6940394444533413,2.836396953527312
872,0.95,Newark_sub53422,2.674808324378326,2.617140475270445,2.512308690942399,2.8512392617623576,3.0221845852145264
873,0.05,Newark_sub54933,2.137767987458608,2.0853533932985413,2.0219072172446566,2.2788084589327746,2.4092921818932744
873,0.25,Newark_sub54933,2.293047886676393,2.238505861706268,2.164235505241631,2.4353571756579737,2.589410710575039
873,0.5,Newark_sub54933,2.4009813155093775,2.3449605357030414,2.2631664049963782,2.5441725462286087,2.714609210154876
873,0.75,Newark_sub54933,2.5089147443423623,2.4514152096998147,2.3620973047511256,2.6529879167992436,2.839807709734712
873,0.95,Newark_sub54933,2.6641946435601467,2.604567678107541,2.5044255927480994,2.8095366335244414,3.0199262384164762
874,0.05,Newark_sub55760,2.140780002899216,2.0976313308029586,2.0310287901719977,2.3183037396334267,2.392331254636616
874,0.25,Newark_sub55760,2.2983021628764733,2.25087077386807,2.172991765680515,2.4755035569424435,2.57811888632383
874,0.5,Newark_sub55760,2.407794163638771,2.3573859030367013,2.2716687405571987,2.584771500697892,2.7072579199255715
874,0.75,Newark_sub55760,2.5172861644010682,2.463901032205332,2.370345715433882,2.6940394444533413,2.836396953527312
874,0.95,Newark_sub55760,2.674808324378326,2.617140475270445,2.512308690942399,2.8512392617623576,3.0221845852145264
875,0.05,Newark_sub58526,2.1422175229082954,2.0869088049336595,2.0279904030593823,2.2876764805399983,2.414599492195525
875,0.25,Newark_sub58526,2.2985910311613966,2.2401187708302324,2.1700137079576467,2.4445010112761927,2.597349790298929
875,0.5,Newark_sub58526,2.407284616161271,2.3466134107282706,2.2687326171602,2.5535080972721778,2.7243776051926365
875,0.75,Newark_sub58526,2.515978201161146,2.453108050626309,2.367451526362753,2.6625151832681633,2.8514054200863437
875,0.95,Newark_sub58526,2.6723517094142477,2.606318016522883,2.5094748312610182,2.819339714004356,3.034155718189748
876,0.05,Newark_sub59397,2.147757461626253,2.088564163678193,2.033985469746707,2.296946710787246,2.4204954360000057
876,0.25,Newark_sub59397,2.305279621603511,2.241803606743303,2.1759484452552256,2.4541465280962615,2.6062830676872193
876,0.5,Newark_sub59397,2.4147716223658087,2.348318735911935,2.2746254201319083,2.5634144718517113,2.7354221012889606
876,0.75,Newark_sub59397,2.524263623128106,2.454833865080566,2.3733023950085914,2.6726824156071602,2.864561134890702
876,0.95,Newark_sub59397,2.681785783105364,2.6080733081456784,2.5152653705171093,2.829882232916176,3.050348766577915
877,0.05,Newark_sub59799,2.1627768211750444,2.092524027116378,2.0456749929827516,2.316179374297791,2.4357249259683385
877,0.25,Newark_sub59799,2.322946207070493,2.246248847228515,2.188195907897397,2.47450543527773,2.6282758799292427
877,0.5,Newark_sub59799,2.4342782667952534,2.3531013568902184,2.287260700601678,2.584556219192892,2.762116027886282
877,0.75,Newark_sub59799,2.5456103265200127,2.459953866551922,2.3863254933059586,2.694607003108055,2.8959561758433208
877,0.95,Newark_sub59799,2.7057797124154606,2.6136786866640582,2.5288464082206032,2.852933064087992,3.088507129804225
878,0.05,Newark_sub62985,2.1422175229082954,2.0869088049336595,2.0279904030593823,2.2876764805399983,2.414599492195525
878,0.25,Newark_sub62985,2.2985910311613966,2.2401187708302324,2.1700137079576467,2.4445010112761927,2.597349790298929
878,0.5,Newark_sub62985,2.407284616161271,2.3466134107282706,2.2687326171602,2.5535080972721778,2.7243776051926365
878,0.75,Newark_sub62985,2.515978201161146,2.453108050626309,2.367451526362753,2.6625151832681633,2.8514054200863437
878,0.95,Newark_sub62985,2.6723517094142477,2.606318016522883,2.5094748312610182,2.819339714004356,3.034155718189748
879,0.05,Newark_sub71042,2.172599365635203,2.0950149193865526,2.051356358217636,2.325872327898944,2.4459822465277976
879,0.25,Newark_sub71042,2.3343658285566073,2.249466951109752,2.1944616404971686,2.484986989292118,2.6419516734768975
879,0.5,Newark_sub71042,2.446807999766435,2.3568249379327897,2.2939326208259154,2.59558592108095,2.778167966143249
879,0.75,Newark_sub71042,2.5592501709762634,2.4641829247558276,2.393403601154662,2.706184852869782,2.9143842588096005
879,0.95,Newark_sub71042,2.721016633897667,2.6186349564790254,2.536508883434195,2.865299514262956,3.110353685758699
880,0.05,Newark_sub71743,2.1557993624480063,2.101591194241143,2.042718313408043,2.337536403143973,2.4075607446049503
880,0.25,Newark_sub71743,2.3159687483434555,2.255316014353282,2.185239228322687,2.49586246412391,2.6001116985658537
880,0.5,Newark_sub71743,2.4273008080682157,2.362168524014985,2.284304021026968,2.605913248039073,2.7339518465228925
880,0.75,Newark_sub71743,2.5386328677929755,2.469021033676688,2.383368813731249,2.715964031954236,2.8677919944799317
880,0.95,Newark_sub71743,2.6988022536884255,2.6227458537888255,2.525889728645893,2.874290092934173,3.060342948440836
881,0.05,Newark_sub76647,2.154553312221125,2.0904047633545493,2.0398826682720475,2.3064928050998392,2.427386186465295
881,0.25,Newark_sub76647,2.3133243839213806,2.2437706509733086,2.182017073567996,2.464186730912089,2.616490244283175
881,0.5,Newark_sub76647,2.4236844901194234,2.350373670424592,2.2808132074913714,2.573798124304214,2.747934490894181
881,0.75,Newark_sub76647,2.5340445963174663,2.4569766898758756,2.3796093414147474,2.68340951769634,2.8793787375051867
881,0.95,Newark_sub76647,2.6928156680177215,2.6103425774946363,2.521743746710695,2.841103443508589,3.0684827953230664
882,0.05,Newark_sub78225,2.1557993624480063,2.101591194241143,2.042718313408043,2.337536403143973,2.4075607446049503
882,0.25,Newark_sub78225,2.3159687483434555,2.255316014353282,2.185239228322687,2.49586246412391,2.6001116985658537
882,0.5,Newark_sub78225,2.4273008080682157,2.362168524014985,2.284304021026968,2.605913248039073,2.7339518465228925
882,0.75,Newark_sub78225,2.5386328677929755,2.469021033676688,2.383368813731249,2.715964031954236,2.8677919944799317
882,0.95,Newark_sub78225,2.6988022536884255,2.6227458537888255,2.525889728645893,2.874290092934173,3.060342948440836
883,0.05,Newark_sub86204,2.147575853494087,2.0994719304793166,2.0369259886973383,2.32784983394602,2.3992220051019046
883,0.25,Newark_sub86204,2.306346925194343,2.2528378180980746,2.179060393993286,2.4855437597582695,2.5883260629197857
883,0.5,Newark_sub86204,2.4167070313923857,2.359440837549359,2.277856527916662,2.5951551531503956,2.7197703095307912
883,0.75,Newark_sub86204,2.5270671375904286,2.4660438570006424,2.3766526618400374,2.704766546542521,2.851214556141797
883,0.95,Newark_sub86204,2.685838209290683,2.6194097446194027,2.518787067135985,2.86246047235477,3.0403186139596787
884,0.05,Oulu_sub01077,2.118018404247378,2.119563463170892,2.006702645729531,2.525958663825804,2.326077239606191
884,0.25,Oulu_sub01077,2.279784867168781,2.27401549489409,2.149807928009063,2.685073325218978,2.5220466665552905
884,0.5,Oulu_sub01077,2.3922270383786093,2.381373481717128,2.2492789083378097,2.7956722570078103,2.6582629592216422
884,0.75,Oulu_sub01077,2.504669209588437,2.488731468540166,2.348749888666556,2.9062711887966426,2.7944792518879935
884,0.95,Oulu_sub01077,2.666435672509842,2.6431835002633637,2.4918551709460885,3.065385850189817,2.990448678837094
885,0.05,Oulu_sub01241,2.118018404247378,2.119563463170892,2.006702645729531,2.525958663825804,2.326077239606191
885,0.25,Oulu_sub01241,2.279784867168781,2.27401549489409,2.149807928009063,2.685073325218978,2.5220466665552905
885,0.5,Oulu_sub01241,2.3922270383786093,2.381373481717128,2.2492789083378097,2.7956722570078103,2.6582629592216422
885,0.75,Oulu_sub01241,2.504669209588437,2.488731468540166,2.348749888666556,2.9062711887966426,2.7944792518879935
885,0.95,Oulu_sub01241,2.666435672509842,2.6431835002633637,2.4918551709460885,3.065385850189817,2.990448678837094
886,0.05,Oulu_sub01261,2.1226325858046806,2.1315819531571654,2.009311016523273,2.5568817370745274,2.310576905705343
886,0.25,Oulu_sub01261,2.28624502579076,2.287267722315143,2.1531808710134634,2.7169594325965067,2.5097672516146394
886,0.5,Oulu_sub01261,2.3999703162912427,2.395483267085386,2.2531832974643575,2.8282277593046343,2.648222371258071
886,0.75,Oulu_sub01261,2.513695606791725,2.503698811855628,2.3531857239152516,2.9394960860127615,2.7866774909015035
886,0.95,Oulu_sub01261,2.6773080467778048,2.659384581013605,2.497055578405443,3.0995737815347404,2.985867836810798
887,0.05,Oulu_sub01679,2.101218401060181,2.1261397380254827,1.998064600919937,2.537622739070834,2.287655737683343
887,0.25,Oulu_sub01679,2.2613877869556296,2.2798645581376205,2.140585515834581,2.6959488000507705,2.4802066916442476
887,0.5,Oulu_sub01679,2.37271984668039,2.386717067799323,2.239650308538862,2.8059995839659333,2.614046839601286
887,0.75,Oulu_sub01679,2.4840519064051496,2.4935695774610265,2.338715101243143,2.9160503678810965,2.7478869875583247
887,0.95,Oulu_sub01679,2.644221292300598,2.6472943975731638,2.481236016157787,3.074376428861034,2.9404379415192294
888,0.05,Oulu_sub02036,2.108195859787218,2.1170725709007177,2.0010212804946472,2.516265710224652,2.3158199190467323
888,0.25,Oulu_sub02036,2.2683652456826673,2.270797391012853,2.14354219540929,2.6745917712045895,2.5083708730076357
888,0.5,Oulu_sub02036,2.3796973054074275,2.3776499006745566,2.2426069881135717,2.7846425551197527,2.642211020964675
888,0.75,Oulu_sub02036,2.4910293651321873,2.48450241033626,2.341671780817853,2.894693339034915,2.7760511689217138
888,0.95,Oulu_sub02036,2.6511987510276356,2.638227230448397,2.4841926957324962,3.0530194000148536,2.9686021228826176
889,0.05,Oulu_sub05081,2.1110409455203394,2.128630630295658,2.0037459661548223,2.547315692671985,2.2979130582428002
889,0.25,Oulu_sub05081,2.2728074084417442,2.2830826620188565,2.1468512484343534,2.706430354065159,2.493882485191902
889,0.5,Oulu_sub05081,2.3852495796515716,2.3904406488418943,2.2463222287631,2.817029285853991,2.630098777858253
889,0.75,Oulu_sub05081,2.4976917508613994,2.497798635664932,2.3457932090918465,2.9276282176428237,2.7663150705246045
889,0.95,Oulu_sub05081,2.659458213782804,2.652250667388131,2.48889849137138,3.086742879035997,2.962284497473704
890,0.05,Oulu_sub06307,2.1110409455203394,2.128630630295658,2.0037459661548223,2.547315692671985,2.2979130582428002
890,0.25,Oulu_sub06307,2.2728074084417442,2.2830826620188565,2.1468512484343534,2.706430354065159,2.493882485191902
890,0.5,Oulu_sub06307,2.3852495796515716,2.3904406488418943,2.2463222287631,2.817029285853991,2.630098777858253
890,0.75,Oulu_sub06307,2.4976917508613994,2.497798635664932,2.3457932090918465,2.9276282176428237,2.7663150705246045
890,0.95,Oulu_sub06307,2.659458213782804,2.652250667388131,2.48889849137138,3.086742879035997,2.962284497473704
891,0.05,Oulu_sub07552,2.108195859787218,2.1170725709007177,2.0010212804946472,2.516265710224652,2.3158199190467323
891,0.25,Oulu_sub07552,2.2683652456826673,2.270797391012853,2.14354219540929,2.6745917712045895,2.5083708730076357
891,0.5,Oulu_sub07552,2.3796973054074275,2.3776499006745566,2.2426069881135717,2.7846425551197527,2.642211020964675
891,0.75,Oulu_sub07552,2.4910293651321873,2.48450241033626,2.341671780817853,2.894693339034915,2.7760511689217138
891,0.95,Oulu_sub07552,2.6511987510276356,2.638227230448397,2.4841926957324962,3.0530194000148536,2.9686021228826176
892,0.05,Oulu_sub07876,2.118018404247378,2.119563463170892,2.006702645729531,2.525958663825804,2.326077239606191
892,0.25,Oulu_sub07876,2.279784867168781,2.27401549489409,2.149807928009063,2.685073325218978,2.5220466665552905
892,0.5,Oulu_sub07876,2.3922270383786093,2.381373481717128,2.2492789083378097,2.7956722570078103,2.6582629592216422
892,0.75,Oulu_sub07876,2.504669209588437,2.488731468540166,2.348749888666556,2.9062711887966426,2.7944792518879935
892,0.95,Oulu_sub07876,2.666435672509842,2.6431835002633637,2.4918551709460885,3.065385850189817,2.990448678837094
893,0.05,Oulu_sub07946,2.108195859787218,2.1170725709007177,2.0010212804946472,2.516265710224652,2.3158199190467323
893,0.25,Oulu_sub07946,2.2683652456826673,2.270797391012853,2.14354219540929,2.6745917712045895,2.5083708730076357
893,0.5,Oulu_sub07946,2.3796973054074275,2.3776499006745566,2.2426069881135717,2.7846425551197527,2.642211020964675
893,0.75,Oulu_sub07946,2.4910293651321873,2.48450241033626,2.341671780817853,2.894693339034915,2.7760511689217138
893,0.95,Oulu_sub07946,2.6511987510276356,2.638227230448397,2.4841926957324962,3.0530194000148536,2.9686021228826176
894,0.05,Oulu_sub10958,2.118018404247378,2.119563463170892,2.006702645729531,2.525958663825804,2.326077239606191
894,0.25,Oulu_sub10958,2.279784867168781,2.27401549489409,2.149807928009063,2.685073325218978,2.5220466665552905
894,0.5,Oulu_sub10958,2.3922270383786093,2.381373481717128,2.2492789083378097,2.7956722570078103,2.6582629592216422
894,0.75,Oulu_sub10958,2.504669209588437,2.488731468540166,2.348749888666556,2.9062711887966426,2.7944792518879935
894,0.95,Oulu_sub10958,2.666435672509842,2.6431835002633637,2.4918551709460885,3.065385850189817,2.990448678837094
895,0.05,Oulu_sub12060,2.108195859787218,2.1170725709007177,2.0010212804946472,2.516265710224652,2.3158199190467323
895,0.25,Oulu_sub12060,2.2683652456826673,2.270797391012853,2.14354219540929,2.6745917712045895,2.5083708730076357
895,0.5,Oulu_sub12060,2.3796973054074275,2.3776499006745566,2.2426069881135717,2.7846425551197527,2.642211020964675
895,0.75,Oulu_sub12060,2.4910293651321873,2.48450241033626,2.341671780817853,2.894693339034915,2.7760511689217138
895,0.95,Oulu_sub12060,2.6511987510276356,2.638227230448397,2.4841926957324962,3.0530194000148536,2.9686021228826176
896,0.05,Oulu_sub12126,2.108195859787218,2.1170725709007177,2.0010212804946472,2.516265710224652,2.3158199190467323
896,0.25,Oulu_sub12126,2.2683652456826673,2.270797391012853,2.14354219540929,2.6745917712045895,2.5083708730076357
896,0.5,Oulu_sub12126,2.3796973054074275,2.3776499006745566,2.2426069881135717,2.7846425551197527,2.642211020964675
896,0.75,Oulu_sub12126,2.4910293651321873,2.48450241033626,2.341671780817853,2.894693339034915,2.7760511689217138
896,0.95,Oulu_sub12126,2.6511987510276356,2.638227230448397,2.4841926957324962,3.0530194000148536,2.9686021228826176
897,0.05,Oulu_sub12152,2.1110409455203394,2.128630630295658,2.0037459661548223,2.547315692671985,2.2979130582428002
897,0.25,Oulu_sub12152,2.2728074084417442,2.2830826620188565,2.1468512484343534,2.706430354065159,2.493882485191902
897,0.5,Oulu_sub12152,2.3852495796515716,2.3904406488418943,2.2463222287631,2.817029285853991,2.630098777858253
897,0.75,Oulu_sub12152,2.4976917508613994,2.497798635664932,2.3457932090918465,2.9276282176428237,2.7663150705246045
897,0.95,Oulu_sub12152,2.659458213782804,2.652250667388131,2.48889849137138,3.086742879035997,2.962284497473704
898,0.05,Oulu_sub12379,2.108195859787218,2.1170725709007177,2.0010212804946472,2.516265710224652,2.3158199190467323
898,0.25,Oulu_sub12379,2.2683652456826673,2.270797391012853,2.14354219540929,2.6745917712045895,2.5083708730076357
898,0.5,Oulu_sub12379,2.3796973054074275,2.3776499006745566,2.2426069881135717,2.7846425551197527,2.642211020964675
898,0.75,Oulu_sub12379,2.4910293651321873,2.48450241033626,2.341671780817853,2.894693339034915,2.7760511689217138
898,0.95,Oulu_sub12379,2.6511987510276356,2.638227230448397,2.4841926957324962,3.0530194000148536,2.9686021228826176
899,0.05,Oulu_sub14473,2.118018404247378,2.119563463170892,2.006702645729531,2.525958663825804,2.326077239606191
899,0.25,Oulu_sub14473,2.279784867168781,2.27401549489409,2.149807928009063,2.685073325218978,2.5220466665552905
899,0.5,Oulu_sub14473,2.3922270383786093,2.381373481717128,2.2492789083378097,2.7956722570078103,2.6582629592216422
899,0.75,Oulu_sub14473,2.504669209588437,2.488731468540166,2.348749888666556,2.9062711887966426,2.7944792518879935
899,0.95,Oulu_sub14473,2.666435672509842,2.6431835002633637,2.4918551709460885,3.065385850189817,2.990448678837094
900,0.05,Oulu_sub14725,2.1110409455203394,2.128630630295658,2.0037459661548223,2.547315692671985,2.2979130582428002
900,0.25,Oulu_sub14725,2.2728074084417442,2.2830826620188565,2.1468512484343534,2.706430354065159,2.493882485191902
900,0.5,Oulu_sub14725,2.3852495796515716,2.3904406488418943,2.2463222287631,2.817029285853991,2.630098777858253
900,0.75,Oulu_sub14725,2.4976917508613994,2.497798635664932,2.3457932090918465,2.9276282176428237,2.7663150705246045
900,0.95,Oulu_sub14725,2.659458213782804,2.652250667388131,2.48889849137138,3.086742879035997,2.962284497473704
901,0.05,Oulu_sub15128,2.129610044531719,2.122514786032399,2.012267696097983,2.535524708228346,2.338741087068732
901,0.25,Oulu_sub15128,2.2932224845177975,2.278200555190377,2.156137550588173,2.6956024037503257,2.537931432978028
901,0.5,Oulu_sub15128,2.4069477750182804,2.3864160999606194,2.2561399770390675,2.806870730458453,2.6763865526214605
901,0.75,Oulu_sub15128,2.5206730655187637,2.494631644730862,2.3561424034899616,2.918139057166581,2.814841672264892
901,0.95,Oulu_sub15128,2.6842855055048416,2.650317413888839,2.500012257980152,3.0782167526885598,3.014032018174188
902,0.05,Oulu_sub15422,2.118018404247378,2.119563463170892,2.006702645729531,2.525958663825804,2.326077239606191
902,0.25,Oulu_sub15422,2.279784867168781,2.27401549489409,2.149807928009063,2.685073325218978,2.5220466665552905
902,0.5,Oulu_sub15422,2.3922270383786093,2.381373481717128,2.2492789083378097,2.7956722570078103,2.6582629592216422
902,0.75,Oulu_sub15422,2.504669209588437,2.488731468540166,2.348749888666556,2.9062711887966426,2.7944792518879935
902,0.95,Oulu_sub15422,2.666435672509842,2.6431835002633637,2.4918551709460885,3.065385850189817,2.990448678837094
903,0.05,Oulu_sub16378,2.1110409455203394,2.128630630295658,2.0037459661548223,2.547315692671985,2.2979130582428002
903,0.25,Oulu_sub16378,2.2728074084417442,2.2830826620188565,2.1468512484343534,2.706430354065159,2.493882485191902
903,0.5,Oulu_sub16378,2.3852495796515716,2.3904406488418943,2.2463222287631,2.817029285853991,2.630098777858253
903,0.75,Oulu_sub16378,2.4976917508613994,2.497798635664932,2.3457932090918465,2.9276282176428237,2.7663150705246045
903,0.95,Oulu_sub16378,2.659458213782804,2.652250667388131,2.48889849137138,3.086742879035997,2.962284497473704
904,0.05,Oulu_sub18356,2.1110409455203394,2.128630630295658,2.0037459661548223,2.547315692671985,2.2979130582428002
904,0.25,Oulu_sub18356,2.2728074084417442,2.2830826620188565,2.1468512484343534,2.706430354065159,2.493882485191902
904,0.5,Oulu_sub18356,2.3852495796515716,2.3904406488418943,2.2463222287631,2.817029285853991,2.630098777858253
904,0.75,Oulu_sub18356,2.4976917508613994,2.497798635664932,2.3457932090918465,2.9276282176428237,2.7663150705246045
904,0.95,Oulu_sub18356,2.659458213782804,2.652250667388131,2.48889849137138,3.086742879035997,2.962284497473704
905,0.05,Oulu_sub19159,2.118018404247378,2.119563463170892,2.006702645729531,2.525958663825804,2.326077239606191
905,0.25,Oulu_sub19159,2.279784867168781,2.27401549489409,2.149807928009063,2.685073325218978,2.5220466665552905
905,0.5,Oulu_sub19159,2.3922270383786093,2.381373481717128,2.2492789083378097,2.7956722570078103,2.6582629592216422
905,0.75,Oulu_sub19159,2.504669209588437,2.488731468540166,2.348749888666556,2.9062711887966426,2.7944792518879935
905,0.95,Oulu_sub19159,2.666435672509842,2.6431835002633637,2.4918551709460885,3.065385850189817,2.990448678837094
906,0.05,Oulu_sub19971,2.108195859787218,2.1170725709007177,2.0010212804946472,2.516265710224652,2.3158199190467323
906,0.25,Oulu_sub19971,2.2683652456826673,2.270797391012853,2.14354219540929,2.6745917712045895,2.5083708730076357
906,0.5,Oulu_sub19971,2.3796973054074275,2.3776499006745566,2.2426069881135717,2.7846425551197527,2.642211020964675
906,0.75,Oulu_sub19971,2.4910293651321873,2.48450241033626,2.341671780817853,2.894693339034915,2.7760511689217138
906,0.95,Oulu_sub19971,2.6511987510276356,2.638227230448397,2.4841926957324962,3.0530194000148536,2.9686021228826176
907,0.05,Oulu_sub20495,2.108195859787218,2.1170725709007177,2.0010212804946472,2.516265710224652,2.3158199190467323
907,0.25,Oulu_sub20495,2.2683652456826673,2.270797391012853,2.14354219540929,2.6745917712045895,2.5083708730076357
907,0.5,Oulu_sub20495,2.3796973054074275,2.3776499006745566,2.2426069881135717,2.7846425551197527,2.642211020964675
907,0.75,Oulu_sub20495,2.4910293651321873,2.48450241033626,2.341671780817853,2.894693339034915,2.7760511689217138
907,0.95,Oulu_sub20495,2.6511987510276356,2.638227230448397,2.4841926957324962,3.0530194000148536,2.9686021228826176
908,0.05,Oulu_sub20926,2.1110409455203394,2.128630630295658,2.0037459661548223,2.547315692671985,2.2979130582428002
908,0.25,Oulu_sub20926,2.2728074084417442,2.2830826620188565,2.1468512484343534,2.706430354065159,2.493882485191902
908,0.5,Oulu_sub20926,2.3852495796515716,2.3904406488418943,2.2463222287631,2.817029285853991,2.630098777858253
908,0.75,Oulu_sub20926,2.4976917508613994,2.497798635664932,2.3457932090918465,2.9276282176428237,2.7663150705246045
908,0.95,Oulu_sub20926,2.659458213782804,2.652250667388131,2.48889849137138,3.086742879035997,2.962284497473704
909,0.05,Oulu_sub21499,2.108195859787218,2.1170725709007177,2.0010212804946472,2.516265710224652,2.3158199190467323
909,0.25,Oulu_sub21499,2.2683652456826673,2.270797391012853,2.14354219540929,2.6745917712045895,2.5083708730076357
909,0.5,Oulu_sub21499,2.3796973054074275,2.3776499006745566,2.2426069881135717,2.7846425551197527,2.642211020964675
909,0.75,Oulu_sub21499,2.4910293651321873,2.48450241033626,2.341671780817853,2.894693339034915,2.7760511689217138
909,0.95,Oulu_sub21499,2.6511987510276356,2.638227230448397,2.4841926957324962,3.0530194000148536,2.9686021228826176
910,0.05,Oulu_sub21502,2.1110409455203394,2.128630630295658,2.0037459661548223,2.547315692671985,2.2979130582428002
910,0.25,Oulu_sub21502,2.2728074084417442,2.2830826620188565,2.1468512484343534,2.706430354065159,2.493882485191902
910,0.5,Oulu_sub21502,2.3852495796515716,2.3904406488418943,2.2463222287631,2.817029285853991,2.630098777858253
910,0.75,Oulu_sub21502,2.4976917508613994,2.497798635664932,2.3457932090918465,2.9276282176428237,2.7663150705246045
910,0.95,Oulu_sub21502,2.659458213782804,2.652250667388131,2.48889849137138,3.086742879035997,2.962284497473704
911,0.05,Oulu_sub22180,2.101218401060181,2.1261397380254827,1.998064600919937,2.537622739070834,2.287655737683343
911,0.25,Oulu_sub22180,2.2613877869556296,2.2798645581376205,2.140585515834581,2.6959488000507705,2.4802066916442476
911,0.5,Oulu_sub22180,2.37271984668039,2.386717067799323,2.239650308538862,2.8059995839659333,2.614046839601286
911,0.75,Oulu_sub22180,2.4840519064051496,2.4935695774610265,2.338715101243143,2.9160503678810965,2.7478869875583247
911,0.95,Oulu_sub22180,2.644221292300598,2.6472943975731638,2.481236016157787,3.074376428861034,2.9404379415192294
912,0.05,Oulu_sub23392,2.108195859787218,2.1170725709007177,2.0010212804946472,2.516265710224652,2.3158199190467323
912,0.25,Oulu_sub23392,2.2683652456826673,2.270797391012853,2.14354219540929,2.6745917712045895,2.5083708730076357
912,0.5,Oulu_sub23392,2.3796973054074275,2.3776499006745566,2.2426069881135717,2.7846425551197527,2.642211020964675
912,0.75,Oulu_sub23392,2.4910293651321873,2.48450241033626,2.341671780817853,2.894693339034915,2.7760511689217138
912,0.95,Oulu_sub23392,2.6511987510276356,2.638227230448397,2.4841926957324962,3.0530194000148536,2.9686021228826176
913,0.05,Oulu_sub24781,2.108195859787218,2.1170725709007177,2.0010212804946472,2.516265710224652,2.3158199190467323
913,0.25,Oulu_sub24781,2.2683652456826673,2.270797391012853,2.14354219540929,2.6745917712045895,2.5083708730076357
913,0.5,Oulu_sub24781,2.3796973054074275,2.3776499006745566,2.2426069881135717,2.7846425551197527,2.642211020964675
913,0.75,Oulu_sub24781,2.4910293651321873,2.48450241033626,2.341671780817853,2.894693339034915,2.7760511689217138
913,0.95,Oulu_sub24781,2.6511987510276356,2.638227230448397,2.4841926957324962,3.0530194000148536,2.9686021228826176
914,0.05,Oulu_sub25331,2.108195859787218,2.1170725709007177,2.0010212804946472,2.516265710224652,2.3158199190467323
914,0.25,Oulu_sub25331,2.2683652456826673,2.270797391012853,2.14354219540929,2.6745917712045895,2.5083708730076357
914,0.5,Oulu_sub25331,2.3796973054074275,2.3776499006745566,2.2426069881135717,2.7846425551197527,2.642211020964675
914,0.75,Oulu_sub25331,2.4910293651321873,2.48450241033626,2.341671780817853,2.894693339034915,2.7760511689217138
914,0.95,Oulu_sub25331,2.6511987510276356,2.638227230448397,2.4841926957324962,3.0530194000148536,2.9686021228826176
915,0.05,Oulu_sub26554,2.101218401060181,2.1261397380254827,1.998064600919937,2.537622739070834,2.287655737683343
915,0.25,Oulu_sub26554,2.2613877869556296,2.2798645581376205,2.140585515834581,2.6959488000507705,2.4802066916442476
915,0.5,Oulu_sub26554,2.37271984668039,2.386717067799323,2.239650308538862,2.8059995839659333,2.614046839601286
915,0.75,Oulu_sub26554,2.4840519064051496,2.4935695774610265,2.338715101243143,2.9160503678810965,2.7478869875583247
915,0.95,Oulu_sub26554,2.644221292300598,2.6472943975731638,2.481236016157787,3.074376428861034,2.9404379415192294
916,0.05,Oulu_sub27274,2.1110409455203394,2.128630630295658,2.0037459661548223,2.547315692671985,2.2979130582428002
916,0.25,Oulu_sub27274,2.2728074084417442,2.2830826620188565,2.1468512484343534,2.706430354065159,2.493882485191902
916,0.5,Oulu_sub27274,2.3852495796515716,2.3904406488418943,2.2463222287631,2.817029285853991,2.630098777858253
916,0.75,Oulu_sub27274,2.4976917508613994,2.497798635664932,2.3457932090918465,2.9276282176428237,2.7663150705246045
916,0.95,Oulu_sub27274,2.659458213782804,2.652250667388131,2.48889849137138,3.086742879035997,2.962284497473704
917,0.05,Oulu_sub27392,2.108195859787218,2.1170725709007177,2.0010212804946472,2.516265710224652,2.3158199190467323
917,0.25,Oulu_sub27392,2.2683652456826673,2.270797391012853,2.14354219540929,2.6745917712045895,2.5083708730076357
917,0.5,Oulu_sub27392,2.3796973054074275,2.3776499006745566,2.2426069881135717,2.7846425551197527,2.642211020964675
917,0.75,Oulu_sub27392,2.4910293651321873,2.48450241033626,2.341671780817853,2.894693339034915,2.7760511689217138
917,0.95,Oulu_sub27392,2.6511987510276356,2.638227230448397,2.4841926957324962,3.0530194000148536,2.9686021228826176
918,0.05,Oulu_sub29793,2.108195859787218,2.1170725709007177,2.0010212804946472,2.516265710224652,2.3158199190467323
918,0.25,Oulu_sub29793,2.2683652456826673,2.270797391012853,2.14354219540929,2.6745917712045895,2.5083708730076357
918,0.5,Oulu_sub29793,2.3796973054074275,2.3776499006745566,2.2426069881135717,2.7846425551197527,2.642211020964675
918,0.75,Oulu_sub29793,2.4910293651321873,2.48450241033626,2.341671780817853,2.894693339034915,2.7760511689217138
918,0.95,Oulu_sub29793,2.6511987510276356,2.638227230448397,2.4841926957324962,3.0530194000148536,2.9686021228826176
919,0.05,Oulu_sub31444,2.101218401060181,2.1261397380254827,1.998064600919937,2.537622739070834,2.287655737683343
919,0.25,Oulu_sub31444,2.2613877869556296,2.2798645581376205,2.140585515834581,2.6959488000507705,2.4802066916442476
919,0.5,Oulu_sub31444,2.37271984668039,2.386717067799323,2.239650308538862,2.8059995839659333,2.614046839601286
919,0.75,Oulu_sub31444,2.4840519064051496,2.4935695774610265,2.338715101243143,2.9160503678810965,2.7478869875583247
919,0.95,Oulu_sub31444,2.644221292300598,2.6472943975731638,2.481236016157787,3.074376428861034,2.9404379415192294
920,0.05,Oulu_sub32052,2.108195859787218,2.1170725709007177,2.0010212804946472,2.516265710224652,2.3158199190467323
920,0.25,Oulu_sub32052,2.2683652456826673,2.270797391012853,2.14354219540929,2.6745917712045895,2.5083708730076357
920,0.5,Oulu_sub32052,2.3796973054074275,2.3776499006745566,2.2426069881135717,2.7846425551197527,2.642211020964675
920,0.75,Oulu_sub32052,2.4910293651321873,2.48450241033626,2.341671780817853,2.894693339034915,2.7760511689217138
920,0.95,Oulu_sub32052,2.6511987510276356,2.638227230448397,2.4841926957324962,3.0530194000148536,2.9686021228826176
921,0.05,Oulu_sub32596,2.101218401060181,2.1261397380254827,1.998064600919937,2.537622739070834,2.287655737683343
921,0.25,Oulu_sub32596,2.2613877869556296,2.2798645581376205,2.140585515834581,2.6959488000507705,2.4802066916442476
921,0.5,Oulu_sub32596,2.37271984668039,2.386717067799323,2.239650308538862,2.8059995839659333,2.614046839601286
921,0.75,Oulu_sub32596,2.4840519064051496,2.4935695774610265,2.338715101243143,2.9160503678810965,2.7478869875583247
921,0.95,Oulu_sub32596,2.644221292300598,2.6472943975731638,2.481236016157787,3.074376428861034,2.9404379415192294
922,0.05,Oulu_sub33176,2.108195859787218,2.1170725709007177,2.0010212804946472,2.516265710224652,2.3158199190467323
922,0.25,Oulu_sub33176,2.2683652456826673,2.270797391012853,2.14354219540929,2.6745917712045895,2.5083708730076357
922,0.5,Oulu_sub33176,2.3796973054074275,2.3776499006745566,2.2426069881135717,2.7846425551197527,2.642211020964675
922,0.75,Oulu_sub33176,2.4910293651321873,2.48450241033626,2.341671780817853,2.894693339034915,2.7760511689217138
922,0.95,Oulu_sub33176,2.6511987510276356,2.638227230448397,2.4841926957324962,3.0530194000148536,2.9686021228826176
923,0.05,Oulu_sub35020,2.1110409455203394,2.128630630295658,2.0037459661548223,2.547315692671985,2.2979130582428002
923,0.25,Oulu_sub35020,2.2728074084417442,2.2830826620188565,2.1468512484343534,2.706430354065159,2.493882485191902
923,0.5,Oulu_sub35020,2.3852495796515716,2.3904406488418943,2.2463222287631,2.817029285853991,2.630098777858253
923,0.75,Oulu_sub35020,2.4976917508613994,2.497798635664932,2.3457932090918465,2.9276282176428237,2.7663150705246045
923,0.95,Oulu_sub35020,2.659458213782804,2.652250667388131,2.48889849137138,3.086742879035997,2.962284497473704
924,0.05,Oulu_sub35232,2.1110409455203394,2.128630630295658,2.0037459661548223,2.547315692671985,2.2979130582428002
924,0.25,Oulu_sub35232,2.2728074084417442,2.2830826620188565,2.1468512484343534,2.706430354065159,2.493882485191902
924,0.5,Oulu_sub35232,2.3852495796515716,2.3904406488418943,2.2463222287631,2.817029285853991,2.630098777858253
924,0.75,Oulu_sub35232,2.4976917508613994,2.497798635664932,2.3457932090918465,2.9276282176428237,2.7663150705246045
924,0.95,Oulu_sub35232,2.659458213782804,2.652250667388131,2.48889849137138,3.086742879035997,2.962284497473704
925,0.05,Oulu_sub35967,2.108195859787218,2.1170725709007177,2.0010212804946472,2.516265710224652,2.3158199190467323
925,0.25,Oulu_sub35967,2.2683652456826673,2.270797391012853,2.14354219540929,2.6745917712045895,2.5083708730076357
925,0.5,Oulu_sub35967,2.3796973054074275,2.3776499006745566,2.2426069881135717,2.7846425551197527,2.642211020964675
925,0.75,Oulu_sub35967,2.4910293651321873,2.48450241033626,2.341671780817853,2.894693339034915,2.7760511689217138
925,0.95,Oulu_sub35967,2.6511987510276356,2.638227230448397,2.4841926957324962,3.0530194000148536,2.9686021228826176
926,0.05,Oulu_sub39346,2.101218401060181,2.1261397380254827,1.998064600919937,2.537622739070834,2.287655737683343
926,0.25,Oulu_sub39346,2.2613877869556296,2.2798645581376205,2.140585515834581,2.6959488000507705,2.4802066916442476
926,0.5,Oulu_sub39346,2.37271984668039,2.386717067799323,2.239650308538862,2.8059995839659333,2.614046839601286
926,0.75,Oulu_sub39346,2.4840519064051496,2.4935695774610265,2.338715101243143,2.9160503678810965,2.7478869875583247
926,0.95,Oulu_sub39346,2.644221292300598,2.6472943975731638,2.481236016157787,3.074376428861034,2.9404379415192294
927,0.05,Oulu_sub39460,2.1110409455203394,2.128630630295658,2.0037459661548223,2.547315692671985,2.2979130582428002
927,0.25,Oulu_sub39460,2.2728074084417442,2.2830826620188565,2.1468512484343534,2.706430354065159,2.493882485191902
927,0.5,Oulu_sub39460,2.3852495796515716,2.3904406488418943,2.2463222287631,2.817029285853991,2.630098777858253
927,0.75,Oulu_sub39460,2.4976917508613994,2.497798635664932,2.3457932090918465,2.9276282176428237,2.7663150705246045
927,0.95,Oulu_sub39460,2.659458213782804,2.652250667388131,2.48889849137138,3.086742879035997,2.962284497473704
928,0.05,Oulu_sub40619,2.108195859787218,2.1170725709007177,2.0010212804946472,2.516265710224652,2.3158199190467323
928,0.25,Oulu_sub40619,2.2683652456826673,2.270797391012853,2.14354219540929,2.6745917712045895,2.5083708730076357
928,0.5,Oulu_sub40619,2.3796973054074275,2.3776499006745566,2.2426069881135717,2.7846425551197527,2.642211020964675
928,0.75,Oulu_sub40619,2.4910293651321873,2.48450241033626,2.341671780817853,2.894693339034915,2.7760511689217138
928,0.95,Oulu_sub40619,2.6511987510276356,2.638227230448397,2.4841926957324962,3.0530194000148536,2.9686021228826176
929,0.05,Oulu_sub41433,2.118018404247378,2.119563463170892,2.006702645729531,2.525958663825804,2.326077239606191
929,0.25,Oulu_sub41433,2.279784867168781,2.27401549489409,2.149807928009063,2.685073325218978,2.5220466665552905
929,0.5,Oulu_sub41433,2.3922270383786093,2.381373481717128,2.2492789083378097,2.7956722570078103,2.6582629592216422
929,0.75,Oulu_sub41433,2.504669209588437,2.488731468540166,2.348749888666556,2.9062711887966426,2.7944792518879935
929,0.95,Oulu_sub41433,2.666435672509842,2.6431835002633637,2.4918551709460885,3.065385850189817,2.990448678837094
930,0.05,Oulu_sub41724,2.101218401060181,2.1261397380254827,1.998064600919937,2.537622739070834,2.287655737683343
930,0.25,Oulu_sub41724,2.2613877869556296,2.2798645581376205,2.140585515834581,2.6959488000507705,2.4802066916442476
930,0.5,Oulu_sub41724,2.37271984668039,2.386717067799323,2.239650308538862,2.8059995839659333,2.614046839601286
930,0.75,Oulu_sub41724,2.4840519064051496,2.4935695774610265,2.338715101243143,2.9160503678810965,2.7478869875583247
930,0.95,Oulu_sub41724,2.644221292300598,2.6472943975731638,2.481236016157787,3.074376428861034,2.9404379415192294
931,0.05,Oulu_sub41731,2.108195859787218,2.1170725709007177,2.0010212804946472,2.516265710224652,2.3158199190467323
931,0.25,Oulu_sub41731,2.2683652456826673,2.270797391012853,2.14354219540929,2.6745917712045895,2.5083708730076357
931,0.5,Oulu_sub41731,2.3796973054074275,2.3776499006745566,2.2426069881135717,2.7846425551197527,2.642211020964675
931,0.75,Oulu_sub41731,2.4910293651321873,2.48450241033626,2.341671780817853,2.894693339034915,2.7760511689217138
931,0.95,Oulu_sub41731,2.6511987510276356,2.638227230448397,2.4841926957324962,3.0530194000148536,2.9686021228826176
932,0.05,Oulu_sub42178,2.108195859787218,2.1170725709007177,2.0010212804946472,2.516265710224652,2.3158199190467323
932,0.25,Oulu_sub42178,2.2683652456826673,2.270797391012853,2.14354219540929,2.6745917712045895,2.5083708730076357
932,0.5,Oulu_sub42178,2.3796973054074275,2.3776499006745566,2.2426069881135717,2.7846425551197527,2.642211020964675
932,0.75,Oulu_sub42178,2.4910293651321873,2.48450241033626,2.341671780817853,2.894693339034915,2.7760511689217138
932,0.95,Oulu_sub42178,2.6511987510276356,2.638227230448397,2.4841926957324962,3.0530194000148536,2.9686021228826176
933,0.05,Oulu_sub43055,2.108195859787218,2.1170725709007177,2.0010212804946472,2.516265710224652,2.3158199190467323
933,0.25,Oulu_sub43055,2.2683652456826673,2.270797391012853,2.14354219540929,2.6745917712045895,2.5083708730076357
933,0.5,Oulu_sub43055,2.3796973054074275,2.3776499006745566,2.2426069881135717,2.7846425551197527,2.642211020964675
933,0.75,Oulu_sub43055,2.4910293651321873,2.48450241033626,2.341671780817853,2.894693339034915,2.7760511689217138
933,0.95,Oulu_sub43055,2.6511987510276356,2.638227230448397,2.4841926957324962,3.0530194000148536,2.9686021228826176
934,0.05,Oulu_sub43803,2.108195859787218,2.1170725709007177,2.0010212804946472,2.516265710224652,2.3158199190467323
934,0.25,Oulu_sub43803,2.2683652456826673,2.270797391012853,2.14354219540929,2.6745917712045895,2.5083708730076357
934,0.5,Oulu_sub43803,2.3796973054074275,2.3776499006745566,2.2426069881135717,2.7846425551197527,2.642211020964675
934,0.75,Oulu_sub43803,2.4910293651321873,2.48450241033626,2.341671780817853,2.894693339034915,2.7760511689217138
934,0.95,Oulu_sub43803,2.6511987510276356,2.638227230448397,2.4841926957324962,3.0530194000148536,2.9686021228826176
935,0.05,Oulu_sub45566,2.101218401060181,2.1261397380254827,1.998064600919937,2.537622739070834,2.287655737683343
935,0.25,Oulu_sub45566,2.2613877869556296,2.2798645581376205,2.140585515834581,2.6959488000507705,2.4802066916442476
935,0.5,Oulu_sub45566,2.37271984668039,2.386717067799323,2.239650308538862,2.8059995839659333,2.614046839601286
935,0.75,Oulu_sub45566,2.4840519064051496,2.4935695774610265,2.338715101243143,2.9160503678810965,2.7478869875583247
935,0.95,Oulu_sub45566,2.644221292300598,2.6472943975731638,2.481236016157787,3.074376428861034,2.9404379415192294
936,0.05,Oulu_sub46973,2.1110409455203394,2.128630630295658,2.0037459661548223,2.547315692671985,2.2979130582428002
936,0.25,Oulu_sub46973,2.2728074084417442,2.2830826620188565,2.1468512484343534,2.706430354065159,2.493882485191902
936,0.5,Oulu_sub46973,2.3852495796515716,2.3904406488418943,2.2463222287631,2.817029285853991,2.630098777858253
936,0.75,Oulu_sub46973,2.4976917508613994,2.497798635664932,2.3457932090918465,2.9276282176428237,2.7663150705246045
936,0.95,Oulu_sub46973,2.659458213782804,2.652250667388131,2.48889849137138,3.086742879035997,2.962284497473704
937,0.05,Oulu_sub47094,2.1110409455203394,2.128630630295658,2.0037459661548223,2.547315692671985,2.2979130582428002
937,0.25,Oulu_sub47094,2.2728074084417442,2.2830826620188565,2.1468512484343534,2.706430354065159,2.493882485191902
937,0.5,Oulu_sub47094,2.3852495796515716,2.3904406488418943,2.2463222287631,2.817029285853991,2.630098777858253
937,0.75,Oulu_sub47094,2.4976917508613994,2.497798635664932,2.3457932090918465,2.9276282176428237,2.7663150705246045
937,0.95,Oulu_sub47094,2.659458213782804,2.652250667388131,2.48889849137138,3.086742879035997,2.962284497473704
938,0.05,Oulu_sub49227,2.118018404247378,2.119563463170892,2.006702645729531,2.525958663825804,2.326077239606191
938,0.25,Oulu_sub49227,2.279784867168781,2.27401549489409,2.149807928009063,2.685073325218978,2.5220466665552905
938,0.5,Oulu_sub49227,2.3922270383786093,2.381373481717128,2.2492789083378097,2.7956722570078103,2.6582629592216422
938,0.75,Oulu_sub49227,2.504669209588437,2.488731468540166,2.348749888666556,2.9062711887966426,2.7944792518879935
938,0.95,Oulu_sub49227,2.666435672509842,2.6431835002633637,2.4918551709460885,3.065385850189817,2.990448678837094
939,0.05,Oulu_sub50637,2.118018404247378,2.119563463170892,2.006702645729531,2.525958663825804,2.326077239606191
939,0.25,Oulu_sub50637,2.279784867168781,2.27401549489409,2.149807928009063,2.685073325218978,2.5220466665552905
939,0.5,Oulu_sub50637,2.3922270383786093,2.381373481717128,2.2492789083378097,2.7956722570078103,2.6582629592216422
939,0.75,Oulu_sub50637,2.504669209588437,2.488731468540166,2.348749888666556,2.9062711887966426,2.7944792518879935
939,0.95,Oulu_sub50637,2.666435672509842,2.6431835002633637,2.4918551709460885,3.065385850189817,2.990448678837094
940,0.05,Oulu_sub51387,2.118018404247378,2.119563463170892,2.006702645729531,2.525958663825804,2.326077239606191
940,0.25,Oulu_sub51387,2.279784867168781,2.27401549489409,2.149807928009063,2.685073325218978,2.5220466665552905
940,0.5,Oulu_sub51387,2.3922270383786093,2.381373481717128,2.2492789083378097,2.7956722570078103,2.6582629592216422
940,0.75,Oulu_sub51387,2.504669209588437,2.488731468540166,2.348749888666556,2.9062711887966426,2.7944792518879935
940,0.95,Oulu_sub51387,2.666435672509842,2.6431835002633637,2.4918551709460885,3.065385850189817,2.990448678837094
941,0.05,Oulu_sub57150,2.108195859787218,2.1170725709007177,2.0010212804946472,2.516265710224652,2.3158199190467323
941,0.25,Oulu_sub57150,2.2683652456826673,2.270797391012853,2.14354219540929,2.6745917712045895,2.5083708730076357
941,0.5,Oulu_sub57150,2.3796973054074275,2.3776499006745566,2.2426069881135717,2.7846425551197527,2.642211020964675
941,0.75,Oulu_sub57150,2.4910293651321873,2.48450241033626,2.341671780817853,2.894693339034915,2.7760511689217138
941,0.95,Oulu_sub57150,2.6511987510276356,2.638227230448397,2.4841926957324962,3.0530194000148536,2.9686021228826176
942,0.05,Oulu_sub58867,2.118018404247378,2.119563463170892,2.006702645729531,2.525958663825804,2.326077239606191
942,0.25,Oulu_sub58867,2.279784867168781,2.27401549489409,2.149807928009063,2.685073325218978,2.5220466665552905
942,0.5,Oulu_sub58867,2.3922270383786093,2.381373481717128,2.2492789083378097,2.7956722570078103,2.6582629592216422
942,0.75,Oulu_sub58867,2.504669209588437,2.488731468540166,2.348749888666556,2.9062711887966426,2.7944792518879935
942,0.95,Oulu_sub58867,2.666435672509842,2.6431835002633637,2.4918551709460885,3.065385850189817,2.990448678837094
943,0.05,Oulu_sub62124,2.129610044531719,2.122514786032399,2.012267696097983,2.535524708228346,2.338741087068732
943,0.25,Oulu_sub62124,2.2932224845177975,2.278200555190377,2.156137550588173,2.6956024037503257,2.537931432978028
943,0.5,Oulu_sub62124,2.4069477750182804,2.3864160999606194,2.2561399770390675,2.806870730458453,2.6763865526214605
943,0.75,Oulu_sub62124,2.5206730655187637,2.494631644730862,2.3561424034899616,2.918139057166581,2.814841672264892
943,0.95,Oulu_sub62124,2.6842855055048416,2.650317413888839,2.500012257980152,3.0782167526885598,3.014032018174188
944,0.05,Oulu_sub63516,2.101218401060181,2.1261397380254827,1.998064600919937,2.537622739070834,2.287655737683343
944,0.25,Oulu_sub63516,2.2613877869556296,2.2798645581376205,2.140585515834581,2.6959488000507705,2.4802066916442476
944,0.5,Oulu_sub63516,2.37271984668039,2.386717067799323,2.239650308538862,2.8059995839659333,2.614046839601286
944,0.75,Oulu_sub63516,2.4840519064051496,2.4935695774610265,2.338715101243143,2.9160503678810965,2.7478869875583247
944,0.95,Oulu_sub63516,2.644221292300598,2.6472943975731638,2.481236016157787,3.074376428861034,2.9404379415192294
945,0.05,Oulu_sub65041,2.1110409455203394,2.128630630295658,2.0037459661548223,2.547315692671985,2.2979130582428002
945,0.25,Oulu_sub65041,2.2728074084417442,2.2830826620188565,2.1468512484343534,2.706430354065159,2.493882485191902
945,0.5,Oulu_sub65041,2.3852495796515716,2.3904406488418943,2.2463222287631,2.817029285853991,2.630098777858253
945,0.75,Oulu_sub65041,2.4976917508613994,2.497798635664932,2.3457932090918465,2.9276282176428237,2.7663150705246045
945,0.95,Oulu_sub65041,2.659458213782804,2.652250667388131,2.48889849137138,3.086742879035997,2.962284497473704
946,0.05,Oulu_sub65461,2.108195859787218,2.1170725709007177,2.0010212804946472,2.516265710224652,2.3158199190467323
946,0.25,Oulu_sub65461,2.2683652456826673,2.270797391012853,2.14354219540929,2.6745917712045895,2.5083708730076357
946,0.5,Oulu_sub65461,2.3796973054074275,2.3776499006745566,2.2426069881135717,2.7846425551197527,2.642211020964675
946,0.75,Oulu_sub65461,2.4910293651321873,2.48450241033626,2.341671780817853,2.894693339034915,2.7760511689217138
946,0.95,Oulu_sub65461,2.6511987510276356,2.638227230448397,2.4841926957324962,3.0530194000148536,2.9686021228826176
947,0.05,Oulu_sub66467,2.118018404247378,2.119563463170892,2.006702645729531,2.525958663825804,2.326077239606191
947,0.25,Oulu_sub66467,2.279784867168781,2.27401549489409,2.149807928009063,2.685073325218978,2.5220466665552905
947,0.5,Oulu_sub66467,2.3922270383786093,2.381373481717128,2.2492789083378097,2.7956722570078103,2.6582629592216422
947,0.75,Oulu_sub66467,2.504669209588437,2.488731468540166,2.348749888666556,2.9062711887966426,2.7944792518879935
947,0.95,Oulu_sub66467,2.666435672509842,2.6431835002633637,2.4918551709460885,3.065385850189817,2.990448678837094
948,0.05,Oulu_sub68752,2.108195859787218,2.1170725709007177,2.0010212804946472,2.516265710224652,2.3158199190467323
948,0.25,Oulu_sub68752,2.2683652456826673,2.270797391012853,2.14354219540929,2.6745917712045895,2.5083708730076357
948,0.5,Oulu_sub68752,2.3796973054074275,2.3776499006745566,2.2426069881135717,2.7846425551197527,2.642211020964675
948,0.75,Oulu_sub68752,2.4910293651321873,2.48450241033626,2.341671780817853,2.894693339034915,2.7760511689217138
948,0.95,Oulu_sub68752,2.6511987510276356,2.638227230448397,2.4841926957324962,3.0530194000148536,2.9686021228826176
949,0.05,Oulu_sub69925,2.108195859787218,2.1170725709007177,2.0010212804946472,2.516265710224652,2.3158199190467323
949,0.25,Oulu_sub69925,2.2683652456826673,2.270797391012853,2.14354219540929,2.6745917712045895,2.5083708730076357
949,0.5,Oulu_sub69925,2.3796973054074275,2.3776499006745566,2.2426069881135717,2.7846425551197527,2.642211020964675
949,0.75,Oulu_sub69925,2.4910293651321873,2.48450241033626,2.341671780817853,2.894693339034915,2.7760511689217138
949,0.95,Oulu_sub69925,2.6511987510276356,2.638227230448397,2.4841926957324962,3.0530194000148536,2.9686021228826176
950,0.05,Oulu_sub72000,2.0929948921062618,2.124020474263654,1.9922722762092329,2.527936169872881,2.279316998180299
950,0.25,Oulu_sub72000,2.251765963806517,2.2773863618824133,2.1344066815051805,2.68563009568513,2.4684210559981787
950,0.5,Oulu_sub72000,2.36212607000456,2.3839893813336968,2.2332028154285557,2.7952414890772554,2.5998653026091847
950,0.75,Oulu_sub72000,2.4724861762026027,2.4905924007849807,2.3319989493519317,2.904852882469381,2.7313095492201906
950,0.95,Oulu_sub72000,2.631257247902858,2.6439582884037414,2.4741333546478788,3.062546808281631,2.9204136070380704
951,0.05,Oulu_sub72795,2.118018404247378,2.119563463170892,2.006702645729531,2.525958663825804,2.326077239606191
951,0.25,Oulu_sub72795,2.279784867168781,2.27401549489409,2.149807928009063,2.685073325218978,2.5220466665552905
951,0.5,Oulu_sub72795,2.3922270383786093,2.381373481717128,2.2492789083378097,2.7956722570078103,2.6582629592216422
951,0.75,Oulu_sub72795,2.504669209588437,2.488731468540166,2.348749888666556,2.9062711887966426,2.7944792518879935
951,0.95,Oulu_sub72795,2.666435672509842,2.6431835002633637,2.4918551709460885,3.065385850189817,2.990448678837094
952,0.05,Oulu_sub73221,2.108195859787218,2.1170725709007177,2.0010212804946472,2.516265710224652,2.3158199190467323
952,0.25,Oulu_sub73221,2.2683652456826673,2.270797391012853,2.14354219540929,2.6745917712045895,2.5083708730076357
952,0.5,Oulu_sub73221,2.3796973054074275,2.3776499006745566,2.2426069881135717,2.7846425551197527,2.642211020964675
952,0.75,Oulu_sub73221,2.4910293651321873,2.48450241033626,2.341671780817853,2.894693339034915,2.7760511689217138
952,0.95,Oulu_sub73221,2.6511987510276356,2.638227230448397,2.4841926957324962,3.0530194000148536,2.9686021228826176
953,0.05,Oulu_sub73709,2.108195859787218,2.1170725709007177,2.0010212804946472,2.516265710224652,2.3158199190467323
953,0.25,Oulu_sub73709,2.2683652456826673,2.270797391012853,2.14354219540929,2.6745917712045895,2.5083708730076357
953,0.5,Oulu_sub73709,2.3796973054074275,2.3776499006745566,2.2426069881135717,2.7846425551197527,2.642211020964675
953,0.75,Oulu_sub73709,2.4910293651321873,2.48450241033626,2.341671780817853,2.894693339034915,2.7760511689217138
953,0.95,Oulu_sub73709,2.6511987510276356,2.638227230448397,2.4841926957324962,3.0530194000148536,2.9686021228826176
954,0.05,Oulu_sub73853,2.1110409455203394,2.128630630295658,2.0037459661548223,2.547315692671985,2.2979130582428002
954,0.25,Oulu_sub73853,2.2728074084417442,2.2830826620188565,2.1468512484343534,2.706430354065159,2.493882485191902
954,0.5,Oulu_sub73853,2.3852495796515716,2.3904406488418943,2.2463222287631,2.817029285853991,2.630098777858253
954,0.75,Oulu_sub73853,2.4976917508613994,2.497798635664932,2.3457932090918465,2.9276282176428237,2.7663150705246045
954,0.95,Oulu_sub73853,2.659458213782804,2.652250667388131,2.48889849137138,3.086742879035997,2.962284497473704
955,0.05,Oulu_sub74276,2.108195859787218,2.1170725709007177,2.0010212804946472,2.516265710224652,2.3158199190467323
955,0.25,Oulu_sub74276,2.2683652456826673,2.270797391012853,2.14354219540929,2.6745917712045895,2.5083708730076357
955,0.5,Oulu_sub74276,2.3796973054074275,2.3776499006745566,2.2426069881135717,2.7846425551197527,2.642211020964675
955,0.75,Oulu_sub74276,2.4910293651321873,2.48450241033626,2.341671780817853,2.894693339034915,2.7760511689217138
955,0.95,Oulu_sub74276,2.6511987510276356,2.638227230448397,2.4841926957324962,3.0530194000148536,2.9686021228826176
956,0.05,Oulu_sub74941,2.118018404247378,2.119563463170892,2.006702645729531,2.525958663825804,2.326077239606191
956,0.25,Oulu_sub74941,2.279784867168781,2.27401549489409,2.149807928009063,2.685073325218978,2.5220466665552905
956,0.5,Oulu_sub74941,2.3922270383786093,2.381373481717128,2.2492789083378097,2.7956722570078103,2.6582629592216422
956,0.75,Oulu_sub74941,2.504669209588437,2.488731468540166,2.348749888666556,2.9062711887966426,2.7944792518879935
956,0.95,Oulu_sub74941,2.666435672509842,2.6431835002633637,2.4918551709460885,3.065385850189817,2.990448678837094
957,0.05,Oulu_sub75293,2.1110409455203394,2.128630630295658,2.0037459661548223,2.547315692671985,2.2979130582428002
957,0.25,Oulu_sub75293,2.2728074084417442,2.2830826620188565,2.1468512484343534,2.706430354065159,2.493882485191902
957,0.5,Oulu_sub75293,2.3852495796515716,2.3904406488418943,2.2463222287631,2.817029285853991,2.630098777858253
957,0.75,Oulu_sub75293,2.4976917508613994,2.497798635664932,2.3457932090918465,2.9276282176428237,2.7663150705246045
957,0.95,Oulu_sub75293,2.659458213782804,2.652250667388131,2.48889849137138,3.086742879035997,2.962284497473704
958,0.05,Oulu_sub75361,2.101218401060181,2.1261397380254827,1.998064600919937,2.537622739070834,2.287655737683343
958,0.25,Oulu_sub75361,2.2613877869556296,2.2798645581376205,2.140585515834581,2.6959488000507705,2.4802066916442476
958,0.5,Oulu_sub75361,2.37271984668039,2.386717067799323,2.239650308538862,2.8059995839659333,2.614046839601286
958,0.75,Oulu_sub75361,2.4840519064051496,2.4935695774610265,2.338715101243143,2.9160503678810965,2.7478869875583247
958,0.95,Oulu_sub75361,2.644221292300598,2.6472943975731638,2.481236016157787,3.074376428861034,2.9404379415192294
959,0.05,Oulu_sub75620,2.108195859787218,2.1170725709007177,2.0010212804946472,2.516265710224652,2.3158199190467323
959,0.25,Oulu_sub75620,2.2683652456826673,2.270797391012853,2.14354219540929,2.6745917712045895,2.5083708730076357
959,0.5,Oulu_sub75620,2.3796973054074275,2.3776499006745566,2.2426069881135717,2.7846425551197527,2.642211020964675
959,0.75,Oulu_sub75620,2.4910293651321873,2.48450241033626,2.341671780817853,2.894693339034915,2.7760511689217138
959,0.95,Oulu_sub75620,2.6511987510276356,2.638227230448397,2.4841926957324962,3.0530194000148536,2.9686021228826176
960,0.05,Oulu_sub76935,2.118018404247378,2.119563463170892,2.006702645729531,2.525958663825804,2.326077239606191
960,0.25,Oulu_sub76935,2.279784867168781,2.27401549489409,2.149807928009063,2.685073325218978,2.5220466665552905
960,0.5,Oulu_sub76935,2.3922270383786093,2.381373481717128,2.2492789083378097,2.7956722570078103,2.6582629592216422
960,0.75,Oulu_sub76935,2.504669209588437,2.488731468540166,2.348749888666556,2.9062711887966426,2.7944792518879935
960,0.95,Oulu_sub76935,2.666435672509842,2.6431835002633637,2.4918551709460885,3.065385850189817,2.990448678837094
961,0.05,Oulu_sub77629,2.108195859787218,2.1170725709007177,2.0010212804946472,2.516265710224652,2.3158199190467323
961,0.25,Oulu_sub77629,2.2683652456826673,2.270797391012853,2.14354219540929,2.6745917712045895,2.5083708730076357
961,0.5,Oulu_sub77629,2.3796973054074275,2.3776499006745566,2.2426069881135717,2.7846425551197527,2.642211020964675
961,0.75,Oulu_sub77629,2.4910293651321873,2.48450241033626,2.341671780817853,2.894693339034915,2.7760511689217138
961,0.95,Oulu_sub77629,2.6511987510276356,2.638227230448397,2.4841926957324962,3.0530194000148536,2.9686021228826176
962,0.05,Oulu_sub78282,2.108195859787218,2.1170725709007177,2.0010212804946472,2.516265710224652,2.3158199190467323
962,0.25,Oulu_sub78282,2.2683652456826673,2.270797391012853,2.14354219540929,2.6745917712045895,2.5083708730076357
962,0.5,Oulu_sub78282,2.3796973054074275,2.3776499006745566,2.2426069881135717,2.7846425551197527,2.642211020964675
962,0.75,Oulu_sub78282,2.4910293651321873,2.48450241033626,2.341671780817853,2.894693339034915,2.7760511689217138
962,0.95,Oulu_sub78282,2.6511987510276356,2.638227230448397,2.4841926957324962,3.0530194000148536,2.9686021228826176
963,0.05,Oulu_sub78327,2.101218401060181,2.1261397380254827,1.998064600919937,2.537622739070834,2.287655737683343
963,0.25,Oulu_sub78327,2.2613877869556296,2.2798645581376205,2.140585515834581,2.6959488000507705,2.4802066916442476
963,0.5,Oulu_sub78327,2.37271984668039,2.386717067799323,2.239650308538862,2.8059995839659333,2.614046839601286
963,0.75,Oulu_sub78327,2.4840519064051496,2.4935695774610265,2.338715101243143,2.9160503678810965,2.7478869875583247
963,0.95,Oulu_sub78327,2.644221292300598,2.6472943975731638,2.481236016157787,3.074376428861034,2.9404379415192294
964,0.05,Oulu_sub78648,2.118018404247378,2.119563463170892,2.006702645729531,2.525958663825804,2.326077239606191
964,0.25,Oulu_sub78648,2.279784867168781,2.27401549489409,2.149807928009063,2.685073325218978,2.5220466665552905
964,0.5,Oulu_sub78648,2.3922270383786093,2.381373481717128,2.2492789083378097,2.7956722570078103,2.6582629592216422
964,0.75,Oulu_sub78648,2.504669209588437,2.488731468540166,2.348749888666556,2.9062711887966426,2.7944792518879935
964,0.95,Oulu_sub78648,2.666435672509842,2.6431835002633637,2.4918551709460885,3.065385850189817,2.990448678837094
965,0.05,Oulu_sub79784,2.118018404247378,2.119563463170892,2.006702645729531,2.525958663825804,2.326077239606191
965,0.25,Oulu_sub79784,2.279784867168781,2.27401549489409,2.149807928009063,2.685073325218978,2.5220466665552905
965,0.5,Oulu_sub79784,2.3922270383786093,2.381373481717128,2.2492789083378097,2.7956722570078103,2.6582629592216422
965,0.75,Oulu_sub79784,2.504669209588437,2.488731468540166,2.348749888666556,2.9062711887966426,2.7944792518879935
965,0.95,Oulu_sub79784,2.666435672509842,2.6431835002633637,2.4918551709460885,3.065385850189817,2.990448678837094
966,0.05,Oulu_sub84631,2.1110409455203394,2.128630630295658,2.0037459661548223,2.547315692671985,2.2979130582428002
966,0.25,Oulu_sub84631,2.2728074084417442,2.2830826620188565,2.1468512484343534,2.706430354065159,2.493882485191902
966,0.5,Oulu_sub84631,2.3852495796515716,2.3904406488418943,2.2463222287631,2.817029285853991,2.630098777858253
966,0.75,Oulu_sub84631,2.4976917508613994,2.497798635664932,2.3457932090918465,2.9276282176428237,2.7663150705246045
966,0.95,Oulu_sub84631,2.659458213782804,2.652250667388131,2.48889849137138,3.086742879035997,2.962284497473704
967,0.05,Oulu_sub85532,2.108195859787218,2.1170725709007177,2.0010212804946472,2.516265710224652,2.3158199190467323
967,0.25,Oulu_sub85532,2.2683652456826673,2.270797391012853,2.14354219540929,2.6745917712045895,2.5083708730076357
967,0.5,Oulu_sub85532,2.3796973054074275,2.3776499006745566,2.2426069881135717,2.7846425551197527,2.642211020964675
967,0.75,Oulu_sub85532,2.4910293651321873,2.48450241033626,2.341671780817853,2.894693339034915,2.7760511689217138
967,0.95,Oulu_sub85532,2.6511987510276356,2.638227230448397,2.4841926957324962,3.0530194000148536,2.9686021228826176
968,0.05,Oulu_sub86362,2.108195859787218,2.1170725709007177,2.0010212804946472,2.516265710224652,2.3158199190467323
968,0.25,Oulu_sub86362,2.2683652456826673,2.270797391012853,2.14354219540929,2.6745917712045895,2.5083708730076357
968,0.5,Oulu_sub86362,2.3796973054074275,2.3776499006745566,2.2426069881135717,2.7846425551197527,2.642211020964675
968,0.75,Oulu_sub86362,2.4910293651321873,2.48450241033626,2.341671780817853,2.894693339034915,2.7760511689217138
968,0.95,Oulu_sub86362,2.6511987510276356,2.638227230448397,2.4841926957324962,3.0530194000148536,2.9686021228826176
969,0.05,Oulu_sub86410,2.108195859787218,2.1170725709007177,2.0010212804946472,2.516265710224652,2.3158199190467323
969,0.25,Oulu_sub86410,2.2683652456826673,2.270797391012853,2.14354219540929,2.6745917712045895,2.5083708730076357
969,0.5,Oulu_sub86410,2.3796973054074275,2.3776499006745566,2.2426069881135717,2.7846425551197527,2.642211020964675
969,0.75,Oulu_sub86410,2.4910293651321873,2.48450241033626,2.341671780817853,2.894693339034915,2.7760511689217138
969,0.95,Oulu_sub86410,2.6511987510276356,2.638227230448397,2.4841926957324962,3.0530194000148536,2.9686021228826176
970,0.05,Oulu_sub86559,2.108195859787218,2.1170725709007177,2.0010212804946472,2.516265710224652,2.3158199190467323
970,0.25,Oulu_sub86559,2.2683652456826673,2.270797391012853,2.14354219540929,2.6745917712045895,2.5083708730076357
970,0.5,Oulu_sub86559,2.3796973054074275,2.3776499006745566,2.2426069881135717,2.7846425551197527,2.642211020964675
970,0.75,Oulu_sub86559,2.4910293651321873,2.48450241033626,2.341671780817853,2.894693339034915,2.7760511689217138
970,0.95,Oulu_sub86559,2.6511987510276356,2.638227230448397,2.4841926957324962,3.0530194000148536,2.9686021228826176
971,0.05,Oulu_sub89213,2.101218401060181,2.1261397380254827,1.998064600919937,2.537622739070834,2.287655737683343
971,0.25,Oulu_sub89213,2.2613877869556296,2.2798645581376205,2.140585515834581,2.6959488000507705,2.4802066916442476
971,0.5,Oulu_sub89213,2.37271984668039,2.386717067799323,2.239650308538862,2.8059995839659333,2.614046839601286
971,0.75,Oulu_sub89213,2.4840519064051496,2.4935695774610265,2.338715101243143,2.9160503678810965,2.7478869875583247
971,0.95,Oulu_sub89213,2.644221292300598,2.6472943975731638,2.481236016157787,3.074376428861034,2.9404379415192294
972,0.05,Oulu_sub90623,2.118018404247378,2.119563463170892,2.006702645729531,2.525958663825804,2.326077239606191
972,0.25,Oulu_sub90623,2.279784867168781,2.27401549489409,2.149807928009063,2.685073325218978,2.5220466665552905
972,0.5,Oulu_sub90623,2.3922270383786093,2.381373481717128,2.2492789083378097,2.7956722570078103,2.6582629592216422
972,0.75,Oulu_sub90623,2.504669209588437,2.488731468540166,2.348749888666556,2.9062711887966426,2.7944792518879935
972,0.95,Oulu_sub90623,2.666435672509842,2.6431835002633637,2.4918551709460885,3.065385850189817,2.990448678837094
973,0.05,Oulu_sub91105,2.101218401060181,2.1261397380254827,1.998064600919937,2.537622739070834,2.287655737683343
973,0.25,Oulu_sub91105,2.2613877869556296,2.2798645581376205,2.140585515834581,2.6959488000507705,2.4802066916442476
973,0.5,Oulu_sub91105,2.37271984668039,2.386717067799323,2.239650308538862,2.8059995839659333,2.614046839601286
973,0.75,Oulu_sub91105,2.4840519064051496,2.4935695774610265,2.338715101243143,2.9160503678810965,2.7478869875583247
973,0.95,Oulu_sub91105,2.644221292300598,2.6472943975731638,2.481236016157787,3.074376428861034,2.9404379415192294
974,0.05,Oulu_sub91222,2.108195859787218,2.1170725709007177,2.0010212804946472,2.516265710224652,2.3158199190467323
974,0.25,Oulu_sub91222,2.2683652456826673,2.270797391012853,2.14354219540929,2.6745917712045895,2.5083708730076357
974,0.5,Oulu_sub91222,2.3796973054074275,2.3776499006745566,2.2426069881135717,2.7846425551197527,2.642211020964675
974,0.75,Oulu_sub91222,2.4910293651321873,2.48450241033626,2.341671780817853,2.894693339034915,2.7760511689217138
974,0.95,Oulu_sub91222,2.6511987510276356,2.638227230448397,2.4841926957324962,3.0530194000148536,2.9686021228826176
975,0.05,Oulu_sub91232,2.108195859787218,2.1170725709007177,2.0010212804946472,2.516265710224652,2.3158199190467323
975,0.25,Oulu_sub91232,2.2683652456826673,2.270797391012853,2.14354219540929,2.6745917712045895,2.5083708730076357
975,0.5,Oulu_sub91232,2.3796973054074275,2.3776499006745566,2.2426069881135717,2.7846425551197527,2.642211020964675
975,0.75,Oulu_sub91232,2.4910293651321873,2.48450241033626,2.341671780817853,2.894693339034915,2.7760511689217138
975,0.95,Oulu_sub91232,2.6511987510276356,2.638227230448397,2.4841926957324962,3.0530194000148536,2.9686021228826176
976,0.05,Oulu_sub94314,2.118018404247378,2.119563463170892,2.006702645729531,2.525958663825804,2.326077239606191
976,0.25,Oulu_sub94314,2.279784867168781,2.27401549489409,2.149807928009063,2.685073325218978,2.5220466665552905
976,0.5,Oulu_sub94314,2.3922270383786093,2.381373481717128,2.2492789083378097,2.7956722570078103,2.6582629592216422
976,0.75,Oulu_sub94314,2.504669209588437,2.488731468540166,2.348749888666556,2.9062711887966426,2.7944792518879935
976,0.95,Oulu_sub94314,2.666435672509842,2.6431835002633637,2.4918551709460885,3.065385850189817,2.990448678837094
977,0.05,Oulu_sub95854,2.118018404247378,2.119563463170892,2.006702645729531,2.525958663825804,2.326077239606191
977,0.25,Oulu_sub95854,2.279784867168781,2.27401549489409,2.149807928009063,2.685073325218978,2.5220466665552905
977,0.5,Oulu_sub95854,2.3922270383786093,2.381373481717128,2.2492789083378097,2.7956722570078103,2.6582629592216422
977,0.75,Oulu_sub95854,2.504669209588437,2.488731468540166,2.348749888666556,2.9062711887966426,2.7944792518879935
977,0.95,Oulu_sub95854,2.666435672509842,2.6431835002633637,2.4918551709460885,3.065385850189817,2.990448678837094
978,0.05,Oulu_sub96080,2.118018404247378,2.119563463170892,2.006702645729531,2.525958663825804,2.326077239606191
978,0.25,Oulu_sub96080,2.279784867168781,2.27401549489409,2.149807928009063,2.685073325218978,2.5220466665552905
978,0.5,Oulu_sub96080,2.3922270383786093,2.381373481717128,2.2492789083378097,2.7956722570078103,2.6582629592216422
978,0.75,Oulu_sub96080,2.504669209588437,2.488731468540166,2.348749888666556,2.9062711887966426,2.7944792518879935
978,0.95,Oulu_sub96080,2.666435672509842,2.6431835002633637,2.4918551709460885,3.065385850189817,2.990448678837094
979,0.05,Oulu_sub96197,2.1110409455203394,2.128630630295658,2.0037459661548223,2.547315692671985,2.2979130582428002
979,0.25,Oulu_sub96197,2.2728074084417442,2.2830826620188565,2.1468512484343534,2.706430354065159,2.493882485191902
979,0.5,Oulu_sub96197,2.3852495796515716,2.3904406488418943,2.2463222287631,2.817029285853991,2.630098777858253
979,0.75,Oulu_sub96197,2.4976917508613994,2.497798635664932,2.3457932090918465,2.9276282176428237,2.7663150705246045
979,0.95,Oulu_sub96197,2.659458213782804,2.652250667388131,2.48889849137138,3.086742879035997,2.962284497473704
980,0.05,Oulu_sub98146,2.108195859787218,2.1170725709007177,2.0010212804946472,2.516265710224652,2.3158199190467323
980,0.25,Oulu_sub98146,2.2683652456826673,2.270797391012853,2.14354219540929,2.6745917712045895,2.5083708730076357
980,0.5,Oulu_sub98146,2.3796973054074275,2.3776499006745566,2.2426069881135717,2.7846425551197527,2.642211020964675
980,0.75,Oulu_sub98146,2.4910293651321873,2.48450241033626,2.341671780817853,2.894693339034915,2.7760511689217138
980,0.95,Oulu_sub98146,2.6511987510276356,2.638227230448397,2.4841926957324962,3.0530194000148536,2.9686021228826176
981,0.05,Oulu_sub98207,2.1110409455203394,2.128630630295658,2.0037459661548223,2.547315692671985,2.2979130582428002
981,0.25,Oulu_sub98207,2.2728074084417442,2.2830826620188565,2.1468512484343534,2.706430354065159,2.493882485191902
981,0.5,Oulu_sub98207,2.3852495796515716,2.3904406488418943,2.2463222287631,2.817029285853991,2.630098777858253
981,0.75,Oulu_sub98207,2.4976917508613994,2.497798635664932,2.3457932090918465,2.9276282176428237,2.7663150705246045
981,0.95,Oulu_sub98207,2.659458213782804,2.652250667388131,2.48889849137138,3.086742879035997,2.962284497473704
982,0.05,Oulu_sub98439,2.1110409455203394,2.128630630295658,2.0037459661548223,2.547315692671985,2.2979130582428002
982,0.25,Oulu_sub98439,2.2728074084417442,2.2830826620188565,2.1468512484343534,2.706430354065159,2.493882485191902
982,0.5,Oulu_sub98439,2.3852495796515716,2.3904406488418943,2.2463222287631,2.817029285853991,2.630098777858253
982,0.75,Oulu_sub98439,2.4976917508613994,2.497798635664932,2.3457932090918465,2.9276282176428237,2.7663150705246045
982,0.95,Oulu_sub98439,2.659458213782804,2.652250667388131,2.48889849137138,3.086742879035997,2.962284497473704
983,0.05,Oulu_sub98661,2.118018404247378,2.119563463170892,2.006702645729531,2.525958663825804,2.326077239606191
983,0.25,Oulu_sub98661,2.279784867168781,2.27401549489409,2.149807928009063,2.685073325218978,2.5220466665552905
983,0.5,Oulu_sub98661,2.3922270383786093,2.381373481717128,2.2492789083378097,2.7956722570078103,2.6582629592216422
983,0.75,Oulu_sub98661,2.504669209588437,2.488731468540166,2.348749888666556,2.9062711887966426,2.7944792518879935
983,0.95,Oulu_sub98661,2.666435672509842,2.6431835002633637,2.4918551709460885,3.065385850189817,2.990448678837094
984,0.05,Oulu_sub98739,2.101218401060181,2.1261397380254827,1.998064600919937,2.537622739070834,2.287655737683343
984,0.25,Oulu_sub98739,2.2613877869556296,2.2798645581376205,2.140585515834581,2.6959488000507705,2.4802066916442476
984,0.5,Oulu_sub98739,2.37271984668039,2.386717067799323,2.239650308538862,2.8059995839659333,2.614046839601286
984,0.75,Oulu_sub98739,2.4840519064051496,2.4935695774610265,2.338715101243143,2.9160503678810965,2.7478869875583247
984,0.95,Oulu_sub98739,2.644221292300598,2.6472943975731638,2.481236016157787,3.074376428861034,2.9404379415192294
985,0.05,Oulu_sub99718,2.108195859787218,2.1170725709007177,2.0010212804946472,2.516265710224652,2.3158199190467323
985,0.25,Oulu_sub99718,2.2683652456826673,2.270797391012853,2.14354219540929,2.6745917712045895,2.5083708730076357
985,0.5,Oulu_sub99718,2.3796973054074275,2.3776499006745566,2.2426069881135717,2.7846425551197527,2.642211020964675
985,0.75,Oulu_sub99718,2.4910293651321873,2.48450241033626,2.341671780817853,2.894693339034915,2.7760511689217138
985,0.95,Oulu_sub99718,2.6511987510276356,2.638227230448397,2.4841926957324962,3.0530194000148536,2.9686021228826176
986,0.05,Oxford_sub02248,1.9877560244469816,2.0684087580303245,2.284819648230709,2.494505052130442,2.227618473700312
986,0.25,Oxford_sub02248,2.1513684644330593,2.224094527188302,2.4286895027209,2.6545827476524217,2.4268088196096076
986,0.5,Oxford_sub02248,2.265093754933542,2.3323100719585446,2.528691929171794,2.7658510743605493,2.565263939253041
986,0.75,Oxford_sub02248,2.378819045434025,2.4405256167287868,2.6286943556226885,2.8771194010686774,2.703719058896473
986,0.95,Oxford_sub02248,2.5424314854201038,2.596211385886764,2.772564210112879,3.0371970965906567,2.90290940480577
987,0.05,Oxford_sub07210,1.9390213186546768,2.038905043232323,2.216221464615012,2.3726252030172996,2.1834904360690044
987,0.25,Oxford_sub07210,2.0887004217973955,2.190858128020356,2.3641937255909484,2.5288955016699357,2.355388829405144
987,0.5,Oxford_sub07210,2.192740796039145,2.29647912304637,2.467047691749839,2.637517346759345,2.474873599147481
987,0.75,Oxford_sub07210,2.296781170280895,2.402100118072384,2.56990165790873,2.746139191848755,2.5943583688898193
987,0.95,Oxford_sub07210,2.4464602734236136,2.554053202860418,2.7178739188846652,2.90240949050139,2.766256762225959
988,0.05,Oxford_sub13304,1.9414996925636543,2.035872666001195,2.1994657928986,2.356544473203308,2.176598439862995
988,0.25,Oxford_sub13304,2.089157328411062,2.1872865736733695,2.351448140652422,2.5130967884379163,2.347914259797367
988,0.5,Oxford_sub13304,2.191792601943989,2.2925327923429055,2.4570894760589437,2.6219146602946877,2.4669940888801847
988,0.75,Oxford_sub13304,2.2944278754769147,2.3977790110124424,2.5627308114654674,2.7307325321514595,2.5860739179630023
988,0.95,Oxford_sub13304,2.442085511324321,2.549192918684617,2.714713159219287,2.887284847386066,2.7573897378973755
989,0.05,Oxford_sub16112,1.983141842889677,2.05639026804405,2.2822112774369665,2.4635819788817197,2.2431188076011597
989,0.25,Oxford_sub16112,2.144908305811082,2.2108422997672483,2.4253165597165,2.6226966402748935,2.43908823455026
989,0.5,Oxford_sub16112,2.2573504770209087,2.3182002865902867,2.5247875400452457,2.7332955720637253,2.5753045272166117
989,0.75,Oxford_sub16112,2.3697926482307365,2.4255582734133245,2.6242585203739925,2.8438945038525576,2.7115208198829626
989,0.95,Oxford_sub16112,2.531559111152141,2.5800103051365224,2.767363802653526,3.0030091652457322,2.9074902468320625
990,0.05,Oxford_sub17516,1.931969667876042,2.049104723480853,2.219190222578969,2.4001996310563816,2.1581994426569144
990,0.25,Oxford_sub17516,2.0824511672853676,2.2012928920169834,2.3659072015120697,2.556405566692094,2.330725616071801
990,0.5,Oxford_sub17516,2.1870492787537246,2.3070772912899273,2.467888634292729,2.664982673723701,2.4506467491605455
990,0.75,Oxford_sub17516,2.2916473902220815,2.4128616905628713,2.56987006707339,2.773559780755309,2.5705678822492892
990,0.95,Oxford_sub17516,2.442128889631406,2.5650498590990023,2.7165870460064903,2.929765716391019,2.743094055664176
991,0.05,Oxford_sub23740,1.944838484274756,2.045246463117207,2.2466192505546863,2.4080953135304464,2.2015741825541184
991,0.25,Oxford_sub23740,2.099065896194665,2.1982796230889297,2.3894812911658043,2.5644525580873974,2.3794792933505153
991,0.5,Oxford_sub23740,2.2062677521490275,2.3046513670435576,2.4887831967627965,2.6731348383627074,2.5031392693802257
991,0.75,Oxford_sub23740,2.3134696081033894,2.411023110998186,2.58808510235979,2.7818171186380174,2.626799245409935
991,0.95,Oxford_sub23740,2.4676970200232984,2.564056270969909,2.730947142970908,2.9381743631949675,2.8047043562063316
992,0.05,Oxford_sub24528,1.9334959617966092,2.0515683615058493,2.2313392590263645,2.41394265906303,2.165005875138885
992,0.25,Oxford_sub24528,2.085750921385555,2.204225872180504,2.3758402504762532,2.5701226045925942,2.3395909774421724
992,0.5,Oxford_sub24528,2.191581746418574,2.3103365062498495,2.4762813736062834,2.678681646174094,2.4609432504000672
992,0.75,Oxford_sub24528,2.2974125714515936,2.416447140319196,2.576722496736314,2.7872406877555935,2.582295523357962
992,0.95,Oxford_sub24528,2.449667531040539,2.569104650993851,2.7212234881862023,2.943420633285158,2.756880625661249
993,0.05,Oxford_sub40095,1.944838484274756,2.045246463117207,2.2466192505546863,2.4080953135304464,2.2015741825541184
993,0.25,Oxford_sub40095,2.099065896194665,2.1982796230889297,2.3894812911658043,2.5644525580873974,2.3794792933505153
993,0.5,Oxford_sub40095,2.2062677521490275,2.3046513670435576,2.4887831967627965,2.6731348383627074,2.5031392693802257
993,0.75,Oxford_sub40095,2.3134696081033894,2.411023110998186,2.58808510235979,2.7818171186380174,2.626799245409935
993,0.95,Oxford_sub40095,2.4676970200232984,2.564056270969909,2.730947142970908,2.9381743631949675,2.8047043562063316
994,0.05,Oxford_sub40451,1.933411069675411,2.045892151409007,2.201886966585103,2.3828367212671013,2.1504782000629485
994,0.25,Oxford_sub40451,2.0816743286638193,2.197444297154996,2.3525217779176946,2.5392900370101343,2.321795837388867
994,0.5,Oxford_sub40451,2.1847305644881816,2.3027866036593236,2.4572264548954483,2.648039095358962,2.4408769297214814
994,0.75,Oxford_sub40451,2.287786800312546,2.4081289101636503,2.561931131873202,2.7567881537077894,2.559958022054095
994,0.95,Oxford_sub40451,2.4360500593009538,2.5596810559096412,2.712565943205793,2.913241469450822,2.731275659380013
995,0.05,Oxford_sub47141,1.9404734205236478,2.0425011943810816,2.234295938601074,2.39258563021685,2.1931700565022734
995,0.25,Oxford_sub47141,2.092728380112593,2.195158705055738,2.3787969300509633,2.5487655757464136,2.367755158805562
995,0.5,Oxford_sub47141,2.1985592051456115,2.3012693391250836,2.4792380531809934,2.6573246173279133,2.489107431763456
995,0.75,Oxford_sub47141,2.3043900301786313,2.4073799731944296,2.579679176311024,2.765883658909413,2.610459704721351
995,0.95,Oxford_sub47141,2.4566449897675766,2.5600374838690834,2.7241801677609137,2.9220636044389776,2.785044807024638
996,0.05,Oxford_sub48778,1.937861025547718,2.0543136302419724,2.2436625709799762,2.429452342376626,2.1734100011907307
996,0.25,Oxford_sub48778,2.0920884374676265,2.207346790213696,2.3865246115910943,2.5858095869335784,2.3513151119871267
996,0.5,Oxford_sub48778,2.1992902934219893,2.313718534168325,2.485826517188088,2.6944918672088884,2.474975088016837
996,0.75,Oxford_sub48778,2.306492149376352,2.420090278122952,2.58512842278508,2.8031741474841985,2.598635064046546
996,0.95,Oxford_sub48778,2.460719561296261,2.573123438094675,2.727990463396198,2.9595313920411495,2.7765401748429426
997,0.05,Oxford_sub56945,1.932423318032565,2.0503025171182228,2.2252263196923714,2.4068518677892228,2.1614159243572972
997,0.25,Oxford_sub56945,2.0837647845548193,2.202730172666918,2.370776931204804,2.563024442025442,2.3348286693923166
997,0.5,Oxford_sub56945,2.188960650141059,2.308681036849727,2.4719476342282594,2.671578359898273,2.455366049112783
997,0.75,Oxford_sub56945,2.2941565157273,2.414631901032535,2.5731183372517137,2.780132277771105,2.5759034288332474
997,0.95,Oxford_sub56945,2.4454979822495546,2.5670595565812304,2.7186689487641464,2.936304852007324,2.7493161738682668
998,0.05,Oxford_sub57368,1.952760000162768,2.0482841535911547,2.2588453222787117,2.4253861315227745,2.2117360532688872
998,0.25,Oxford_sub57368,2.109133508415871,2.2014941194877293,2.400868627176977,2.5822106622589676,2.394486351372291
998,0.5,Oxford_sub57368,2.2178270934157447,2.307988759385768,2.49958753637953,2.691217748254953,2.521514166265999
998,0.75,Oxford_sub57368,2.32652067841562,2.414483399283806,2.5983064455820823,2.8002248342509386,2.648541981159707
998,0.95,Oxford_sub57368,2.482894186668722,2.567693365180379,2.7403297504803485,2.9570493649871317,2.8312922792631103
999,0.05,Oxford_sub66945,1.931969667876042,2.049104723480853,2.219190222578969,2.4001996310563816,2.1581994426569144
999,0.25,Oxford_sub66945,2.0824511672853676,2.2012928920169834,2.3659072015120697,2.556405566692094,2.330725616071801
999,0.5,Oxford_sub66945,2.1870492787537246,2.3070772912899273,2.467888634292729,2.664982673723701,2.4506467491605455
999,0.75,Oxford_sub66945,2.2916473902220815,2.4128616905628713,2.56987006707339,2.773559780755309,2.5705678822492892
999,0.95,Oxford_sub66945,2.442128889631406,2.5650498590990023,2.7165870460064903,2.929765716391019,2.743094055664176
1000,0.05,Oxford_sub68195,1.9334959617966092,2.0515683615058493,2.2313392590263645,2.41394265906303,2.165005875138885
1000,0.25,Oxford_sub68195,2.085750921385555,2.204225872180504,2.3758402504762532,2.5701226045925942,2.3395909774421724
1000,0.5,Oxford_sub68195,2.191581746418574,2.3103365062498495,2.4762813736062834,2.678681646174094,2.4609432504000672
1000,0.75,Oxford_sub68195,2.2974125714515936,2.416447140319196,2.576722496736314,2.7872406877555935,2.582295523357962
1000,0.95,Oxford_sub68195,2.449667531040539,2.569104650993851,2.7212234881862023,2.943420633285158,2.756880625661249
1001,0.05,Oxford_sub71633,1.9404734205236478,2.0425011943810816,2.234295938601074,2.39258563021685,2.1931700565022734
1001,0.25,Oxford_sub71633,2.092728380112593,2.195158705055738,2.3787969300509633,2.5487655757464136,2.367755158805562
1001,0.5,Oxford_sub71633,2.1985592051456115,2.3012693391250836,2.4792380531809934,2.6573246173279133,2.489107431763456
1001,0.75,Oxford_sub71633,2.3043900301786313,2.4073799731944296,2.579679176311024,2.765883658909413,2.610459704721351
1001,0.95,Oxford_sub71633,2.4566449897675766,2.5600374838690834,2.7241801677609137,2.9220636044389776,2.785044807024638
1002,0.05,Oxford_sub74429,1.9352784473069178,2.05290476117687,2.237495785667583,2.421475305387334,2.1689962899374557
1002,0.25,Oxford_sub74429,2.088496559929156,2.205768616688762,2.38109140534306,2.577713331683207,2.3450684055048385
1002,0.5,Oxford_sub74429,2.19499686253073,2.312022678889611,2.48090321405137,2.686312744596015,2.4674542857816637
1002,0.75,Oxford_sub74429,2.301497165132306,2.4182767410904606,2.5807150227596827,2.7949121575088234,2.5898401660584884
1002,0.95,Oxford_sub74429,2.4547152777545422,2.5711405966023513,2.7243106424351593,2.9511501838046956,2.765912281625873
1003,0.05,Oxford_sub76621,1.937861025547718,2.0543136302419724,2.2436625709799762,2.429452342376626,2.1734100011907307
1003,0.25,Oxford_sub76621,2.0920884374676265,2.207346790213696,2.3865246115910943,2.5858095869335784,2.3513151119871267
1003,0.5,Oxford_sub76621,2.1992902934219893,2.313718534168325,2.485826517188088,2.6944918672088884,2.474975088016837
1003,0.75,Oxford_sub76621,2.306492149376352,2.420090278122952,2.58512842278508,2.8031741474841985,2.598635064046546
1003,0.95,Oxford_sub76621,2.460719561296261,2.573123438094675,2.727990463396198,2.9595313920411495,2.7765401748429426
1004,0.05,Oxford_sub79611,1.932423318032565,2.0503025171182228,2.2252263196923714,2.4068518677892228,2.1614159243572972
1004,0.25,Oxford_sub79611,2.0837647845548193,2.202730172666918,2.370776931204804,2.563024442025442,2.3348286693923166
1004,0.5,Oxford_sub79611,2.188960650141059,2.308681036849727,2.4719476342282594,2.671578359898273,2.455366049112783
1004,0.75,Oxford_sub79611,2.2941565157273,2.414631901032535,2.5731183372517137,2.780132277771105,2.5759034288332474
1004,0.95,Oxford_sub79611,2.4454979822495546,2.5670595565812304,2.7186689487641464,2.936304852007324,2.7493161738682668
1005,0.05,Oxford_sub80089,1.93894712660308,2.0400375563560873,2.2221469021536784,2.378842602210201,2.1863636240203035
1005,0.25,Oxford_sub80089,2.089428626012404,2.1922257248922166,2.3688638810867793,2.5350485378459133,2.3588897974351903
1005,0.5,Oxford_sub80089,2.194026737480762,2.2980101241651614,2.4708453138674393,2.6436256448775204,2.4788109305239336
1005,0.75,Oxford_sub80089,2.298624848949119,2.403794523438105,2.572826746648099,2.752202751909128,2.5987320636126783
1005,0.95,Oxford_sub80089,2.449106348358444,2.5559826919742354,2.719543725581202,2.9084086875448385,2.771258237027566
1006,0.05,Oxford_sub82071,1.931969667876042,2.049104723480853,2.219190222578969,2.4001996310563816,2.1581994426569144
1006,0.25,Oxford_sub82071,2.0824511672853676,2.2012928920169834,2.3659072015120697,2.556405566692094,2.330725616071801
1006,0.5,Oxford_sub82071,2.1870492787537246,2.3070772912899273,2.467888634292729,2.664982673723701,2.4506467491605455
1006,0.75,Oxford_sub82071,2.2916473902220815,2.4128616905628713,2.56987006707339,2.773559780755309,2.5705678822492892
1006,0.95,Oxford_sub82071,2.442128889631406,2.5650498590990023,2.7165870460064903,2.929765716391019,2.743094055664176
1007,0.05,Oxford_sub85152,1.9414996925636543,2.035872666001195,2.1994657928986,2.356544473203308,2.176598439862995
1007,0.25,Oxford_sub85152,2.089157328411062,2.1872865736733695,2.351448140652422,2.5130967884379163,2.347914259797367
1007,0.5,Oxford_sub85152,2.191792601943989,2.2925327923429055,2.4570894760589437,2.6219146602946877,2.4669940888801847
1007,0.75,Oxford_sub85152,2.2944278754769147,2.3977790110124424,2.5627308114654674,2.7307325321514595,2.5860739179630023
1007,0.95,Oxford_sub85152,2.442085511324321,2.549192918684617,2.714713159219287,2.887284847386066,2.7573897378973755
1008,0.05,PaloAlto_sub04856,2.2727486086221105,2.162455824170638,2.0446970326970026,2.310999135057544,2.412457489057944
1008,0.25,PaloAlto_sub04856,2.419193813317439,2.319107751344792,2.201929666196521,2.46562911406485,2.588891460135298
1008,0.5,PaloAlto_sub04856,2.520986338676734,2.4279948624156678,2.311220420141699,2.5731107901781445,2.711528862380709
1008,0.75,PaloAlto_sub04856,2.622778864036028,2.5368819734865435,2.4205111740868768,2.680592466291438,2.834166264626119
1008,0.95,PaloAlto_sub04856,2.769224068731358,2.693533900660698,2.577743807586395,2.835222445298744,3.0106002357034716
1009,0.05,PaloAlto_sub15213,2.2668050660729633,2.172445095574886,2.093598741528104,2.3538778192857226,2.435683983303134
1009,0.25,PaloAlto_sub15213,2.416484169215682,2.32439818036292,2.241571002504039,2.5101481179383587,2.6075823766392734
1009,0.5,PaloAlto_sub15213,2.5205245434574315,2.430019175388934,2.3444249686629304,2.618769963027768,2.7270671463816107
1009,0.75,PaloAlto_sub15213,2.6245649176991805,2.5356401704149483,2.4472789348218207,2.727391808117178,2.846551916123949
1009,0.95,PaloAlto_sub15213,2.774244020841901,2.687593255202982,2.5952511957977578,2.8836621067698127,3.0184503094600896
1010,0.05,PaloAlto_sub20732,2.2762708331119694,2.164842878645982,2.0515686350757747,2.3169623875243235,2.4196427906909257
1010,0.25,PaloAlto_sub20732,2.4219362495094576,2.317129341592187,2.2098110564529994,2.4735502055955374,2.5934672716108733
1010,0.5,PaloAlto_sub20732,2.523186752204043,2.422982064278322,2.3198037033578185,2.582392755101558,2.71429084462524
1010,0.75,PaloAlto_sub20732,2.624437254898628,2.528834786964458,2.429796350262638,2.6912353046075785,2.8351144176396073
1010,0.95,PaloAlto_sub20732,2.770102671296117,2.681121249910662,2.5880387716398627,2.8478231226787916,3.008938898559554
1011,0.05,PaloAlto_sub29935,2.267315890451594,2.171375092732565,2.0878188623250074,2.3480914203202508,2.4331215927220757
1011,0.25,PaloAlto_sub29935,2.4162542475672346,2.323111532185396,2.237106849265635,2.5044474235083163,2.6046253726908932
1011,0.5,PaloAlto_sub29935,2.519779737017071,2.4285819393118375,2.3408753627386916,2.613128840921139,2.723835850821678
1011,0.75,PaloAlto_sub29935,2.6233052264669086,2.534052346438279,2.444643876211748,2.721810258333961,2.8430463289524623
1011,0.95,PaloAlto_sub29935,2.7722435835825485,2.685788785891111,2.5939318631523745,2.8781662615220274,3.0145501089212807
1012,0.05,PaloAlto_sub38088,2.273244026495658,2.1668869021487054,2.0624403686658654,2.3255082314083,2.423757146118751
1012,0.25,PaloAlto_sub38088,2.419536230555322,2.3182954573515215,2.2181486950774985,2.482264093706324,2.5959339639840744
1012,0.5,PaloAlto_sub38088,2.5212224067779667,2.423537955575763,2.3263799191580983,2.5912234489913715,2.7156122636955673
1012,0.75,PaloAlto_sub38088,2.6229085830006107,2.5287804538000045,2.434611143238697,2.7001828042764187,2.8352905634070593
1012,0.95,PaloAlto_sub38088,2.7692007870602744,2.6801890090028224,2.59031946965033,2.856938666574444,3.0074673812723827
1013,0.05,PaloAlto_sub46856,2.301103045847805,2.1874394281164387,2.153907189115174,2.43514164154899,2.4850550342758306
1013,0.25,PaloAlto_sub46856,2.4612724317432537,2.3411642482285764,2.2964281040298182,2.5934677025289274,2.6776059882367353
1013,0.5,PaloAlto_sub46856,2.5726044914680135,2.44801675789028,2.395492896734099,2.7035184864440907,2.811446136193774
1013,0.75,PaloAlto_sub46856,2.6839365511927746,2.5548692675519824,2.49455768943838,2.813569270359254,2.945286284150813
1013,0.95,PaloAlto_sub46856,2.844105937088222,2.70859408766412,2.6370786043530248,2.9718953313391907,3.137837238111718
1014,0.05,PaloAlto_sub54541,2.276094212131368,2.1802687942986037,2.1301394133770777,2.397770726183974,2.458622290200767
1014,0.25,PaloAlto_sub54541,2.431374111349154,2.333421262706329,2.2724677013740524,2.5543194429091716,2.6387408188825314
1014,0.5,PaloAlto_sub54541,2.5393075401821377,2.4398759367031024,2.3713986011287997,2.663134813479807,2.763939318462368
1014,0.75,PaloAlto_sub54541,2.647240969015123,2.5463306106998767,2.4703295008835466,2.771950184050442,2.889137818042206
1014,0.95,PaloAlto_sub54541,2.802520868232909,2.6994830791076003,2.612657788880522,2.9284989007756397,3.0692563467239697
1015,0.05,PaloAlto_sub58313,2.2805437475810546,2.1818242059337205,2.136222599191803,2.406638747791197,2.4639296005030173
1015,0.25,PaloAlto_sub58313,2.436917255834157,2.3350341718302934,2.2782459040900678,2.56346327852739,2.6466798986064215
1015,0.5,PaloAlto_sub58313,2.545610840834032,2.441528811728332,2.3769648132926213,2.672470364523376,2.7737077135001296
1015,0.75,PaloAlto_sub58313,2.654304425833907,2.54802345162637,2.475683722495173,2.7814774505193616,2.9007355283938376
1015,0.95,PaloAlto_sub58313,2.8106779340870096,2.701233417522944,2.6177070273934397,2.9383019812555546,3.083485826497241
1016,0.05,PaloAlto_sub61001,2.2667308740213663,2.1735776086986505,2.0995241790667687,2.360095218478624,2.4385571712544336
1016,0.25,PaloAlto_sub61001,2.4172123734306914,2.325765777234781,2.2462411579998705,2.5163011541143354,2.61108334466932
1016,0.5,PaloAlto_sub61001,2.521810484899048,2.431550176507725,2.3482225907805305,2.624878261145943,2.7310044777580638
1016,0.75,PaloAlto_sub61001,2.6264085963674053,2.5373345757806685,2.4502040235611906,2.733455368177551,2.8509256108468084
1016,0.95,PaloAlto_sub61001,2.7768900957767313,2.6895227443167986,2.596921002494292,2.8896613038132624,3.023451784261695
1017,0.05,PaloAlto_sub61241,2.2671845241778876,2.1747754023360204,2.1055602761801717,2.366747455211464,2.441773652954816
1017,0.25,PaloAlto_sub61241,2.4185259907001426,2.327203057884716,2.2511108876926054,2.5229200294476835,2.615186397989836
1017,0.5,PaloAlto_sub61241,2.5237218562863832,2.433153922067525,2.3522815907160597,2.631473947320515,2.7357237777103016
1017,0.75,PaloAlto_sub61241,2.6289177218726247,2.539104786250333,2.4534522937395145,2.7400278651933463,2.8562611574307666
1017,0.95,PaloAlto_sub61241,2.7802591883948775,2.6915324417990276,2.5990029052519468,2.896200439429566,3.0296739024657864
1018,0.05,PaloAlto_sub66941,2.2766590596340888,2.164267123940678,2.0489476905322963,2.3149427976621144,2.4183217097756504
1018,0.25,PaloAlto_sub66941,2.422291386066913,2.3171012458922804,2.207604373959083,2.4713380063417976,2.5927521371851285
1018,0.5,PaloAlto_sub66941,2.5235188882742223,2.4233346406073215,2.317884970068338,2.580046675080519,2.7139968972471036
1018,0.75,PaloAlto_sub66941,2.624746390481533,2.5295680353223635,2.4281655661775923,2.68875534381924,2.8352416573090777
1018,0.95,PaloAlto_sub66941,2.7703787169143554,2.6824021572739656,2.5868222496043796,2.8451505524989233,3.0096720847185563
1019,0.05,PaloAlto_sub70752,2.2674975789640515,2.1752196408504627,2.0554057358728706,2.3436019100257424,2.3941641197533734
1019,0.25,PaloAlto_sub70752,2.4134952844385786,2.326805894758248,2.2121381087018612,2.5003582627105554,2.5668360007952447
1019,0.5,PaloAlto_sub70752,2.514976757784416,2.4321719094879946,2.3210811367034223,2.609317958858314,2.686858413726819
1019,0.75,PaloAlto_sub70752,2.6164582311302524,2.537537924217741,2.4300241647049825,2.7182776550060725,2.8068808266583933
1019,0.95,PaloAlto_sub70752,2.7624559366047787,2.6891241781255264,2.586756537533974,2.875034007690886,2.979552707700265
1020,0.05,PaloAlto_sub84978,2.2727486086221105,2.162455824170638,2.0446970326970026,2.310999135057544,2.412457489057944
1020,0.25,PaloAlto_sub84978,2.419193813317439,2.319107751344792,2.201929666196521,2.46562911406485,2.588891460135298
1020,0.5,PaloAlto_sub84978,2.520986338676734,2.4279948624156678,2.311220420141699,2.5731107901781445,2.711528862380709
1020,0.75,PaloAlto_sub84978,2.622778864036028,2.5368819734865435,2.4205111740868768,2.680592466291438,2.834166264626119
1020,0.95,PaloAlto_sub84978,2.769224068731358,2.693533900660698,2.577743807586395,2.835222445298744,3.0106002357034716
1021,0.05,PaloAlto_sub88286,2.292879536893886,2.1853201643546094,2.14811486440447,2.425455072351036,2.4767162947727868
1021,0.25,PaloAlto_sub88286,2.4516506085941416,2.3386860519733697,2.290249269700417,2.5831489981632862,2.665820352590667
1021,0.5,PaloAlto_sub88286,2.562010714792184,2.4452890714246536,2.389045403623793,2.6927603915554124,2.797264599201673
1021,0.75,PaloAlto_sub88286,2.6723708209902277,2.551892090875937,2.487841537547169,2.802371784947538,2.928708845812679
1021,0.95,PaloAlto_sub88286,2.83114189269048,2.7052579784946964,2.629975942843115,2.9600657107597876,3.1178129036305586
1022,0.05,PaloAlto_sub91196,2.2859020781668478,2.1943873314793754,2.1451581848297603,2.4468121011972177,2.448552113409398
1022,0.25,PaloAlto_sub91196,2.4446731498671035,2.347753219098136,2.287292590125707,2.6045060270094678,2.637656171227278
1022,0.5,PaloAlto_sub91196,2.5550332560651468,2.4543562385494195,2.3860887240490833,2.7141174204015934,2.769100417838284
1022,0.75,PaloAlto_sub91196,2.6653933622631882,2.560959258000703,2.4848848579724594,2.823728813793719,2.900544664449289
1022,0.95,PaloAlto_sub91196,2.8241644339634453,2.7143251456194633,2.6270192632684055,2.9814227396059696,3.089648722267169
1023,0.05,PaloAlto_sub96705,2.268257167941934,2.1760412467236474,2.111673215514165,2.3738382464852705,2.445363603736404
1023,0.25,PaloAlto_sub96705,2.420512127530879,2.3286987573983016,2.2561742069640545,2.530018192014837,2.619948706039691
1023,0.5,PaloAlto_sub96705,2.5263429525638985,2.4348093914676476,2.3566153300940846,2.638577233596336,2.741300978997586
1023,0.75,PaloAlto_sub96705,2.6321737775969174,2.5409200255369946,2.457056453224115,2.747136275177836,2.8626532519554804
1023,0.95,PaloAlto_sub96705,2.7844287371858636,2.693577536211647,2.6015574446740044,2.903316220707401,3.0372383542587675
1024,0.05,PaloAlto_sub98061,2.276094212131368,2.1802687942986037,2.1301394133770777,2.397770726183974,2.458622290200767
1024,0.25,PaloAlto_sub98061,2.431374111349154,2.333421262706329,2.2724677013740524,2.5543194429091716,2.6387408188825314
1024,0.5,PaloAlto_sub98061,2.5393075401821377,2.4398759367031024,2.3713986011287997,2.663134813479807,2.763939318462368
1024,0.75,PaloAlto_sub98061,2.647240969015123,2.5463306106998767,2.4703295008835466,2.771950184050442,2.889137818042206
1024,0.95,PaloAlto_sub98061,2.802520868232909,2.6994830791076003,2.612657788880522,2.9284989007756397,3.0692563467239697
1025,0.05,Pittsburgh_sub94205,1.8865578236219775,1.9833797290457622,2.0623921884664878,2.448716958793821,1.8296220379456907
1025,0.25,Pittsburgh_sub94205,2.0429313318750806,2.136589694942337,2.2044154933647526,2.605541489530015,2.0123723360490957
1025,0.5,Pittsburgh_sub94205,2.151624916874954,2.243084334840374,2.3031344025673057,2.7145485755260004,2.1394001509428033
1025,0.75,Pittsburgh_sub94205,2.260318501874829,2.349578974738413,2.4018533117698584,2.8235556615219854,2.26642796583651
1025,0.95,Pittsburgh_sub94205,2.4166920101279312,2.502788940634986,2.5438766166681237,2.9803801922581785,2.449178263939915
1026,0.05,Pittsburgh_sub95671,1.8865578236219775,1.9833797290457622,2.0623921884664878,2.448716958793821,1.8296220379456907
1026,0.25,Pittsburgh_sub95671,2.0429313318750806,2.136589694942337,2.2044154933647526,2.605541489530015,2.0123723360490957
1026,0.5,Pittsburgh_sub95671,2.151624916874954,2.243084334840374,2.3031344025673057,2.7145485755260004,2.1394001509428033
1026,0.75,Pittsburgh_sub95671,2.260318501874829,2.349578974738413,2.4018533117698584,2.8235556615219854,2.26642796583651
1026,0.95,Pittsburgh_sub95671,2.4166920101279312,2.502788940634986,2.5438766166681237,2.9803801922581785,2.449178263939915
1027,0.05,Pittsburgh_sub97823,1.8759745482427266,1.9636609106095235,1.9715558727630833,2.3531144712463505,1.776382938888285
1027,0.25,Pittsburgh_sub97823,2.0228751921694985,2.1217471265804506,2.127508678993267,2.5070008311328724,1.9530821656962136
1027,0.5,Pittsburgh_sub97823,2.124984288560346,2.2316311967461764,2.235909838430791,2.613965625396962,2.075903944417021
1027,0.75,Pittsburgh_sub97823,2.2270933849511945,2.3415152669119013,2.3443109978683143,2.7209304196610518,2.198725723137832
1027,0.95,Pittsburgh_sub97823,2.3739940288779673,2.4996014828828286,2.5002638040984975,2.8748167795475736,2.3754249499457565
1028,0.05,Queensland_sub02459,2.240186104136728,2.2440725982345398,1.9303761973426221,2.6064251269191163,2.4830584925691808
1028,0.25,Queensland_sub02459,2.3954660033545134,2.3972250666422656,2.0727044853395964,2.7629738436443145,2.6631770212509447
1028,0.5,Queensland_sub02459,2.5033994321874977,2.503679740639039,2.1716353850943437,2.8717892142149495,2.788375520830782
1028,0.75,Queensland_sub02459,2.6113328610204825,2.6101344146358127,2.270566284849091,2.9806045847855844,2.9135740204106195
1028,0.95,Queensland_sub02459,2.7666127602382686,2.763286883043539,2.412894572846065,3.137153301510781,3.0936925490923834
1029,0.05,Queensland_sub04117,2.247163562863766,2.2350054311097733,1.9333328769173324,2.5850680980729357,2.5112226739325694
1029,0.25,Queensland_sub04117,2.402443462081551,2.3881578995174992,2.0756611649143064,2.7416168147981335,2.691341202614334
1029,0.5,Queensland_sub04117,2.5103768909145354,2.4946125735142726,2.1745920646690537,2.850432185368768,2.816539702194171
1029,0.75,Queensland_sub04117,2.6183103197475193,2.6010672475110455,2.2735229644238006,2.9592475559394025,2.9417382017740072
1029,0.95,Queensland_sub04117,2.773590218965306,2.7542197159187722,2.415851252420775,3.1157962726646016,3.121856730455773
1030,0.05,Queensland_sub16164,2.2367141236984027,2.2425903193957075,1.9242333114333214,2.598002330534012,2.4782039321566636
1030,0.25,Queensland_sub16164,2.3909415356183112,2.3956234793674307,2.06709535204444,2.754359575090963,2.6561090429530596
1030,0.5,Queensland_sub16164,2.4981433915726736,2.5019952233220586,2.1663972576414317,2.863041855366273,2.779769018982769
1030,0.75,Queensland_sub16164,2.605345247527036,2.608366967276687,2.2656991632384247,2.9717241356415833,2.9034289950124785
1030,0.95,Queensland_sub16164,2.7595726594469454,2.7614001272484074,2.4085612038495436,3.1280813801985343,3.081334105808873
1031,0.05,Queensland_sub16849,2.2322641678260946,2.2341688405627402,1.8824577070384478,2.5513867094244853,2.4552721310288828
1031,0.25,Queensland_sub16849,2.380527426814502,2.3857209863087308,2.0330925183710393,2.7078400251675183,2.6265897683548007
1031,0.5,Queensland_sub16849,2.4835836626388663,2.4910632928130574,2.137797195348794,2.8165890835163463,2.7456708606874143
1031,0.75,Queensland_sub16849,2.5866398984632304,2.596405599317384,2.242501872326547,2.9253381418651747,2.864751953020028
1031,0.95,Queensland_sub16849,2.7349031574516367,2.747957745063374,2.3931366836591383,3.0817914576082064,3.0360695903459467
1032,0.05,Queensland_sub36229,2.2322641678260946,2.2341688405627402,1.8824577070384478,2.5513867094244853,2.4552721310288828
1032,0.25,Queensland_sub36229,2.380527426814502,2.3857209863087308,2.0330925183710393,2.7078400251675183,2.6265897683548007
1032,0.5,Queensland_sub36229,2.4835836626388663,2.4910632928130574,2.137797195348794,2.8165890835163463,2.7456708606874143
1032,0.75,Queensland_sub36229,2.5866398984632304,2.596405599317384,2.242501872326547,2.9253381418651747,2.864751953020028
1032,0.95,Queensland_sub36229,2.7349031574516367,2.747957745063374,2.3931366836591383,3.0817914576082064,3.0360695903459467
1033,0.05,Queensland_sub39524,2.2436915824254395,2.233523152270942,1.9271899910080308,2.5766453016878303,2.506368113520052
1033,0.25,Queensland_sub39524,2.3979189943453494,2.3865563122426643,2.0700520316191486,2.733002546244782,2.6842732243164487
1033,0.5,Queensland_sub39524,2.5051208502997113,2.4929280561972917,2.1693539372161417,2.8416848265200914,2.8079332003461586
1033,0.75,Queensland_sub39524,2.6123227062540737,2.59929980015192,2.2686558428131347,2.9503671067954023,2.931593176375867
1033,0.95,Queensland_sub39524,2.7665501181739818,2.752332960123642,2.4115178834242523,3.106724351352354,3.109498287172265
1034,0.05,Queensland_sub42533,2.263948887626283,2.2400568011657795,1.9513083279447234,2.612752444239999,2.52931667850459
1034,0.25,Queensland_sub42533,2.4227199593265385,2.39342268878454,2.0934427332406704,2.770446370052248,2.7184207363224697
1034,0.5,Queensland_sub42533,2.5330800655245813,2.500025708235823,2.192238867164047,2.880057763444374,2.849864982933475
1034,0.75,Queensland_sub42533,2.6434401717226237,2.6066287276871063,2.291035001087423,2.9896691568365004,2.981309229544482
1034,0.95,Queensland_sub42533,2.802211243422878,2.7599946153058665,2.43316940638337,3.147363082648749,3.1704132873623614
1035,0.05,Queensland_sub47468,2.2569714288992455,2.249123968290546,1.9483516483700145,2.63410947308618,2.501152497141201
1035,0.25,Queensland_sub47468,2.415742500599501,2.402489855909306,2.0904860536659613,2.7918033988984288,2.6902565549590807
1035,0.5,Queensland_sub47468,2.5261026067975427,2.50909287536059,2.1892821875893373,2.9014147922905544,2.821700801570087
1035,0.75,Queensland_sub47468,2.636462712995587,2.615695894811873,2.288078321512713,3.01102618568268,2.953145048181093
1035,0.95,Queensland_sub47468,2.795233784695841,2.7690617824306334,2.43021272680866,3.1687201114949306,3.142249105998972
1036,0.05,Queensland_sub49845,2.250175578304374,2.247283368614189,1.9424544498446736,2.6245633787735865,2.494261746675911
1036,0.25,Queensland_sub49845,2.4076977382816316,2.400522811679301,2.08441742535319,2.7817631960826024,2.680049378363125
1036,0.5,Queensland_sub49845,2.517189739043929,2.5070379408479324,2.183094400229874,2.8910311398380513,2.8091884119648665
1036,0.75,Queensland_sub49845,2.6266817398062257,2.613553070016564,2.281771375106557,3.0002990835935015,2.938327445566607
1036,0.95,Queensland_sub49845,2.784203899783484,2.766792513081675,2.4237343506150744,3.157498900902517,3.124115077253821
1037,0.05,Queensland_sub56353,2.2308969580783224,2.2362488995108225,1.8938355254936474,2.5625322200208656,2.4601201856715473
1037,0.25,Queensland_sub56353,2.3805760612210416,2.3882019842988567,2.0418077864695836,2.7188025186735008,2.6320185790076867
1037,0.5,Queensland_sub56353,2.484616435462791,2.4938229793248707,2.144661752628475,2.8274243637629106,2.7515033487500244
1037,0.75,Queensland_sub56353,2.588656809704542,2.5994439743508844,2.2475157187873647,2.93604620885232,2.8709881184923622
1037,0.95,Queensland_sub56353,2.7383359128472593,2.7513970591389176,2.3954879797633013,3.0923165075049543,3.042886511828503
1038,0.05,Queensland_sub66095,2.2446356395864138,2.245628009869656,1.9364593831573478,2.61529314852634,2.488365802871431
1038,0.25,Queensland_sub66095,2.401009147839517,2.39883797576623,2.0784826880556118,2.772117679262533,2.671116100974835
1038,0.5,Queensland_sub66095,2.509702732839391,2.505332615664268,2.1772015972581658,2.8811247652585177,2.798143915868543
1038,0.75,Queensland_sub66095,2.6183963178392657,2.6118272555623063,2.2759205064607184,2.990131851254504,2.9251717307622513
1038,0.95,Queensland_sub66095,2.774769826092368,2.765037221458878,2.4179438113589837,3.1469563819906967,3.1079220288656546
1039,0.05,Queensland_sub68733,2.2935865813247025,2.247618280059292,1.9683470682587638,2.641698011441646,2.560576586029634
1039,0.25,Queensland_sub68733,2.4571990213107813,2.4033040492172697,2.1122169227489556,2.8017757069636247,2.75976693193893
1039,0.5,Queensland_sub68733,2.5709243118112637,2.511519593987512,2.2122193491998483,2.913044033671752,2.898222051582363
1039,0.75,Queensland_sub68733,2.6846496023117465,2.6197351387577545,2.312221775650743,3.024312360379881,3.0366771712257936
1039,0.95,Queensland_sub68733,2.848262042297824,2.7754209079157306,2.456091630140934,3.1843900559018583,3.235867517135092
1040,0.05,Queensland_sub70014,2.2571530370314123,2.2382162014894225,1.9454111294193828,2.603206349927405,2.5224259280393
1040,0.25,Queensland_sub70014,2.414675197008669,2.3914556445545347,2.0873741049279,2.7604061672364213,2.7082135597265142
1040,0.5,Queensland_sub70014,2.524167197770966,2.497970773723166,2.1860510798045834,2.869674110991871,2.837352593328256
1040,0.75,Queensland_sub70014,2.6336591985332642,2.6044859028917973,2.284728054681267,2.978942054747319,2.9664916269299972
1040,0.95,Queensland_sub70014,2.791181358510521,2.757725345956909,2.4266910301897844,3.1361418720563363,3.1522792586172086
1041,0.05,Queensland_sub72118,2.2341315454576027,2.2411814503306053,1.9180665261209278,2.590025293544719,2.473790220903387
1041,0.25,Queensland_sub72118,2.387349658079839,2.3940453058424955,2.0616621457964053,2.7462633198405917,2.649862336470772
1041,0.5,Queensland_sub72118,2.4938499606814144,2.500299368043345,2.161473954504716,2.8548627327533995,2.7722482167475966
1041,0.75,Queensland_sub72118,2.60035026328299,2.6065534302441953,2.261285763213027,2.963462145666208,2.8946340970244213
1041,0.95,Queensland_sub72118,2.7535683759052256,2.7594172857560855,2.404881382888504,3.119700171962081,3.070706212591804
1042,0.05,Queensland_sub80254,2.247163562863766,2.2350054311097733,1.9333328769173324,2.5850680980729357,2.5112226739325694
1042,0.25,Queensland_sub80254,2.402443462081551,2.3881578995174992,2.0756611649143064,2.7416168147981335,2.691341202614334
1042,0.5,Queensland_sub80254,2.5103768909145354,2.4946125735142726,2.1745920646690537,2.850432185368768,2.816539702194171
1042,0.75,Queensland_sub80254,2.6183103197475193,2.6010672475110455,2.2735229644238006,2.9592475559394025,2.9417382017740072
1042,0.95,Queensland_sub80254,2.773590218965306,2.7542197159187722,2.415851252420775,3.1157962726646016,3.121856730455773
1043,0.05,Queensland_sub86245,2.2569714288992455,2.249123968290546,1.9483516483700145,2.63410947308618,2.501152497141201
1043,0.25,Queensland_sub86245,2.415742500599501,2.402489855909306,2.0904860536659613,2.7918033988984288,2.6902565549590807
1043,0.5,Queensland_sub86245,2.5261026067975427,2.50909287536059,2.1892821875893373,2.9014147922905544,2.821700801570087
1043,0.75,Queensland_sub86245,2.636462712995587,2.615695894811873,2.288078321512713,3.01102618568268,2.953145048181093
1043,0.95,Queensland_sub86245,2.795233784695841,2.7690617824306334,2.43021272680866,3.1687201114949306,3.142249105998972
1044,0.05,Queensland_sub86850,2.250175578304374,2.247283368614189,1.9424544498446736,2.6245633787735865,2.494261746675911
1044,0.25,Queensland_sub86850,2.4076977382816316,2.400522811679301,2.08441742535319,2.7817631960826024,2.680049378363125
1044,0.5,Queensland_sub86850,2.517189739043929,2.5070379408479324,2.183094400229874,2.8910311398380513,2.8091884119648665
1044,0.75,Queensland_sub86850,2.6266817398062257,2.613553070016564,2.281771375106557,3.0002990835935015,2.938327445566607
1044,0.95,Queensland_sub86850,2.784203899783484,2.766792513081675,2.4237343506150744,3.157498900902517,3.124115077253821
1045,0.05,Queensland_sub88169,2.247163562863766,2.2350054311097733,1.9333328769173324,2.5850680980729357,2.5112226739325694
1045,0.25,Queensland_sub88169,2.402443462081551,2.3881578995174992,2.0756611649143064,2.7416168147981335,2.691341202614334
1045,0.5,Queensland_sub88169,2.5103768909145354,2.4946125735142726,2.1745920646690537,2.850432185368768,2.816539702194171
1045,0.75,Queensland_sub88169,2.6183103197475193,2.6010672475110455,2.2735229644238006,2.9592475559394025,2.9417382017740072
1045,0.95,Queensland_sub88169,2.773590218965306,2.7542197159187722,2.415851252420775,3.1157962726646016,3.121856730455773
1046,0.05,Queensland_sub93238,2.2819949410403613,2.244666957197785,1.9627820178903115,2.6321319670391037,2.547912738567093
1046,0.25,Queensland_sub93238,2.443761403961765,2.3991189889209825,2.1058873001698446,2.791246628432278,2.743882165516193
1046,0.5,Queensland_sub93238,2.5562035751715926,2.5064769757440204,2.205358280498591,2.9018455602211097,2.8800984581825446
1046,0.75,Queensland_sub93238,2.668645746381421,2.6138349625670587,2.3048292608273377,3.0124444920099407,3.016314750848896
1046,0.95,Queensland_sub93238,2.8304122093028243,2.768286994290257,2.44793454310687,3.171559153403116,3.2122841777979954
1047,0.05,SaintLouis_sub02115,2.1419805642599252,2.2206274394604875,2.268048003753185,2.512105329962274,2.319623876997142
1047,0.25,SaintLouis_sub02115,2.30075163596018,2.3739933270792477,2.410182409049132,2.6697992557745236,2.508727934815023
1047,0.5,SaintLouis_sub02115,2.411111742158223,2.480596346530531,2.508978542972508,2.7794106491666493,2.6401721814260286
1047,0.75,SaintLouis_sub02115,2.5214718483562657,2.587199365981814,2.6077746768958847,2.889022042558775,2.771616428037034
1047,0.95,SaintLouis_sub02115,2.6802429200565205,2.740565253600575,2.7499090821918326,3.046715968371024,2.9607204858549134
1048,0.05,SaintLouis_sub02142,2.1600266176740024,2.225237595492492,2.279521693698773,2.5314848527613796,2.3382199370596455
1048,0.25,SaintLouis_sub02142,2.321793080595407,2.379689627215691,2.422626975978306,2.6905995141545533,2.5341893640087454
1048,0.5,SaintLouis_sub02142,2.434235251805234,2.4870476140387288,2.5220979563070522,2.801198445943385,2.670405656675097
1048,0.75,SaintLouis_sub02142,2.546677423015062,2.594405600861766,2.6215689366357995,2.9117973777322175,2.806621949341449
1048,0.95,SaintLouis_sub02142,2.7084438859364672,2.748857632584965,2.7646742189153315,3.0709120391253926,3.0025913762905487
1049,0.05,SaintLouis_sub03345,2.122667316220056,2.226198648164365,2.253199058965808,2.5146460342486145,2.278673001363984
1049,0.25,SaintLouis_sub03345,2.2790408244731584,2.379408614060938,2.3952223638640735,2.6714705649848085,2.461423299467388
1049,0.5,SaintLouis_sub03345,2.387734409473033,2.485903253958976,2.4939412730666266,2.7804776509807936,2.5884511143610953
1049,0.75,SaintLouis_sub03345,2.4964279944729078,2.5923978938570142,2.5926601822691797,2.8894847369767795,2.715478929254803
1049,0.95,SaintLouis_sub03345,2.6528015027260103,2.7456078597535876,2.7346834871674446,3.046309267712972,2.8982292273582066
1050,0.05,SaintLouis_sub12941,2.125195239497407,2.215576069404481,2.2500725527257934,2.484420983795211,2.301529872425122
1050,0.25,SaintLouis_sub12941,2.2804751387151923,2.368728537812207,2.3924008407227677,2.640969700520409,2.481648401106887
1050,0.5,SaintLouis_sub12941,2.3884085675481765,2.475183211808981,2.4913317404775155,2.749785071091044,2.606846900686724
1050,0.75,SaintLouis_sub12941,2.496341996381161,2.5816378858057543,2.590262640232263,2.858600441661679,2.7320454002665606
1050,0.95,SaintLouis_sub12941,2.6516218955989466,2.73479035421348,2.732590928229236,3.015149158386876,2.9121639289483254
1051,0.05,SaintLouis_sub16236,2.122667316220056,2.226198648164365,2.253199058965808,2.5146460342486145,2.278673001363984
1051,0.25,SaintLouis_sub16236,2.2790408244731584,2.379408614060938,2.3952223638640735,2.6714705649848085,2.461423299467388
1051,0.5,SaintLouis_sub16236,2.387734409473033,2.485903253958976,2.4939412730666266,2.7804776509807936,2.5884511143610953
1051,0.75,SaintLouis_sub16236,2.4964279944729078,2.5923978938570142,2.5926601822691797,2.8894847369767795,2.715478929254803
1051,0.95,SaintLouis_sub16236,2.6528015027260103,2.7456078597535876,2.7346834871674446,3.046309267712972,2.8982292273582066
1052,0.05,SaintLouis_sub26219,2.1121632220912443,2.2217520886253133,2.234806201929389,2.4893781792669936,2.264097419395939
1052,0.25,SaintLouis_sub26219,2.2653813347134806,2.3746159441372034,2.378401821604866,2.6456162055628667,2.440169534963324
1052,0.5,SaintLouis_sub26219,2.3718816373150555,2.4808700063380535,2.4782136303131774,2.754215618475675,2.562555415240149
1052,0.75,SaintLouis_sub26219,2.4783819399166314,2.5871240685389028,2.578025439021488,2.8628150313884837,2.684941295516974
1052,0.95,SaintLouis_sub26219,2.631600052538868,2.7399879240507943,2.721621058696965,3.0190530576843555,2.861013411084358
1053,0.05,SaintLouis_sub26678,2.1351847136650535,2.218786839784131,2.262150805227844,2.5025592356496804,2.3127331265318523
1053,0.25,SaintLouis_sub26678,2.29270687364231,2.372026282849243,2.4041137807363615,2.6597590529586967,2.4985207582190667
1053,0.5,SaintLouis_sub26678,2.4021988744046077,2.4785414120178744,2.5027907556130446,2.769026996714146,2.6276597918208084
1053,0.75,SaintLouis_sub26678,2.5116908751669054,2.5850565411865047,2.601467730489728,2.878294940469595,2.7567988254225497
1053,0.95,SaintLouis_sub26678,2.6692130351441614,2.7382959842516175,2.7434307059982457,3.0354947577786118,2.942586457109764
1054,0.05,SaintLouis_sub28304,2.1600266176740024,2.225237595492492,2.279521693698773,2.5314848527613796,2.3382199370596455
1054,0.25,SaintLouis_sub28304,2.321793080595407,2.379689627215691,2.422626975978306,2.6905995141545533,2.5341893640087454
1054,0.5,SaintLouis_sub28304,2.434235251805234,2.4870476140387288,2.5220979563070522,2.801198445943385,2.670405656675097
1054,0.75,SaintLouis_sub28304,2.546677423015062,2.594405600861766,2.6215689366357995,2.9117973777322175,2.806621949341449
1054,0.95,SaintLouis_sub28304,2.7084438859364672,2.748857632584965,2.7646742189153315,3.0709120391253926,3.0025913762905487
1055,0.05,SaintLouis_sub35127,2.1121632220912443,2.2217520886253133,2.234806201929389,2.4893781792669936,2.264097419395939
1055,0.25,SaintLouis_sub35127,2.2653813347134806,2.3746159441372034,2.378401821604866,2.6456162055628667,2.440169534963324
1055,0.5,SaintLouis_sub35127,2.3718816373150555,2.4808700063380535,2.4782136303131774,2.754215618475675,2.562555415240149
1055,0.75,SaintLouis_sub35127,2.4783819399166314,2.5871240685389028,2.578025439021488,2.8628150313884837,2.684941295516974
1055,0.95,SaintLouis_sub35127,2.631600052538868,2.7399879240507943,2.721621058696965,3.0190530576843555,2.861013411084358
1056,0.05,SaintLouis_sub35575,2.1350031055328866,2.229694606585254,2.265091324178475,2.533462358808455,2.2914596956337534
1056,0.25,SaintLouis_sub35575,2.2937741772331424,2.383060494204014,2.407225729474422,2.6911562846207047,2.480563753451633
1056,0.5,SaintLouis_sub35575,2.404134283431185,2.489663513655298,2.5060218633977978,2.80076767801283,2.612008000062639
1056,0.75,SaintLouis_sub35575,2.514494389629228,2.596266533106581,2.6048179973211747,2.9103790714049564,2.743452246673645
1056,0.95,SaintLouis_sub35575,2.673265461329483,2.7496324207253418,2.746952402617122,3.068072997217205,2.9325563044915253
1057,0.05,SaintLouis_sub45636,2.1351847136650535,2.218786839784131,2.262150805227844,2.5025592356496804,2.3127331265318523
1057,0.25,SaintLouis_sub45636,2.29270687364231,2.372026282849243,2.4041137807363615,2.6597590529586967,2.4985207582190667
1057,0.5,SaintLouis_sub45636,2.4021988744046077,2.4785414120178744,2.5027907556130446,2.769026996714146,2.6276597918208084
1057,0.75,SaintLouis_sub45636,2.5116908751669054,2.5850565411865047,2.601467730489728,2.878294940469595,2.7567988254225497
1057,0.95,SaintLouis_sub45636,2.6692130351441614,2.7382959842516175,2.7434307059982457,3.0354947577786118,2.942586457109764
1058,0.05,SaintLouis_sub46405,2.1419805642599252,2.2206274394604875,2.268048003753185,2.512105329962274,2.319623876997142
1058,0.25,SaintLouis_sub46405,2.30075163596018,2.3739933270792477,2.410182409049132,2.6697992557745236,2.508727934815023
1058,0.5,SaintLouis_sub46405,2.411111742158223,2.480596346530531,2.508978542972508,2.7794106491666493,2.6401721814260286
1058,0.75,SaintLouis_sub46405,2.5214718483562657,2.587199365981814,2.6077746768958847,2.889022042558775,2.771616428037034
1058,0.95,SaintLouis_sub46405,2.6802429200565205,2.740565253600575,2.7499090821918326,3.046715968371024,2.9607204858549134
1059,0.05,SaintLouis_sub49563,2.125195239497407,2.215576069404481,2.2500725527257934,2.484420983795211,2.301529872425122
1059,0.25,SaintLouis_sub49563,2.2804751387151923,2.368728537812207,2.3924008407227677,2.640969700520409,2.481648401106887
1059,0.5,SaintLouis_sub49563,2.3884085675481765,2.475183211808981,2.4913317404775155,2.749785071091044,2.606846900686724
1059,0.75,SaintLouis_sub49563,2.496341996381161,2.5816378858057543,2.590262640232263,2.858600441661679,2.7320454002665606
1059,0.95,SaintLouis_sub49563,2.6516218955989466,2.73479035421348,2.732590928229236,3.015149158386876,2.9121639289483254
1060,0.05,SaintLouis_sub52065,2.118217780770369,2.224643236529248,2.247115873151084,2.5057780126413918,2.2733656910617337
1060,0.25,SaintLouis_sub52065,2.2734976799881546,2.3777957049369736,2.389444161148058,2.6623267293665895,2.453484219743498
1060,0.5,SaintLouis_sub52065,2.381431108821139,2.484250378933747,2.488375060902805,2.771142099937225,2.578682719323335
1060,0.75,SaintLouis_sub52065,2.4893645376541236,2.5907050529305207,2.5873059606575524,2.8799574705078594,2.703881218903172
1060,0.95,SaintLouis_sub52065,2.6446444368719093,2.743857521338245,2.7296342486545275,3.0365061872330577,2.883999747584936
1061,0.05,SaintLouis_sub53324,2.114745800332043,2.2231609576904154,2.2409729872417823,2.4973552162562873,2.268511130649216
1061,0.25,SaintLouis_sub53324,2.2689732122519533,2.376194117662139,2.3838350278529004,2.6537124608132383,2.446416241445612
1061,0.5,SaintLouis_sub53324,2.376175068206315,2.482565861616767,2.4831369334498943,2.7623947410885483,2.5700762174753216
1061,0.75,SaintLouis_sub53324,2.483376924160677,2.5889376055713944,2.582438839046886,2.871077021363858,2.693736193505031
1061,0.95,SaintLouis_sub53324,2.637604336080587,2.7419707655431176,2.725300879658005,3.027434265920809,2.8716413043014275
1062,0.05,SaintLouis_sub58674,2.119140680818282,2.212684921500547,2.2377628815040986,2.468021150420813,2.292261600759329
1062,0.25,SaintLouis_sub58674,2.2723587934405174,2.365548777012437,2.381358501179576,2.624259176716686,2.468333716326714
1062,0.5,SaintLouis_sub58674,2.3788590960420932,2.4718028392132867,2.4811703098878866,2.732858589629494,2.590719596603538
1062,0.75,SaintLouis_sub58674,2.485359398643669,2.5780569014141363,2.5809821185961983,2.8414580025423026,2.7131054768803633
1062,0.95,SaintLouis_sub58674,2.638577511265904,2.730920756926028,2.724577738271675,2.997696028838175,2.889177592447748
1063,0.05,SaintLouis_sub61357,2.1600266176740024,2.225237595492492,2.279521693698773,2.5314848527613796,2.3382199370596455
1063,0.25,SaintLouis_sub61357,2.321793080595407,2.379689627215691,2.422626975978306,2.6905995141545533,2.5341893640087454
1063,0.5,SaintLouis_sub61357,2.434235251805234,2.4870476140387288,2.5220979563070522,2.801198445943385,2.670405656675097
1063,0.75,SaintLouis_sub61357,2.546677423015062,2.594405600861766,2.6215689366357995,2.9117973777322175,2.806621949341449
1063,0.95,SaintLouis_sub61357,2.7084438859364672,2.748857632584965,2.7646742189153315,3.0709120391253926,3.0025913762905487
1064,0.05,SaintLouis_sub73002,2.122667316220056,2.226198648164365,2.253199058965808,2.5146460342486145,2.278673001363984
1064,0.25,SaintLouis_sub73002,2.2790408244731584,2.379408614060938,2.3952223638640735,2.6714705649848085,2.461423299467388
1064,0.5,SaintLouis_sub73002,2.387734409473033,2.485903253958976,2.4939412730666266,2.7804776509807936,2.5884511143610953
1064,0.75,SaintLouis_sub73002,2.4964279944729078,2.5923978938570142,2.5926601822691797,2.8894847369767795,2.715478929254803
1064,0.95,SaintLouis_sub73002,2.6528015027260103,2.7456078597535876,2.7346834871674446,3.046309267712972,2.8982292273582066
1065,0.05,SaintLouis_sub73125,2.122667316220056,2.226198648164365,2.253199058965808,2.5146460342486145,2.278673001363984
1065,0.25,SaintLouis_sub73125,2.2790408244731584,2.379408614060938,2.3952223638640735,2.6714705649848085,2.461423299467388
1065,0.5,SaintLouis_sub73125,2.387734409473033,2.485903253958976,2.4939412730666266,2.7804776509807936,2.5884511143610953
1065,0.75,SaintLouis_sub73125,2.4964279944729078,2.5923978938570142,2.5926601822691797,2.8894847369767795,2.715478929254803
1065,0.95,SaintLouis_sub73125,2.6528015027260103,2.7456078597535876,2.7346834871674446,3.046309267712972,2.8982292273582066
1066,0.05,SaintLouis_sub73471,2.114745800332043,2.2231609576904154,2.2409729872417823,2.4973552162562873,2.268511130649216
1066,0.25,SaintLouis_sub73471,2.2689732122519533,2.376194117662139,2.3838350278529004,2.6537124608132383,2.446416241445612
1066,0.5,SaintLouis_sub73471,2.376175068206315,2.482565861616767,2.4831369334498943,2.7623947410885483,2.5700762174753216
1066,0.75,SaintLouis_sub73471,2.483376924160677,2.5889376055713944,2.582438839046886,2.871077021363858,2.693736193505031
1066,0.95,SaintLouis_sub73471,2.637604336080587,2.7419707655431176,2.725300879658005,3.027434265920809,2.8716413043014275
1067,0.05,SaintLouis_sub74078,2.125195239497407,2.215576069404481,2.2500725527257934,2.484420983795211,2.301529872425122
1067,0.25,SaintLouis_sub74078,2.2804751387151923,2.368728537812207,2.3924008407227677,2.640969700520409,2.481648401106887
1067,0.5,SaintLouis_sub74078,2.3884085675481765,2.475183211808981,2.4913317404775155,2.749785071091044,2.606846900686724
1067,0.75,SaintLouis_sub74078,2.496341996381161,2.5816378858057543,2.590262640232263,2.858600441661679,2.7320454002665606
1067,0.95,SaintLouis_sub74078,2.6516218955989466,2.73479035421348,2.732590928229236,3.015149158386876,2.9121639289483254
1068,0.05,SaintLouis_sub80832,2.125195239497407,2.215576069404481,2.2500725527257934,2.484420983795211,2.301529872425122
1068,0.25,SaintLouis_sub80832,2.2804751387151923,2.368728537812207,2.3924008407227677,2.640969700520409,2.481648401106887
1068,0.5,SaintLouis_sub80832,2.3884085675481765,2.475183211808981,2.4913317404775155,2.749785071091044,2.606846900686724
1068,0.75,SaintLouis_sub80832,2.496341996381161,2.5816378858057543,2.590262640232263,2.858600441661679,2.7320454002665606
1068,0.95,SaintLouis_sub80832,2.6516218955989466,2.73479035421348,2.732590928229236,3.015149158386876,2.9121639289483254
1069,0.05,SaintLouis_sub82830,2.1419805642599252,2.2206274394604875,2.268048003753185,2.512105329962274,2.319623876997142
1069,0.25,SaintLouis_sub82830,2.30075163596018,2.3739933270792477,2.410182409049132,2.6697992557745236,2.508727934815023
1069,0.5,SaintLouis_sub82830,2.411111742158223,2.480596346530531,2.508978542972508,2.7794106491666493,2.6401721814260286
1069,0.75,SaintLouis_sub82830,2.5214718483562657,2.587199365981814,2.6077746768958847,2.889022042558775,2.771616428037034
1069,0.95,SaintLouis_sub82830,2.6802429200565205,2.740565253600575,2.7499090821918326,3.046715968371024,2.9607204858549134
1070,0.05,SaintLouis_sub88150,2.125195239497407,2.215576069404481,2.2500725527257934,2.484420983795211,2.301529872425122
1070,0.25,SaintLouis_sub88150,2.2804751387151923,2.368728537812207,2.3924008407227677,2.640969700520409,2.481648401106887
1070,0.5,SaintLouis_sub88150,2.3884085675481765,2.475183211808981,2.4913317404775155,2.749785071091044,2.606846900686724
1070,0.75,SaintLouis_sub88150,2.496341996381161,2.5816378858057543,2.590262640232263,2.858600441661679,2.7320454002665606
1070,0.95,SaintLouis_sub88150,2.6516218955989466,2.73479035421348,2.732590928229236,3.015149158386876,2.9121639289483254
1071,0.05,SaintLouis_sub88823,2.114745800332043,2.2231609576904154,2.2409729872417823,2.4973552162562873,2.268511130649216
1071,0.25,SaintLouis_sub88823,2.2689732122519533,2.376194117662139,2.3838350278529004,2.6537124608132383,2.446416241445612
1071,0.5,SaintLouis_sub88823,2.376175068206315,2.482565861616767,2.4831369334498943,2.7623947410885483,2.5700762174753216
1071,0.75,SaintLouis_sub88823,2.483376924160677,2.5889376055713944,2.582438839046886,2.871077021363858,2.693736193505031
1071,0.95,SaintLouis_sub88823,2.637604336080587,2.7419707655431176,2.725300879658005,3.027434265920809,2.8716413043014275
1072,0.05,SaintLouis_sub95001,2.1121632220912443,2.2217520886253133,2.234806201929389,2.4893781792669936,2.264097419395939
1072,0.25,SaintLouis_sub95001,2.2653813347134806,2.3746159441372034,2.378401821604866,2.6456162055628667,2.440169534963324
1072,0.5,SaintLouis_sub95001,2.3718816373150555,2.4808700063380535,2.4782136303131774,2.754215618475675,2.562555415240149
1072,0.75,SaintLouis_sub95001,2.4783819399166314,2.5871240685389028,2.578025439021488,2.8628150313884837,2.684941295516974
1072,0.95,SaintLouis_sub95001,2.631600052538868,2.7399879240507943,2.721621058696965,3.0190530576843555,2.861013411084358
1073,0.05,SaintLouis_sub95721,2.1600266176740024,2.225237595492492,2.279521693698773,2.5314848527613796,2.3382199370596455
1073,0.25,SaintLouis_sub95721,2.321793080595407,2.379689627215691,2.422626975978306,2.6905995141545533,2.5341893640087454
1073,0.5,SaintLouis_sub95721,2.434235251805234,2.4870476140387288,2.5220979563070522,2.801198445943385,2.670405656675097
1073,0.75,SaintLouis_sub95721,2.546677423015062,2.594405600861766,2.6215689366357995,2.9117973777322175,2.806621949341449
1073,0.95,SaintLouis_sub95721,2.7084438859364672,2.748857632584965,2.7646742189153315,3.0709120391253926,3.0025913762905487
1074,0.05,SaintLouis_sub95786,2.118217780770369,2.224643236529248,2.247115873151084,2.5057780126413918,2.2733656910617337
1074,0.25,SaintLouis_sub95786,2.2734976799881546,2.3777957049369736,2.389444161148058,2.6623267293665895,2.453484219743498
1074,0.5,SaintLouis_sub95786,2.381431108821139,2.484250378933747,2.488375060902805,2.771142099937225,2.578682719323335
1074,0.75,SaintLouis_sub95786,2.4893645376541236,2.5907050529305207,2.5873059606575524,2.8799574705078594,2.703881218903172
1074,0.95,SaintLouis_sub95786,2.6446444368719093,2.743857521338245,2.7296342486545275,3.0365061872330577,2.883999747584936
1075,0.05,SaintLouis_sub95967,2.114745800332043,2.2231609576904154,2.2409729872417823,2.4973552162562873,2.268511130649216
1075,0.25,SaintLouis_sub95967,2.2689732122519533,2.376194117662139,2.3838350278529004,2.6537124608132383,2.446416241445612
1075,0.5,SaintLouis_sub95967,2.376175068206315,2.482565861616767,2.4831369334498943,2.7623947410885483,2.5700762174753216
1075,0.75,SaintLouis_sub95967,2.483376924160677,2.5889376055713944,2.582438839046886,2.871077021363858,2.693736193505031
1075,0.95,SaintLouis_sub95967,2.637604336080587,2.7419707655431176,2.725300879658005,3.027434265920809,2.8716413043014275
1076,0.05,SaintLouis_sub97935,2.117358195307972,2.2113485218295246,2.23160635486288,2.460488504096509,2.2882711859607596
1076,0.25,SaintLouis_sub97935,2.2696131548969176,2.3640060325041796,2.3761073463127698,2.616668449626073,2.4628562882640463
1076,0.5,SaintLouis_sub97935,2.375443979929937,2.4701166665735257,2.4765484694428004,2.7252274912075727,2.584208561221941
1076,0.75,SaintLouis_sub97935,2.4812748049629563,2.5762273006428713,2.576989592572831,2.8337865327890728,2.705560834179836
1076,0.95,SaintLouis_sub97935,2.633529764551902,2.7288848113175255,2.7214905840227184,2.989966478318637,2.880145936483123
1077,0.05,SaintLouis_sub99965,2.1419805642599252,2.2206274394604875,2.268048003753185,2.512105329962274,2.319623876997142
1077,0.25,SaintLouis_sub99965,2.30075163596018,2.3739933270792477,2.410182409049132,2.6697992557745236,2.508727934815023
1077,0.5,SaintLouis_sub99965,2.411111742158223,2.480596346530531,2.508978542972508,2.7794106491666493,2.6401721814260286
1077,0.75,SaintLouis_sub99965,2.5214718483562657,2.587199365981814,2.6077746768958847,2.889022042558775,2.771616428037034
1077,0.95,SaintLouis_sub99965,2.6802429200565205,2.740565253600575,2.7499090821918326,3.046715968371024,2.9607204858549134
