observations,subject_ids,lh_G_and_S_frontomargin,lh_G_and_S_occipital_inf,lh_G_and_S_paracentral,lh_G_and_S_subcentral,lh_G_and_S_transv_frontopol
0,AnnArbor_a_sub04111,-0.7676280401560559,-2.3867035109238097,-2.1851637938302044,-0.856995794460559,-0.8602971709201449
1,AnnArbor_a_sub04619,-3.1524295044496053,-0.9238645406508523,-1.091076548724891,-2.236854536538177,-1.9771108469186125
2,AnnArbor_a_sub13636,-0.8842935572254016,-3.575690094278487,-1.2586403508860118,-0.8225854844469676,-1.0318993983434694
3,AnnArbor_a_sub13959,-1.3759390196058272,-2.6687146800871107,-0.7822451779483349,-1.1156206768420636,-0.9990102806970352
4,AnnArbor_a_sub16960,-1.1653216640878672,-2.5353473821151056,-0.8802808231793693,-1.2419641094470715,-0.9576519012108813
5,AnnArbor_a_sub18698,-1.3934578511900966,-2.208497972250606,-1.5268524297759314,-1.4617271633166065,-0.9195244730961616
6,AnnArbor_a_sub20317,-0.9475271422175353,-1.488052514766459,-0.7488848731500758,-0.9255488064373755,-0.8878890348661882
7,AnnArbor_a_sub28433,-1.0884534745868064,-0.9146388502258515,-0.9013611262484177,-0.8709135780807141,-1.421896746307494
8,AnnArbor_a_sub30421,-0.9594415089153899,-1.2349281997003458,-1.733239585079196,-1.464837159491625,-1.246656590823198
9,AnnArbor_a_sub34781,-3.814544271624179,-0.8932640694902028,-1.3582553216613868,-2.3598942921294634,-8.088280471018141
10,AnnArbor_a_sub38614,-1.711945933133392,-1.0232430475841388,-4.589172823095877,-0.8963928666658056,-2.3561945176825803
11,AnnArbor_a_sub45660,-2.0514453477660317,-0.938218858810057,-1.7229251609590326,-0.8666934660850608,-0.9524785965231861
12,AnnArbor_a_sub46727,-2.5295172638300913,-1.047634241569786,-1.2067001968721247,-0.9309701583686537,-1.0748336174282922
13,AnnArbor_a_sub47191,-0.905289533347885,-2.431227844769361,-0.7304124786133552,-0.9408213934170974,-1.3271455830455374
14,AnnArbor_a_sub47659,-0.742517748674179,-0.8910153502294,-0.7463402043581564,-1.0526231327383109,-1.4224490122751312
15,AnnArbor_a_sub49687,-1.5080845172174453,-2.6163355757536584,-1.7067310964106082,-1.0570418499676513,-1.6173993288179696
16,AnnArbor_a_sub51248,-1.0714271542325084,-1.7869454227336827,-1.9949141320438102,-1.2986315558154307,-0.7431517984811503
17,AnnArbor_a_sub56028,-0.9172358654483751,-0.968818626001505,-0.8557136431319591,-0.9347711898444624,-0.9102511255414895
18,AnnArbor_a_sub56686,-0.8066817137769152,-1.1256503931386854,-0.886514390079754,-0.8365385686621071,-2.4099176754830007
19,AnnArbor_a_sub70106,-1.1750007214985356,-1.180329737844255,-0.9981287981797711,-1.491463933533746,-1.3075093589653501
20,AnnArbor_a_sub75922,-0.9547152747626042,-1.1000777607207275,-0.7205632162629458,-0.9990185160335805,-1.036397451907182
21,AnnArbor_a_sub82334,-0.900014191890492,-1.254955951787798,-1.0235037390083537,-1.0661194741159248,-0.910579879240867
22,AnnArbor_a_sub86367,-1.1228442382606156,-2.152889843449687,-0.759758513923658,-3.065715358145439,-0.8933970742166133
23,AnnArbor_a_sub96621,-1.5743236644336338,-0.9775796574780474,-0.7395582471243644,-0.8791605272126551,-0.9331915826347681
24,AnnArbor_b_sub00306,-1.149968603520009,-1.08067056553899,-0.8107392462642176,-1.2343458315093705,-0.9313601788521185
25,AnnArbor_b_sub07921,-2.177721774741558,-0.9193068140705113,-1.5280028394083465,-1.7704696146605716,-0.9391361081449559
26,AnnArbor_b_sub11043,-1.1775258343301076,-0.8882212860612668,-0.7320131134533291,-0.8289158335248409,-3.7369551210516074
27,AnnArbor_b_sub18546,-1.6450221583572944,-0.8840184948368008,-0.710528319055375,-0.9249975985320067,-0.8902904338577916
28,AnnArbor_b_sub26099,-1.5371956239231959,-2.3694325113715675,-1.297091964769698,-1.0321779652978893,-1.134631423402437
29,AnnArbor_b_sub30250,-0.8409320175872366,-1.5639162690266777,-2.0058555936144264,-0.8462996753607193,-1.2947630576240592
30,AnnArbor_b_sub33437,-1.7451553746189297,-0.952725342702285,-0.8845222272071942,-1.4640648629563908,-1.201557652314889
31,AnnArbor_b_sub39635,-0.8466426682058371,-0.9560442554859362,-0.7164594255786035,-1.2080494818917022,-0.9447591004482645
32,AnnArbor_b_sub39923,-1.8671868272102066,-1.0696868604433696,-0.8745469037100037,-0.6990793979412362,-3.2798361824193254
33,AnnArbor_b_sub42616,-0.8028751895999481,-2.181567666153041,-1.5300409922547902,-1.165671709090685,-1.8660666434175786
34,AnnArbor_b_sub43409,-1.1548590600848234,-1.6086985205375353,-1.1032314463731938,-1.7738635577666286,-1.2428895904759627
35,AnnArbor_b_sub45569,-1.5157647826122733,-2.463914027490104,-0.8197748078487399,-0.7381625993337682,-2.0549715115897778
36,AnnArbor_b_sub50859,-1.2673060459394923,-1.2305787308453016,-1.5917582603669935,-0.8433705327524984,-1.3847319257837396
37,AnnArbor_b_sub53269,-4.391845850833955,-1.17207212875062,-1.072625778952342,-0.9302171335980427,-7.282722398356029
38,AnnArbor_b_sub53959,-0.8226380770309816,-0.9335855119594694,-0.901631045142991,-1.58693408900901,-0.9363505846276418
39,AnnArbor_b_sub57025,-1.0485972533813137,-1.0489856651818448,-1.3133613729859046,-1.6869622236935287,-1.0403779640790685
40,AnnArbor_b_sub57196,-2.0053266368701856,-0.9002449914816913,-1.2815312566705905,-2.3676080422704744,-3.8687117951111567
41,AnnArbor_b_sub59573,-0.9115904041352748,-0.9128663599928075,-0.7913901663349919,-4.017680663935477,-2.0893823720310563
42,AnnArbor_b_sub62819,-1.6590323364172679,-1.062041811393553,-0.8765555878610936,-0.6913186700822094,-1.0613853165018008
43,AnnArbor_b_sub64831,-2.357549475268272,-0.909142131736797,-1.314288071428006,-1.402770251502068,-0.9824212670241641
44,AnnArbor_b_sub64969,-1.2772793555791029,-1.102727872489662,-0.7320131134533291,-1.0320032286863317,-0.9090851514042738
45,AnnArbor_b_sub66506,-1.797519932786605,-0.8523871334731489,-1.8810909508191878,-1.2527461410917948,-1.4654816426310502
46,AnnArbor_b_sub72215,-0.8374904609027907,-1.4832923059062966,-1.4087993513496735,-2.952985630356936,-1.0212327793043785
47,AnnArbor_b_sub73168,-1.3081919054016429,-0.8801419477455059,-1.4122335747900612,-0.8663471637706694,-2.049251511325678
48,AnnArbor_b_sub73812,-1.9939911758257873,-3.179522031166084,-0.8368607887019854,-1.1186111161292593,-1.912990996881774
49,AnnArbor_b_sub78151,-2.0829725993524124,-0.9913750422898309,-1.2289690571214156,-0.8219853967627028,-0.8478339238560929
50,AnnArbor_b_sub85257,-0.8381472474489909,-0.9235266819318217,-0.6938210337281291,-0.818902820580701,-0.8128355650206203
51,AnnArbor_b_sub90127,-2.0428071462124646,-1.3195698136657432,-1.446699725249587,-0.7551218865499303,-1.7280950748513773
52,AnnArbor_b_sub90950,-3.680913624497138,-1.1252895728224288,-0.7110468328368814,-0.8004283118882843,-2.9735330721068665
53,AnnArbor_b_sub97518,-0.8540266271647685,-0.8847792421279437,-0.7039684985096756,-0.9318837521377024,-0.8940562650240231
54,AnnArbor_b_sub98007,-1.0338175499698292,-5.36146056317525,-3.069296391100703,-4.96882438788061,-0.8989989256555091
55,AnnArbor_b_sub99692,-1.009780229849556,-2.1545694144585235,-1.7289594392130943,-0.7195951277658443,-3.5701746595183965
56,Atlanta_sub00354,-1.1860170899433373,-1.3770853212146845,-0.7043270028833309,-0.8765494766650335,-1.4789328662463161
57,Atlanta_sub00368,-1.4965880218002268,-1.0686211480864019,-1.0877045651507737,-0.9329331468166968,-2.0128319050073946
58,Atlanta_sub06870,-2.480436812416918,-2.007413057334371,-1.2701624864438446,-1.7865642710164467,-1.195257814978572
59,Atlanta_sub07145,-1.1202875894897926,-4.6377406402068235,-1.6071854370510903,-0.8744579298594526,-1.017973040533135
60,Atlanta_sub15817,-1.6418994942097793,-0.8617890322874303,-0.7076779966261333,-1.6966259216829658,-0.7116814126609404
61,Atlanta_sub16563,-0.7764935194438652,-0.9482994497959996,-0.7593591417151127,-0.8781697508606594,-0.7571041671666237
62,Atlanta_sub18219,-1.5560244870253206,-0.8777775275656654,-1.473183459118359,-1.3409832923609466,-0.8142092182749409
63,Atlanta_sub18702,-1.3728179826820222,-0.9467938569054221,-0.7368251983780066,-1.1830229598549566,-0.808382734871736
64,Atlanta_sub24972,-2.287261991936514,-1.1935556194420318,-0.8372219395828295,-2.1762719623626086,-2.043726211327311
65,Atlanta_sub26938,-0.7322334075210353,-0.9191965070875506,-1.5725472613089573,-1.7013489530045065,-1.435665422021682
66,Atlanta_sub32093,-0.7484385937579814,-1.193498154149044,-2.352185199573429,-0.8708456130176792,-1.9143494027221686
67,Atlanta_sub49816,-0.846720550345406,-1.0139523337744412,-0.8627622916247929,-0.8564622585686992,-0.9218172717675869
68,Atlanta_sub52783,-0.7908645504217033,-0.8627603586640982,-0.7754888655591562,-2.2888354946820764,-1.0724651974492097
69,Atlanta_sub53122,-0.8586665906100686,-0.9479978510849292,-1.2397359722934362,-2.032029026077558,-0.9115876742503354
70,Atlanta_sub55652,-1.0535097865252996,-1.3081221848751832,-0.7450862675061107,-2.193661922050261,-1.4786806605330054
71,Atlanta_sub58250,-0.7518446014118381,-1.015909346663287,-1.7162572360578239,-1.0898429117941901,-0.7387018719223559
72,Atlanta_sub59806,-0.8255810682114663,-1.0119367131630357,-1.1717980551424712,-0.9985323582508773,-1.1684865996072182
73,Atlanta_sub60499,-0.7743307804131812,-3.792598626063866,-1.057749297327809,-1.063478834239255,-1.3107206741329802
74,Atlanta_sub61442,-1.0189305384879974,-4.409708182909575,-1.2505048123718068,-2.061354956060513,-2.0869255434066942
75,Atlanta_sub61902,-0.8592800342691953,-0.9646829719036629,-1.0445834906335107,-1.431317818968244,-0.7921189099537495
76,Atlanta_sub71337,-0.7736234446142788,-2.677416214859891,-0.7378843623762669,-0.8104180120386161,-0.9799010428540142
77,Atlanta_sub72096,-2.1160070831445728,-1.0993840692104222,-0.7318868636433349,-0.8933608205612198,-0.7914497272272968
78,Atlanta_sub72971,-0.8344621535949056,-1.4553177549558807,-0.9533202255900669,-1.8397164295449362,-1.3946960497020864
79,Atlanta_sub75153,-2.0384362666113423,-1.8260853725767787,-0.949713108355839,-0.8118127149742297,-2.6927695584992195
80,Atlanta_sub76280,-2.638826459014536,-0.8853616217514624,-1.6930319159276068,-0.8251729681236387,-1.2142955452446729
81,Atlanta_sub81596,-0.9678380382830228,-2.583550893684464,-1.0070594831411754,-1.4277704935132616,-0.9893342600643112
82,Atlanta_sub86323,-0.7348563870039492,-1.4463508431604875,-0.7164826714546155,-1.1308967590055852,-0.7784935124883643
83,Atlanta_sub91049,-0.723307609612154,-0.9392278297772185,-1.764267998951216,-1.467452579606024,-0.7738889491472429
84,Baltimore_sub17017,-1.1008658791695543,-2.629112193196272,-0.7334261023470556,-1.104286395034301,-0.8143141642876989
85,Baltimore_sub19738,-2.527839893705572,-1.69690118101889,-4.034405051981143,-0.8219839080541463,-2.0082029814799665
86,Baltimore_sub23750,-0.7589846717214709,-0.9598510904272491,-0.7621358961099112,-0.8232462182567001,-0.837760887447563
87,Baltimore_sub23927,-0.9794918207138275,-1.1342413755969354,-0.6907756688378175,-0.9835871228544041,-0.8318641994205312
88,Baltimore_sub29158,-0.8105735549793495,-1.560081922717079,-2.0824225422236005,-1.5516600350747112,-0.9649300467420189
89,Baltimore_sub30072,-0.7567003347263757,-0.9836287675900904,-0.928691619011245,-1.4046791389041482,-0.7651170617423263
90,Baltimore_sub31837,-0.9744557175695739,-1.2125612176447211,-0.9583290601769807,-1.6349809991162183,-0.7174633721052506
91,Baltimore_sub37548,-0.843649729326975,-0.8881582464204559,-1.1293523396252343,-0.8396368837608381,-0.7705657702282689
92,Baltimore_sub52358,-1.1270051405363666,-0.9805049779673717,-0.8127816416789561,-1.0071376893483295,-1.1345674164381008
93,Baltimore_sub54257,-0.9551799532310578,-1.5374886227968163,-0.9377223958743093,-1.25158894977748,-1.3432749666516348
94,Baltimore_sub54329,-0.7394382251557174,-0.937575821183493,-0.745832362436041,-0.9467468503240809,-0.709978926554949
95,Baltimore_sub73823,-1.252834576784905,-0.8621398160034712,-0.8133527494737977,-0.8380055004795327,-0.7877650787198012
96,Baltimore_sub76160,-1.3166321806537833,-0.9685484811437124,-1.397240019978143,-0.8199257305409682,-0.7858842300269403
97,Baltimore_sub77572,-0.8587591170639312,-0.8596997234768954,-0.732248935026366,-0.815366226736856,-0.7414599138633712
98,Baltimore_sub80221,-0.9603941405355471,-2.4176252903907254,-0.7584380499337519,-2.6642212640074896,-0.8877713461007513
99,Baltimore_sub81887,-1.13867616296721,-0.8954175267129514,-1.2951569571055344,-1.092216043804745,-0.7010992805535793
100,Baltimore_sub85922,-1.0588845377688882,-1.5202778060089828,-0.9454193454915166,-0.9324143212589423,-0.7100621473868675
101,Baltimore_sub86414,-2.4971467056115166,-1.0132412949485323,-0.7579839577996573,-1.1546390683285397,-1.4441680697854262
102,Baltimore_sub90658,-0.9395446158571523,-1.5922309719325378,-0.7664497801140807,-0.8510294312804588,-0.7842640070143755
103,Baltimore_sub90893,-1.2056998842642004,-0.8610046734883012,-1.1059027458000819,-1.4444277341624951,-0.8629843268328135
104,Baltimore_sub91622,-0.9042502721693683,-0.8534407967300985,-0.9137392516057924,-1.681467571408577,-0.8612858358406317
105,Baltimore_sub94042,-0.8366105197911632,-1.1383577180574824,-0.7580722895406103,-1.0658372558347406,-0.810978583852079
106,Baltimore_sub96234,-0.8718899726111955,-0.8944578003749004,-1.3416408965843876,-0.9111117491589302,-0.770560130807388
107,Bangor_sub00031,-1.6462344441215189,-0.9564533415797188,-0.8065574787659942,-1.304784274634635,-0.7414984270606844
108,Bangor_sub01903,-0.8033649062036071,-1.6869955124877138,-1.1340697238480888,-1.2314937161411592,-0.9002539587201431
109,Bangor_sub03557,-0.8091600953524907,-0.8720914176990652,-2.5513905611720915,-0.8345425488706424,-0.8539761628309503
110,Bangor_sub04097,-0.7401770708010819,-0.85601614143748,-2.342419217976242,-0.9520090368896416,-1.5016394398293074
111,Bangor_sub14388,-1.1156708377073425,-1.4576688459584735,-0.7781532201166603,-1.5318707465384347,-1.234585208634785
112,Bangor_sub27519,-0.836812817821001,-0.9648088545985855,-0.740364959373162,-2.137472258079339,-0.8472808034446634
113,Bangor_sub36736,-0.7964939229225829,-1.0025238758202037,-1.1872255583248248,-1.0362604576503711,-0.8267720417491783
114,Bangor_sub46870,-0.9269264273520471,-1.3155706123842208,-0.9999376079452206,-1.0105105965292112,-0.8645499093940168
115,Bangor_sub48632,-1.2087599616375528,-0.9882136516867006,-0.8790033254247469,-1.164234786753853,-1.7345550155106269
116,Bangor_sub61418,-1.1491985481792937,-1.1335272151575668,-0.7266507877571797,-3.1327520670374724,-1.9309161905061591
117,Bangor_sub61908,-1.8190155824803815,-0.9486552099650714,-0.7694154273287455,-0.8292917781065877,-0.9219487847230727
118,Bangor_sub63767,-1.328770843834928,-1.9225413793244812,-0.7260979924035792,-0.9628005151429144,-1.1334552328029273
119,Bangor_sub66585,-1.0570131702789358,-1.290277810270705,-1.518528261798862,-2.0023064143440026,-0.9495147500233253
120,Bangor_sub68050,-0.8569426644840007,-0.8763638835575888,-0.8458022663578111,-1.7546073736204089,-0.8193396415576494
121,Bangor_sub73082,-1.0044543410073679,-1.8328317348916572,-0.8042057369403466,-1.121830646189542,-1.8575831012728068
122,Bangor_sub77520,-0.8174445335888342,-1.0639865088889715,-1.179232261947054,-0.8439335093674144,-0.8204322843428201
123,Bangor_sub81464,-0.7834999397182293,-0.8580571477570266,-1.300784433936608,-0.8966705264940031,-0.983064704921265
124,Bangor_sub82625,-2.235816706551789,-0.9776457615632193,-1.3389508657774682,-1.0392282975667593,-0.9466662341485196
125,Bangor_sub87568,-0.8012226470718729,-1.1863955572646772,-1.0286671763824728,-0.9081941470258347,-1.5637826249331046
126,Bangor_sub91556,-2.1558089428009284,-0.9805141743739597,-0.9939770865809087,-1.509072714428394,-1.7843884897436286
127,Beijing_Zang_sub00440,-1.423168273466075,-1.7524129350003237,-0.7854367709788888,-0.8106772646749394,-1.1034110078131287
128,Beijing_Zang_sub01018,-0.8834512643037488,-3.2712683022216607,-0.7644828662047202,-1.3833854060037865,-1.4440749936815307
129,Beijing_Zang_sub01244,-0.8805784401219924,-0.8474711072646863,-0.69674954464664,-0.8889525756145125,-0.7478497483919431
130,Beijing_Zang_sub02403,-0.8837813554529056,-1.3172605833893332,-0.837944767351018,-2.3313187737786207,-1.082690707482383
131,Beijing_Zang_sub04050,-4.804440541821804,-1.6194927032717898,-0.9609672689317922,-3.3935667606419107,-1.5092723079337478
132,Beijing_Zang_sub04191,-1.7053572483297894,-0.9482409167608944,-0.6629089918489955,-1.3228509747742627,-0.759724458472648
133,Beijing_Zang_sub05267,-0.8295934808452102,-0.9004797040240788,-0.7526278982909813,-1.335364709203289,-0.865669817381801
134,Beijing_Zang_sub06880,-1.2027031693560153,-1.7299068338733186,-0.8410363626451897,-0.8354294839996463,-1.9546001895768452
135,Beijing_Zang_sub06899,-1.3892514884996143,-1.1205637976355578,-2.1786662362729263,-0.8324955452862862,-1.4276213908388091
136,Beijing_Zang_sub07144,-0.8202252642764203,-1.4177400050135427,-1.8590218362720006,-0.8257274989862369,-1.079216624254218
137,Beijing_Zang_sub07716,-0.8304168499933683,-0.940173118171463,-3.1596691004868704,-0.8057894928121481,-0.8385741349964737
138,Beijing_Zang_sub07717,-0.7699746665070928,-1.1507141025003293,-0.7661230401516592,-1.6469217603531983,-1.0589295644959142
139,Beijing_Zang_sub08001,-0.807936633099354,-2.4814052704371186,-0.749899516015161,-4.754836735797175,-0.974446469778774
140,Beijing_Zang_sub08251,-0.8239613974496345,-0.9264943940526776,-3.5649507432898795,-0.8756974125385196,-0.9294891598693942
141,Beijing_Zang_sub08455,-1.3186956342208656,-1.2337048575762746,-1.6077853737224133,-2.402198177688665,-5.091037315986893
142,Beijing_Zang_sub08816,-2.6210646259069676,-0.8707922307793329,-0.8888914561532162,-0.8842153372303109,-0.8213396739077695
143,Beijing_Zang_sub08992,-1.7020684269067208,-1.007351632335519,-0.7020135669654541,-1.1117835017874935,-0.8284767434699724
144,Beijing_Zang_sub10186,-0.825228003717671,-0.9202766884271644,-1.385824306404595,-3.3598648015748336,-0.877729545091418
145,Beijing_Zang_sub10277,-0.8296267277580097,-2.5181960296777097,-3.499483356478427,-1.1815051475718426,-1.033813683050327
146,Beijing_Zang_sub10869,-0.9046381554317628,-1.224022498502419,-0.7019830481600481,-0.8048046660901935,-1.0751250262629366
147,Beijing_Zang_sub10973,-1.0868967209465352,-0.9661759259197371,-0.7625272831890286,-1.0256975569547884,-1.758136792453378
148,Beijing_Zang_sub11072,-0.7510908311248765,-1.1554921363481305,-0.8594645502690388,-3.1817946174671397,-0.8056815053731228
149,Beijing_Zang_sub11344,-0.8093812380207229,-1.099903038926899,-0.8583769677921373,-3.2297992411287364,-1.6124330534845703
150,Beijing_Zang_sub12220,-1.1353576862058359,-2.7499129365647774,-3.0055990486007467,-1.6232497141859654,-3.59794401835511
151,Beijing_Zang_sub14238,-0.7939892452139464,-0.9588763781356555,-0.8083778413909471,-1.247639783485971,-0.8988132304956206
152,Beijing_Zang_sub15441,-0.8049037522447635,-0.9134954510137143,-0.695723967641464,-1.4527439365025163,-1.0521227545647505
153,Beijing_Zang_sub16091,-0.762081381221607,-1.9476513454523003,-10.7119059262606,-1.8870200373252215,-1.62465677416521
154,Beijing_Zang_sub16943,-0.8018695098629102,-0.8460808441969135,-1.5935751298354675,-0.8215317422060753,-1.2718501806544222
155,Beijing_Zang_sub17093,-1.6383978319358015,-1.1557306995087782,-2.28885955410397,-1.0471755977606994,-2.1635428932965595
156,Beijing_Zang_sub17159,-0.8434643308260305,-0.9500174681447053,-0.7581584612948752,-0.8745251187629605,-0.8739542962346585
157,Beijing_Zang_sub17315,-1.3023994372689012,-1.8110083000520656,-1.193199204048882,-0.8945316863989204,-2.0812303947820943
158,Beijing_Zang_sub17586,-1.1587392977983497,-1.7132451676978229,-0.9777748546971362,-1.5887113761966685,-1.1562587394938488
159,Beijing_Zang_sub17603,-0.9032292890183944,-1.1144082600884522,-0.6709536560182137,-0.9651472842789696,-1.0104948252587949
160,Beijing_Zang_sub17642,-2.337195842253819,-3.893791975120757,-0.6699956685231896,-1.542583858336831,-1.3355812768906727
161,Beijing_Zang_sub17688,-0.8712284834102774,-1.74164071922097,-1.7496418668959943,-1.6154166337219968,-0.8462968045025353
162,Beijing_Zang_sub18326,-0.9956996273290191,-0.8562268623535763,-0.8379634941337849,-1.0952948221532424,-0.81537920728533
163,Beijing_Zang_sub18758,-1.1387762080571808,-0.8603789291068774,-1.2426272424300082,-1.0016374264718835,-0.9270838766437801
164,Beijing_Zang_sub18960,-2.18236146062841,-1.242544634372821,-0.7659759808794316,-1.4228532192670573,-1.5822339625544928
165,Beijing_Zang_sub19642,-2.748648155985588,-1.2176476128684488,-0.7020779638634145,-0.8714951392369856,-1.2107581313575064
166,Beijing_Zang_sub19974,-0.7825126203841114,-0.9514791805857387,-1.045245739792403,-1.5427185650711892,-0.8136163278299606
167,Beijing_Zang_sub20127,-2.4853691022869238,-1.3088944976991803,-0.7200842537635379,-2.3149681188668496,-1.9577533641456244
168,Beijing_Zang_sub20246,-0.8685089028104246,-0.863537952655631,-0.7148922593179652,-1.0216655285843406,-1.3942501135842615
169,Beijing_Zang_sub20765,-1.6121883842771527,-0.9188231896234547,-0.8118506694145361,-0.8238429246117915,-1.169395073496218
170,Beijing_Zang_sub20948,-1.9449159334275201,-0.9819617528823532,-1.0928963189980538,-2.4683783459224844,-1.348250403136921
171,Beijing_Zang_sub21115,-1.413261445863119,-0.9515207713929834,-1.8852376944160862,-0.8443158852486804,-0.8206979493967979
172,Beijing_Zang_sub22201,-0.8126901239963648,-0.9147190484434566,-0.7175907741675203,-0.91766731531267,-0.9256056174532147
173,Beijing_Zang_sub22595,-0.7865372609220387,-1.4507884580450725,-0.7371161213465298,-1.1082137592847945,-2.4435084497306283
174,Beijing_Zang_sub22661,-0.8434348560577314,-0.8883635250310382,-0.6745804767250998,-0.9503219434443609,-1.6640806869088522
175,Beijing_Zang_sub22715,-1.5240360221579579,-2.226470687853092,-2.225535715386336,-0.8502040695288218,-1.0650609842721637
176,Beijing_Zang_sub22890,-0.8562912491262784,-0.9244241499547183,-0.8513948355732692,-1.799186340625327,-0.9796741430596703
177,Beijing_Zang_sub26713,-1.0823852197083264,-1.5887446161448358,-0.8412483010463253,-1.0178838601138853,-1.1234485058195232
178,Beijing_Zang_sub28206,-0.816542008816661,-1.3677178474601015,-0.7405589637579072,-1.1945742784488225,-0.8704940251759444
179,Beijing_Zang_sub28403,-0.8128103409940775,-5.924859973887941,-1.7178587179190383,-1.1191411071014519,-0.8384832290486838
180,Beijing_Zang_sub28698,-1.0877281587431609,-1.1484324015385892,-0.6918878234655346,-1.1217130689954111,-1.4954452508002232
181,Beijing_Zang_sub28792,-0.7919023988904026,-0.8659572210309224,-1.6887728637041295,-1.8847224030027145,-0.9476530316046721
182,Beijing_Zang_sub28801,-0.780581701646536,-0.8485647566618225,-1.1750175669911687,-1.5826218708574031,-1.212399615255245
183,Beijing_Zang_sub28907,-0.8497262871666449,-1.7444111916108473,-0.7963908808885217,-0.8212150500479927,-1.5058586353812797
184,Beijing_Zang_sub28965,-0.9959021755199526,-2.288097229717269,-0.7403264083041352,-0.8281247911022502,-1.0523663084126924
185,Beijing_Zang_sub29590,-0.779934651424895,-1.0911841714070465,-1.341686018084718,-1.7304962252686333,-0.8617192837521868
186,Beijing_Zang_sub29785,-0.8407273000391055,-3.6504787925969624,-0.8888550766071419,-0.8154306003888645,-0.8075493387502551
187,Beijing_Zang_sub30272,-0.8190506289600179,-0.9314307311747749,-0.9086591566883138,-1.171635868237522,-0.7984900101189258
188,Beijing_Zang_sub30310,-0.7925307813903987,-1.6642770995020335,-0.668059571398899,-0.9809944225625742,-1.0034018611718183
189,Beijing_Zang_sub30556,-1.6761737173147457,-1.1145033859530593,-0.7664859679924785,-0.8095940022508589,-2.077679301518625
190,Beijing_Zang_sub30616,-0.9737291452174464,-0.8560645110771372,-0.6679429090083686,-0.8622849708986481,-1.0264518795752877
191,Beijing_Zang_sub30988,-0.957952847349905,-0.8765778762242724,-0.7000908561525769,-0.8047543658459894,-1.1162063443862107
192,Beijing_Zang_sub31058,-0.900812634986208,-1.4695472006087715,-0.7213477168799063,-0.8332766930657359,-1.3056338636312084
193,Beijing_Zang_sub31729,-1.0805552433600376,-1.2481070154130796,-0.7033379317542141,-0.8189519359136465,-3.780021717770243
194,Beijing_Zang_sub32517,-0.9584307690787919,-1.117932373292133,-0.9422185029984969,-1.9389056658400812,-1.0272637188055018
195,Beijing_Zang_sub32587,-0.8382541461962849,-0.8602360542619578,-2.0860727557771663,-1.071457897106279,-1.0794183006610731
196,Beijing_Zang_sub33747,-1.0014012082215225,-0.8697843643351378,-1.4165845428327368,-0.9207484662331686,-0.8292497216075144
197,Beijing_Zang_sub33943,-1.8694656255005602,-1.2414060833558496,-1.0458857847271026,-0.8195388714789957,-1.4934251329479742
198,Beijing_Zang_sub33991,-1.7020684269067208,-2.0011779839955492,-2.7520593021794464,-0.8190318327819269,-1.770981089437354
199,Beijing_Zang_sub34895,-1.2176773579673743,-0.8471922553699236,-1.0345529112421514,-1.0310902705704221,-1.411879290272922
200,Beijing_Zang_sub34943,-0.9961522252858088,-1.127271683326945,-1.6458824369744214,-0.8398865045666896,-0.8360638463535145
201,Beijing_Zang_sub35309,-0.9191735726540349,-1.8549142170453836,-0.8582488633721808,-1.0650771501725713,-0.7963816266346421
202,Beijing_Zang_sub35776,-0.8999147213852213,-1.6286019968001029,-0.7823660092892308,-0.8932476736615387,-0.7992919066302341
203,Beijing_Zang_sub35806,-3.1926294803906483,-1.6256039280202197,-1.4543000185190589,-0.8177604734987438,-0.9077662856660871
204,Beijing_Zang_sub36580,-0.8175967367571839,-2.004434385235535,-0.6726505543571332,-1.0989174764558818,-0.7873064722130304
205,Beijing_Zang_sub36942,-1.5747752258874301,-1.141702379344242,-1.214658871885323,-1.2969868573700747,-0.8051346526587313
206,Beijing_Zang_sub37602,-3.47254237789119,-1.245046345089004,-1.1182655710473577,-2.223452387238421,-1.1191527505556471
207,Beijing_Zang_sub38602,-0.8857368954780916,-1.0956694395536957,-0.8256805861511977,-0.8295460118698871,-0.9451332041405508
208,Beijing_Zang_sub39725,-0.8622551461502773,-1.2821526785325374,-0.9441647611508257,-1.5305089707798365,-0.8816575065688438
209,Beijing_Zang_sub40037,-0.7965975917222545,-1.9269706235274267,-1.1002610926710925,-0.8270489993989639,-1.1483402012440473
210,Beijing_Zang_sub40427,-0.8139314335244286,-2.7408134317306176,-1.533652946671643,-0.8520728011251936,-0.8118039174336644
211,Beijing_Zang_sub41170,-3.8620480681058003,-1.9088084619334726,-4.230411467060151,-1.8458441951102473,-5.366774721652567
212,Beijing_Zang_sub41621,-0.8694026634778586,-2.356933789740923,-1.0041880850841263,-1.0447399789016019,-0.9349215038070734
213,Beijing_Zang_sub42512,-1.4303364139779735,-2.0504333319897774,-2.0647025197433133,-1.4327663515607698,-1.697925262903871
214,Beijing_Zang_sub42555,-0.8996586317878346,-0.8891568033852348,-1.2283967912636724,-1.219514813200911,-1.0216731071115555
215,Beijing_Zang_sub42843,-0.7939110309138061,-1.168869939291424,-0.7721574819075177,-1.3383684017435935,-0.9623192238260002
216,Beijing_Zang_sub43290,-1.002297809339669,-0.8621089889764935,-0.7551942658901951,-0.8250023180051985,-1.6471896166057232
217,Beijing_Zang_sub44573,-1.0542496058310251,-0.9457663352938421,-0.7836582184377459,-1.085165452239456,-0.8657528061003633
218,Beijing_Zang_sub45552,-1.3995002457005141,-1.0604067174817273,-3.31906968376184,-0.8397802753892978,-3.05689220833089
219,Beijing_Zang_sub46058,-0.8590431791760845,-1.4752200588751747,-0.826761479522637,-0.9634824871271433,-0.7450152031554296
220,Beijing_Zang_sub46259,-1.0885787650650314,-1.3248177282327611,-3.2852544312067034,-0.9076716967745821,-1.3418204573030497
221,Beijing_Zang_sub46541,-0.8550418577310013,-0.8939040149678705,-1.1138597541642432,-1.060906001411619,-0.9811436155324453
222,Beijing_Zang_sub48501,-0.9902582035526146,-0.9045688004598494,-1.1185282365926057,-0.8182742950109398,-3.9523602477463142
223,Beijing_Zang_sub48563,-0.8551178131863456,-1.4164870493227606,-0.7092021778252923,-0.8945316863989204,-1.0363631135349476
224,Beijing_Zang_sub48676,-0.844263269840366,-0.8617259482313143,-0.6787216100943485,-0.8217414688863102,-1.0752974431788391
225,Beijing_Zang_sub49782,-1.097448061253207,-1.4370048630455095,-0.7380013503809438,-1.1945989009320808,-0.9594222017544117
226,Beijing_Zang_sub50498,-1.0158848297387433,-3.1927748767469613,-0.686449175031704,-0.8306059995227144,-0.8665810473307305
227,Beijing_Zang_sub50873,-0.7752492490919018,-0.8541751434655542,-1.154539323949326,-0.8626224559011557,-0.9295979951079282
228,Beijing_Zang_sub50972,-1.6378799188268591,-1.629232239146035,-3.2239445376535514,-1.0073442534295254,-1.3720921624881048
229,Beijing_Zang_sub50985,-0.9608310800933436,-1.2175178796259378,-0.7154009948575761,-2.8223062176618576,-2.7596992191644953
230,Beijing_Zang_sub51015,-0.942723791073325,-2.1470387393962866,-1.113775164088304,-4.466186471224213,-0.8272855698342708
231,Beijing_Zang_sub51586,-0.8200412544057547,-1.408547558312167,-2.4651580239605018,-1.1475753910966504,-2.210275837538045
232,Beijing_Zang_sub52044,-0.9845896429742604,-1.1913797710642202,-0.7428728551968652,-1.1316036163512104,-1.8523771022371784
233,Beijing_Zang_sub52259,-1.428370805852613,-0.8561912848346924,-0.7249898012062616,-0.8427644150184941,-1.1553522758314705
234,Beijing_Zang_sub53572,-2.407666600600119,-0.9073037412289965,-1.1726998385863376,-1.3002502890789533,-1.448868527686786
235,Beijing_Zang_sub53998,-0.8018403658752202,-3.151466603282586,-0.7600503478277963,-0.9063615927445516,-1.2810260876604502
236,Beijing_Zang_sub54890,-0.9304980341703376,-0.8518497218240421,-0.7869352478150782,-0.9778868569881389,-0.8262108301000882
237,Beijing_Zang_sub55301,-1.591269529770108,-1.3550413665501584,-2.7209584353998326,-1.7638236130375395,-1.1333777873458244
238,Beijing_Zang_sub55541,-0.7686255683059268,-2.112357635987885,-1.7341452091084306,-0.8327434356297555,-0.798593519819111
239,Beijing_Zang_sub55736,-0.8088266366611019,-1.5753701880729358,-1.2142327316179125,-1.3381738519091868,-1.9532500501871664
240,Beijing_Zang_sub55856,-0.8297792453960553,-1.109882189066357,-0.7135721958839911,-0.9163456465006378,-0.8368098995741144
241,Beijing_Zang_sub56136,-1.7426480250628993,-0.8676009978449309,-0.7432539214022172,-2.2293867922146164,-0.9358026237115166
242,Beijing_Zang_sub56659,-1.4340055214638514,-2.5043511731345536,-0.7192254879383488,-0.8144590134406736,-0.803099886003334
243,Beijing_Zang_sub56703,-0.8508725860351307,-0.8545943288162565,-0.6859681549368862,-1.3100714658120824,-0.8111862262361359
244,Beijing_Zang_sub56757,-0.7929824849187981,-0.8527222752121909,-0.7685318480704089,-1.1442783494050734,-0.9891870101781503
245,Beijing_Zang_sub58029,-1.350060453481639,-0.915869658454923,-0.7635624051281952,-1.4338480081751537,-0.8442911125613289
246,Beijing_Zang_sub58332,-0.8070860475404004,-0.8561912848346924,-0.7475350912626157,-0.9754082001935153,-0.9899253243460039
247,Beijing_Zang_sub58614,-0.9962889369258202,-0.9367725743391996,-0.6798015295666879,-1.329363449907324,-1.1168204380137952
248,Beijing_Zang_sub59347,-1.1207016014187605,-0.9989587301910424,-0.9210657625302027,-2.57850683815238,-3.497864451981514
249,Beijing_Zang_sub59448,-1.2793814252646654,-0.886668321254019,-0.9391265384709735,-1.0445615833527462,-1.9818523214318873
250,Beijing_Zang_sub61961,-0.8222363618292806,-2.2516529217707206,-3.1475928808539684,-2.422657380666924,-1.4029154855404151
251,Beijing_Zang_sub62083,-1.3357410519651536,-1.383523099546969,-0.7340786723846785,-1.3078898049837226,-0.9096005876458209
252,Beijing_Zang_sub62438,-0.8030733002208906,-0.9185395356777933,-1.9171509236873272,-0.8671596057242303,-0.8274107767927532
253,Beijing_Zang_sub62843,-1.6323823503852,-1.3516123820694244,-0.6793920592436179,-0.8300746486803451,-1.0814504039545747
254,Beijing_Zang_sub62966,-0.8049194573228915,-0.9112043542825919,-0.6815344612759303,-1.1374140974427733,-1.068059070031082
255,Beijing_Zang_sub64923,-1.3228751543316903,-2.4475151954242196,-1.1522579834529416,-1.4294619929771464,-1.159729076804309
256,Beijing_Zang_sub65467,-0.8482355680702878,-4.491289629284136,-1.6159465806630215,-1.3009297851065906,-0.8334765693634801
257,Beijing_Zang_sub65659,-2.442158737989538,-0.9948015201703805,-0.6680575074533782,-0.8134162079394271,-1.5210679669265699
258,Beijing_Zang_sub66158,-0.9371656403267996,-0.85565284693069,-0.8070657145028566,-0.9408844025326549,-0.9273622587450494
259,Beijing_Zang_sub66528,-1.3655155122320513,-1.4565812295922034,-0.9420308573488446,-1.7345100219376657,-0.7941937820757387
260,Beijing_Zang_sub66781,-0.7863455081782275,-1.0085527503506782,-1.1851857583201708,-1.0139279603374092,-0.8324414448567691
261,Beijing_Zang_sub66889,-0.7690585910320704,-1.5149873079313516,-1.3934889878381265,-0.8050996340311136,-0.8088289060685939
262,Beijing_Zang_sub67435,-0.9719340713953872,-0.9396478189878553,-0.6799009485547455,-0.8270489993989639,-0.8599432686977525
263,Beijing_Zang_sub67844,-0.986505613130071,-0.8739873048808862,-0.9791338668587203,-0.8188717003123848,-0.8950632233623599
264,Beijing_Zang_sub68012,-0.7592280122145926,-6.104432347708324,-1.1812224174087524,-5.620726291321182,-1.3626828338678258
265,Beijing_Zang_sub68597,-0.8969334524833773,-0.9960013759972572,-1.0904551821175033,-0.8880849745059328,-0.8635873220521053
266,Beijing_Zang_sub69518,-0.8666751189918434,-0.930273573659806,-0.667539965862573,-1.132143861746812,-1.135320873560599
267,Beijing_Zang_sub69696,-4.697700286716266,-1.7936444599842085,-0.8438450566032247,-2.844725581730916,-1.9378604101920198
268,Beijing_Zang_sub71693,-0.805944792577116,-0.8595023930445692,-1.5398845072067837,-0.8047223611225096,-0.8054409627778976
269,Beijing_Zang_sub72654,-0.9923155246887901,-3.532055052205935,-1.2620187072368687,-1.1657663391224684,-1.2946673082252216
270,Beijing_Zang_sub72678,-1.326707135428224,-0.8909782302828673,-0.7544910290741786,-0.8629406156734512,-0.8280560998782933
271,Beijing_Zang_sub73098,-1.5668998974288963,-1.159520778564495,-2.0298591652332263,-0.8312294926188485,-1.1522633945443164
272,Beijing_Zang_sub73245,-0.7952745221673467,-0.9951017554873262,-0.9126319489717781,-0.9625151985871647,-0.9233700053713508
273,Beijing_Zang_sub73279,-0.9330689427592056,-1.4629986637408767,-1.777380790299406,-0.8388170274770824,-0.8271703400979504
274,Beijing_Zang_sub73421,-1.0101623465472553,-1.0286453876325705,-1.2997416058459548,-1.7518396372933112,-2.611838479947581
275,Beijing_Zang_sub74386,-0.9845180179465294,-0.86022034216796,-2.097452342760333,-1.050344581210872,-1.0322264945809516
276,Beijing_Zang_sub74587,-1.7101031655102112,-2.218107616544284,-0.6880775962095506,-1.0750402211000034,-0.9024562292677353
277,Beijing_Zang_sub75878,-0.7722547167565685,-0.9316897585833237,-1.1727114755725854,-0.8190486464377107,-0.7663636850727408
278,Beijing_Zang_sub76377,-0.8150680804330412,-0.9534811925425153,-5.8157043339538514,-0.8043449408709002,-0.8713691047800782
279,Beijing_Zang_sub77440,-1.0165595476264713,-1.2361836639079178,-1.417647352774076,-0.8434115447739567,-0.7634572990595994
280,Beijing_Zang_sub80163,-1.6962188114669736,-0.9419600831117433,-0.9495050488293735,-1.0870763593417236,-1.023398051422947
281,Beijing_Zang_sub80551,-1.0396981683902058,-1.2983651199271737,-1.0006545388181998,-0.832202872071482,-1.2490655775985697
282,Beijing_Zang_sub80569,-0.8740689467884936,-2.121701225273121,-0.9474069169763493,-0.9501552789215956,-0.8448188576501621
283,Beijing_Zang_sub80927,-1.6486454020983774,-1.1076804609786735,-2.434695436679148,-0.9984885157796042,-0.9592399873941043
284,Beijing_Zang_sub81062,-2.2737092925830185,-0.8853257984262315,-0.8882983187121013,-1.0120571711112714,-0.7936619761504401
285,Beijing_Zang_sub81074,-2.200981677220232,-1.154320160082866,-0.953259543467166,-1.3901704040243286,-1.7555149380370374
286,Beijing_Zang_sub82352,-0.7645448070418962,-1.2137535610978072,-0.7287710410769836,-1.224458510933999,-1.1436196464894492
287,Beijing_Zang_sub82426,-0.8494620903813176,-0.8921891414087687,-0.6692256904092592,-0.8170019859264305,-1.1554358625982666
288,Beijing_Zang_sub82714,-0.8148494346234061,-0.8630134578588847,-0.914921280025622,-0.8366621721184037,-1.1654459682213423
289,Beijing_Zang_sub82826,-1.0812451540822383,-1.8900794154249485,-1.0817253833999816,-0.9222622924281055,-0.860805129372799
290,Beijing_Zang_sub82980,-1.0359087595049397,-0.9167055813027628,-0.6922699854044849,-1.0204230320596346,-0.9313603825842925
291,Beijing_Zang_sub83430,-0.9556770363220328,-0.994512455230799,-0.9557589610480219,-1.2737858279510266,-1.1218895770652435
292,Beijing_Zang_sub83624,-0.7915415293218689,-0.9369738167726119,-1.1921902012863645,-1.7759717269176278,-0.827984486502304
293,Beijing_Zang_sub83728,-1.3162326443814498,-1.3579844126580582,-0.7146781367029637,-1.3759656747892013,-0.874184382883333
294,Beijing_Zang_sub85030,-0.778607698613799,-0.871270063108203,-0.7459288266870702,-1.2477017292788422,-0.7945091916086149
295,Beijing_Zang_sub85543,-2.6624600707851442,-1.1938989283518036,-2.23931669731696,-0.90384045591227,-0.996429267035828
296,Beijing_Zang_sub85818,-1.6062870556887001,-1.0603923082743776,-0.7191695115922404,-2.4459768331853926,-2.624479934295599
297,Beijing_Zang_sub86114,-0.929127194531264,-3.4679060686920016,-0.8888550766071419,-1.3835549361239934,-0.8232151043730649
298,Beijing_Zang_sub87089,-1.320414924424614,-1.161576226183292,-0.7595161866489512,-0.9732066170151735,-1.0654181949344657
299,Beijing_Zang_sub87776,-3.2809661661741805,-0.9116002592795381,-1.1312538002714663,-2.559272430953791,-1.5394717405274174
300,Beijing_Zang_sub88306,-2.79760039896169,-0.8719833346046875,-0.6874017498929875,-0.9713329112978716,-1.3967683469333545
301,Beijing_Zang_sub88947,-0.8434348560577314,-1.5510555165274054,-0.7182804580601222,-0.8182745608723696,-0.8169309654019603
302,Beijing_Zang_sub89088,-0.923913747766628,-0.9398439369837683,-0.6799903296276747,-1.977449305558589,-0.8885808742136672
303,Beijing_Zang_sub89238,-0.7843370128308382,-1.520984996685254,-1.3076081674554776,-1.703473994066808,-2.312079291071147
304,Beijing_Zang_sub89592,-1.0638322814501073,-1.3329961343063383,-0.9987363402016367,-0.8217414688863102,-0.8375778865742505
305,Beijing_Zang_sub89742,-0.8396654035817532,-5.261842544079525,-0.6797518802356897,-0.8613169997880253,-1.7856215265354791
306,Beijing_Zang_sub89941,-0.907353782548814,-1.068318536810126,-1.277329643313495,-1.0764295154576644,-0.9123072165151153
307,Beijing_Zang_sub91145,-0.9730595942762565,-1.8174973758310828,-0.674488400456152,-2.335149848242571,-1.225428227071844
308,Beijing_Zang_sub91399,-1.141727448427059,-1.4383051926959807,-0.8929009693206902,-0.9288948233586931,-0.8945258264758135
309,Beijing_Zang_sub91952,-0.8601566277845989,-0.8945508354604432,-1.203834248734401,-1.1402878256059197,-0.8051068877302279
310,Beijing_Zang_sub92430,-0.7856996005050293,-0.8619251641360466,-1.5247623960328962,-0.9668031487743157,-0.8276344155240976
311,Beijing_Zang_sub92490,-0.8578595793028515,-2.1587340777036217,-1.1864165089255805,-1.5305089707798365,-0.8289584119052664
312,Beijing_Zang_sub92544,-1.3592010594602308,-1.5045987593259675,-0.6735035020674397,-1.08752444368953,-1.190843589330745
313,Beijing_Zang_sub92602,-0.9583487781481607,-0.8868318702101144,-0.7105047747995451,-0.9196304462726709,-1.1031291846554425
314,Beijing_Zang_sub92799,-0.9112601370336141,-2.86858055136469,-1.7709566910959023,-4.4258979564028005,-0.8150159127808646
315,Beijing_Zang_sub92859,-1.1110680676499327,-0.8661854627457921,-0.8379634941337849,-1.6339234748614495,-1.0603491448966909
316,Beijing_Zang_sub93689,-7.510913893308789,-0.9171301860843429,-0.9004543985830991,-4.25615553800811,-1.7235336998664712
317,Beijing_Zang_sub93856,-1.1256445191858637,-1.159520778564495,-0.7687314981441467,-1.1542349943046801,-0.9565021864900501
318,Beijing_Zang_sub94536,-1.4228878234188476,-0.8653452441597179,-1.0576498257855678,-1.7509407688503384,-1.1574655062591996
319,Beijing_Zang_sub95575,-1.720725870803415,-2.79003603965915,-1.5441944545710449,-0.9471388198028409,-0.8862996255499036
320,Beijing_Zang_sub95755,-0.8040750983719789,-1.1080338641935454,-1.0424919178400696,-2.1994049939056493,-0.8988954495130109
321,Beijing_Zang_sub96163,-0.8059383891742282,-2.5338441368913722,-0.9683139704703261,-2.1781436020580225,-1.2370712947827904
322,Beijing_Zang_sub97442,-1.5370139201776971,-1.0987108682726991,-1.193457709103745,-0.8684314781692826,-0.8491490278575026
323,Beijing_Zang_sub98353,-0.7856996005050293,-1.2746172025848086,-0.7483223815019889,-1.827390419089545,-1.215340932193896
324,Beijing_Zang_sub98617,-0.8082967473420656,-1.662335257416938,-0.6733713354099048,-1.0223336963369656,-1.2182712563781533
325,Berlin_Margulies_sub06204,-0.8047063181953943,-0.8584344265126131,-1.9821133999541873,-0.9667185471582388,-0.7994033026551218
326,Berlin_Margulies_sub06716,-1.0658169527684578,-0.9055363484621891,-0.693247228758591,-0.8365969574439069,-1.4753825889646726
327,Berlin_Margulies_sub12855,-0.9801707378285233,-1.2934107103961374,-0.734279267010341,-0.9559970626286481,-1.642776781683607
328,Berlin_Margulies_sub18913,-1.2191159721535216,-0.8560886577627463,-0.8116510712093932,-2.1550879326048973,-1.109175482898712
329,Berlin_Margulies_sub23506,-0.749744580020507,-1.0576769068654128,-1.2687974235500212,-1.2616206123368214,-0.8101454878450187
330,Berlin_Margulies_sub27536,-0.9692594179636397,-0.8752191406113031,-0.9402524950086449,-1.0863670036239574,-0.7767197682191497
331,Berlin_Margulies_sub27711,-0.7976823602486866,-1.9432289867548351,-1.7609672189947498,-0.8140972215533836,-1.0127222889009142
332,Berlin_Margulies_sub27797,-0.8527727120015833,-0.982750040355072,-0.7142092995163236,-0.8324924252458427,-1.6536039730306815
333,Berlin_Margulies_sub28092,-0.9348692560009128,-1.0989152793410781,-1.5176241956206746,-0.8131521709403684,-0.7456374886905753
334,Berlin_Margulies_sub33248,-1.704408603344169,-1.0021665380361329,-0.7201672814803158,-1.0968104001511143,-0.9496545618491694
335,Berlin_Margulies_sub38279,-0.7419985816960387,-0.857304099052405,-1.5424759698305706,-1.351777499803692,-0.8671825574342895
336,Berlin_Margulies_sub40143,-0.9628409656636878,-1.0145524577971152,-0.961394172042501,-0.9667185471582388,-1.1602578159320922
337,Berlin_Margulies_sub47066,-0.7842253886077825,-0.9883244259961984,-1.3982928708459943,-0.9399371891212022,-0.7439580763329924
338,Berlin_Margulies_sub47791,-0.8628090935669058,-0.943768811074714,-0.7514499862932434,-0.8251764927564857,-1.2316177518129576
339,Berlin_Margulies_sub49134,-1.0388656140807428,-1.4663521950686293,-1.3121057575028259,-0.8470776013756058,-0.738298653235398
340,Berlin_Margulies_sub54976,-0.7259249013308691,-0.8956800300144241,-0.7652321406879766,-0.8210964452207663,-1.6309739957926934
341,Berlin_Margulies_sub57028,-0.7707459433671223,-1.4892807289755314,-0.8340838870238688,-0.8178343639713186,-0.7263589304730557
342,Berlin_Margulies_sub67166,-0.788268220065751,-1.4291550953007572,-0.8207806581253362,-0.811436021996362,-0.7290389344173276
343,Berlin_Margulies_sub75506,-1.3553161771171178,-0.9688448657800406,-1.7554848883844425,-0.8462794051268868,-0.9724766208731563
344,Berlin_Margulies_sub77281,-0.7862998822295487,-1.8928298059645154,-0.8150765432623063,-0.8169716057253118,-0.877983610017402
345,Berlin_Margulies_sub85681,-1.5318435584659729,-1.2765313801093574,-1.133446323667076,-0.9708900922568955,-0.745448864070805
346,Berlin_Margulies_sub86111,-0.7782199569138943,-1.0512562592629595,-0.9821911876131133,-0.8411188815234382,-0.7741044955952616
347,Berlin_Margulies_sub91116,-0.6981659808260227,-0.9946984814686046,-0.8407044425379648,-1.0099629439036713,-0.9948950835258993
348,Berlin_Margulies_sub91966,-0.8366729556796555,-0.9476057059600392,-0.7466643922353655,-0.8182261504052939,-2.6023017664675137
349,Berlin_Margulies_sub95068,-1.6268376946595475,-0.9096334974908417,-0.7942776185240263,-1.1251064513496676,-0.9298333232024095
350,Berlin_Margulies_sub97162,-1.0445904889441682,-0.9992721349665158,-0.8031185676253996,-1.415897422956436,-0.7655393530547111
351,Cambridge_Buckner_sub00156,-0.8017497011363656,-1.45185234522474,-1.4756436463078577,-0.9600047611377323,-0.9256974793467084
352,Cambridge_Buckner_sub00294,-0.878130867173632,-2.304756068696609,-0.8506076599057557,-1.6355374311183384,-1.0942792774329726
353,Cambridge_Buckner_sub01361,-0.8061973431896409,-2.1342370976011766,-0.9905866770308048,-1.4169359532398935,-1.5590051089893844
354,Cambridge_Buckner_sub02591,-0.9395989155675719,-0.9950352150304406,-2.1875684330949023,-1.6123317532527301,-2.9980642720360406
355,Cambridge_Buckner_sub02953,-1.0241603656722293,-2.739421053823478,-0.8043060287823165,-1.015556314144949,-0.9607271277663251
356,Cambridge_Buckner_sub04187,-3.20320232602184,-0.8942513504586911,-1.031544516299949,-1.2317383029676992,-0.9067115859210937
357,Cambridge_Buckner_sub04270,-1.055484725893172,-1.0841877688889248,-1.5102729665301304,-2.5232175368626177,-1.0324240760323908
358,Cambridge_Buckner_sub04491,-0.7711783002267224,-1.0443795364708481,-0.6954293758587422,-1.4237266748837667,-0.826559375017811
359,Cambridge_Buckner_sub04665,-1.4884030291252839,-1.3672675795939038,-0.6803114945343687,-2.209282839569686,-1.4235654378305647
360,Cambridge_Buckner_sub05306,-1.178495745260393,-1.7300901511897773,-0.6806667491297124,-2.724892884090503,-0.842474622242008
361,Cambridge_Buckner_sub05453,-2.3965247190078953,-0.8721574958098632,-0.675079803077931,-0.884128754454867,-1.1794100371956904
362,Cambridge_Buckner_sub06037,-1.116022423792667,-0.85491535621566,-0.6707583303680353,-2.0122880017742704,-0.8449136937215919
363,Cambridge_Buckner_sub06272,-1.0667638269515713,-0.9990804695404163,-0.7585637041658868,-1.3419405121961394,-1.9042188394899366
364,Cambridge_Buckner_sub06987,-0.7857140327562854,-1.2554644099463061,-0.7002456459006177,-0.8209411864244665,-0.8869933523691501
365,Cambridge_Buckner_sub07413,-0.9110983371879897,-0.8816905136259809,-1.2323118392475854,-0.8214794405692663,-1.3162423817745976
366,Cambridge_Buckner_sub07798,-2.082157673494128,-1.5614003742040665,-1.1330050943311643,-4.512494582796961,-0.8484118185266557
367,Cambridge_Buckner_sub07902,-0.7623687290272474,-1.223279390889598,-0.770031764617612,-1.0318209464102925,-0.8448614739650256
368,Cambridge_Buckner_sub08204,-0.7411594866128415,-0.9814017066369475,-1.566604335368378,-0.8063141329512228,-1.5490388352182778
369,Cambridge_Buckner_sub08588,-0.8295325461306999,-1.1930728525281389,-0.7752862820670323,-1.1956239463380887,-1.03058031371067
370,Cambridge_Buckner_sub08723,-0.8501820276741257,-1.2055438825700813,-0.800314052097868,-0.8168848147343805,-1.2934631387534876
371,Cambridge_Buckner_sub08947,-1.352367003950173,-1.0925123517467292,-1.3982208497763007,-0.831479873445294,-0.8445965330182998
372,Cambridge_Buckner_sub09015,-0.964379349981034,-0.8564703794237515,-2.3090653112630712,-1.6568325435556401,-0.9708879305883416
373,Cambridge_Buckner_sub09397,-0.7286591166288537,-1.0544129014357135,-1.256817809220392,-0.8560715885678769,-1.4927380858118853
374,Cambridge_Buckner_sub09633,-2.292191069099979,-1.6195282660726067,-1.0020436433699287,-2.728349213438117,-1.6630713022653465
375,Cambridge_Buckner_sub10268,-1.0957620698143535,-2.5639627744701063,-0.6713016610128695,-0.9007159469512526,-0.7944760266182324
376,Cambridge_Buckner_sub10619,-1.231319038171922,-1.7155277364324437,-0.7064036338720796,-1.5122284835780884,-0.9483573501729293
377,Cambridge_Buckner_sub11388,-0.9478011884702481,-0.8767858269995045,-3.1212314263549668,-0.8819532418829809,-1.6823092672998852
378,Cambridge_Buckner_sub12346,-1.046164833165739,-1.3202688988083342,-1.5643239724729547,-0.9073379309880907,-1.6188679252785507
379,Cambridge_Buckner_sub13093,-0.9419781091838209,-2.195521188952556,-1.0404562023871977,-1.5618904662092992,-0.9529698049172516
380,Cambridge_Buckner_sub13187,-1.1802665122693878,-1.5803437374557234,-0.676481830257623,-0.8294647513810524,-1.911891625940688
381,Cambridge_Buckner_sub13216,-0.8510950854075766,-1.058661173439992,-1.3796448727447832,-1.161408921893702,-1.297655867448088
382,Cambridge_Buckner_sub13902,-0.8082630730159382,-0.9491780339214001,-1.296665094903281,-0.8360564029956506,-1.1958114740685932
383,Cambridge_Buckner_sub14183,-1.073155663154707,-0.8526244844905315,-0.7259216845869365,-0.879197943717888,-0.8416717143026003
384,Cambridge_Buckner_sub14194,-0.9552133541431946,-4.147854125968336,-0.9717632521223016,-1.0426384783902907,-1.438880333220792
385,Cambridge_Buckner_sub14278,-1.1670781862119157,-0.8768926493492087,-0.6788252454956408,-1.1244844277308554,-1.1243578827076093
386,Cambridge_Buckner_sub15172,-1.2728772931107688,-1.0610057540326943,-0.7648796196951698,-0.8537427172465581,-1.0564779606135333
387,Cambridge_Buckner_sub15258,-1.075842644834234,-0.9034899024063293,-1.901415053161524,-2.056641447842825,-0.837753481145363
388,Cambridge_Buckner_sub15432,-0.8448948917920773,-1.3443611525605708,-0.8481241152404702,-1.4886925759515766,-1.476465557194687
389,Cambridge_Buckner_sub15905,-0.8738974023314388,-0.8602136104847679,-0.8561084720732054,-0.8382734071368898,-1.1485016686303995
390,Cambridge_Buckner_sub16122,-2.0138367607277283,-1.3089850111084358,-1.0951521952389849,-1.5657826134147563,-1.4794314522648917
391,Cambridge_Buckner_sub16390,-0.9780770732534058,-1.3255957246693943,-1.767119802713653,-1.6612542896207056,-1.4885478464941146
392,Cambridge_Buckner_sub16846,-1.8592251100427781,-0.9461506898118748,-1.7670678108690572,-1.2851083419907454,-0.944539030409992
393,Cambridge_Buckner_sub17584,-1.4296718251274445,-1.261756416558846,-1.5700745155708176,-1.1673577942698414,-2.1535601279305983
394,Cambridge_Buckner_sub17737,-1.0537365874886682,-0.9653563274286652,-0.8730757287820883,-3.0571359100158855,-0.7290195636843843
395,Cambridge_Buckner_sub17772,-1.6294655342881372,-2.1190057681422623,-1.6239857130150128,-6.634723535365172,-1.0711804872014419
396,Cambridge_Buckner_sub18295,-1.3619203189092743,-0.8522972858885778,-1.115812913997545,-0.9144224962354219,-1.0142888506549366
397,Cambridge_Buckner_sub18449,-2.072527377845477,-2.478489900064946,-1.4548521858291796,-1.1890569521052967,-3.083992441754351
398,Cambridge_Buckner_sub19717,-1.0385062201292716,-1.788036075347624,-1.3136488202068861,-1.0039083637276038,-0.8276210413524059
399,Cambridge_Buckner_sub20389,-1.099956504837416,-2.6079715967358035,-0.7864102790319051,-1.053766739545001,-0.969672638760716
400,Cambridge_Buckner_sub20543,-0.9253817603121234,-2.0259203075939856,-0.7986398786544673,-0.8273657871493547,-0.8577392340867246
401,Cambridge_Buckner_sub20563,-1.8356553318142599,-5.253195127537517,-1.163042417945602,-0.9922145484262267,-1.2491734742599518
402,Cambridge_Buckner_sub21755,-0.955576894324922,-1.0693900838367494,-0.6891027234381861,-1.2033788196975552,-0.8474269907970158
403,Cambridge_Buckner_sub23780,-1.5499486468279264,-1.7562343795392417,-2.66552864398447,-1.7344791732777907,-1.0601944297282757
404,Cambridge_Buckner_sub23869,-0.9428450770475469,-0.8951006760748308,-0.9451835223511982,-0.8200208161069249,-2.249214998007366
405,Cambridge_Buckner_sub24670,-1.2374164446875224,-1.744671908644053,-1.0236524588895641,-0.8060342164969604,-0.8570292575994404
406,Cambridge_Buckner_sub24757,-1.1610545587355636,-0.9836401773347708,-0.8127928890985868,-1.1458991344704428,-1.4065345562349627
407,Cambridge_Buckner_sub25044,-1.2636725165456988,-1.4240980039196958,-1.2024588689789173,-2.332251672922187,-1.4392513395364708
408,Cambridge_Buckner_sub25058,-0.7778148233692803,-1.0516634713000674,-0.7148340071655225,-0.8753244845153999,-0.8040893746985515
409,Cambridge_Buckner_sub25099,-0.924547465907764,-1.0556625038842031,-1.0746951269371872,-1.3972409204085308,-1.6708100590032957
410,Cambridge_Buckner_sub26348,-2.2347845594989684,-0.9400340672788845,-2.12805027248079,-0.8053895466007295,-1.0321875747666214
411,Cambridge_Buckner_sub27065,-0.8297599913504493,-0.9765164686807577,-0.6905288348065813,-1.2513850641998714,-0.8197733120662344
412,Cambridge_Buckner_sub27230,-1.1737027161245541,-1.787435191611772,-1.2066304768782659,-2.2486557702146737,-2.6365890310726043
413,Cambridge_Buckner_sub27613,-0.823332248194394,-0.9183523610118202,-0.9534792437344687,-1.3226022410482006,-1.311237848033234
414,Cambridge_Buckner_sub27796,-0.8788832690309256,-0.8808612389092653,-0.7530233922591998,-5.041457654223187,-0.8095460485077832
415,Cambridge_Buckner_sub29044,-0.8669745018853066,-0.8839601096067135,-0.6713574007526942,-1.1922586023783048,-0.8775685696524715
416,Cambridge_Buckner_sub29425,-0.7850058784888561,-0.8593122230226459,-0.7443083740477185,-1.2241730786634368,-0.8087826507147378
417,Cambridge_Buckner_sub29800,-1.3605342118934107,-1.0450192297339072,-0.7477840741249937,-2.686792719457308,-1.1087661382578973
418,Cambridge_Buckner_sub31522,-1.6400040524298511,-0.8724539231026056,-0.7355996039308279,-0.9648354938955187,-0.8567326792873439
419,Cambridge_Buckner_sub34586,-0.7803039227556294,-1.847101583605302,-0.7335631226628522,-0.8233814959900105,-0.8153292586182121
420,Cambridge_Buckner_sub34741,-0.9440649262782661,-0.9275351047488702,-0.6925410238784157,-0.8481793865821206,-0.7631417891681184
421,Cambridge_Buckner_sub35430,-1.3778920961752814,-1.8012935111922816,-0.6786152480248921,-0.8233812395422587,-1.5398551107252851
422,Cambridge_Buckner_sub35512,-0.836683181770391,-1.0910588284180935,-3.0508053195890787,-1.1231776699180245,-1.300955199184653
423,Cambridge_Buckner_sub37374,-1.101408932470603,-1.421140290338077,-0.9640003310956174,-0.8158028607371463,-1.5650164518382974
424,Cambridge_Buckner_sub39053,-0.7719785118771627,-0.9399219466345068,-0.7369763231900973,-1.1233961459722734,-3.1183029403589524
425,Cambridge_Buckner_sub39065,-0.8059597337071981,-0.8892612434625891,-0.9548983058712176,-1.3161315560221505,-1.065745777015682
426,Cambridge_Buckner_sub39142,-1.752702496919568,-1.133684220210794,-1.348762394485666,-1.2530509804267451,-1.3309116309626154
427,Cambridge_Buckner_sub39737,-2.7205677909915362,-1.4279536560298338,-1.5441992738572405,-2.721892330618617,-1.6434716883044798
428,Cambridge_Buckner_sub40635,-2.3708003901220973,-1.4467543789061972,-1.6346550543978862,-2.041093584074504,-0.8610378201760462
429,Cambridge_Buckner_sub41567,-0.7919199573994365,-2.8715506505169683,-1.2538312878058393,-1.5666868277592252,-0.8789258325956146
430,Cambridge_Buckner_sub41773,-0.815797490358901,-1.1802634429209173,-1.6214921880621875,-0.8604413338149769,-1.6138063017147461
431,Cambridge_Buckner_sub41814,-0.8323446203932007,-1.215283105124799,-1.0519623798967281,-0.9518864925773164,-0.8413533691062423
432,Cambridge_Buckner_sub42146,-1.2750663294766058,-1.2867298465378831,-0.7754733063054366,-1.440651974394492,-2.661816786687939
433,Cambridge_Buckner_sub42253,-0.8963524597718631,-0.9244227127133908,-0.7986398786544673,-1.21446537795503,-1.630679930115772
434,Cambridge_Buckner_sub43304,-0.8797043006862959,-1.633911076663603,-0.8744565331072369,-0.8882567010493148,-1.6105716772253624
435,Cambridge_Buckner_sub43358,-0.9082278357894843,-0.9581902524853392,-1.6497598922851613,-2.4313358505761755,-1.5555370422128572
436,Cambridge_Buckner_sub45344,-1.2453638186862122,-0.9431117615683016,-0.6677930408766792,-0.8585841505065056,-0.9581067514762505
437,Cambridge_Buckner_sub45354,-1.014248881157073,-1.1428424331565812,-0.8632049500841348,-0.8659823652021897,-1.1651349946316374
438,Cambridge_Buckner_sub45604,-0.7952886579595634,-1.727760605237696,-1.029497863711318,-0.804555626184978,-0.7806529138275659
439,Cambridge_Buckner_sub47162,-1.4905823335833392,-1.345429596366023,-0.8423819779862941,-1.8059841006220618,-1.2206444615512047
440,Cambridge_Buckner_sub47231,-0.8374047682013411,-0.9701158088174674,-0.6914994993144596,-1.349453468183991,-1.0420281970179197
441,Cambridge_Buckner_sub47278,-0.8333409577805531,-0.8613628002269778,-1.079187257637834,-0.8474562977530627,-1.267316752721024
442,Cambridge_Buckner_sub47498,-3.1151040745282597,-0.9894531802818595,-0.9964229110442877,-1.0457979923932013,-2.7968098875562384
443,Cambridge_Buckner_sub49259,-0.9270068701685517,-0.8721106946704427,-4.00933430932335,-1.4427928947138224,-0.8412018040507956
444,Cambridge_Buckner_sub49998,-1.9442674232773258,-0.926689063918771,-0.7179510171319524,-0.8433217773452047,-0.8991167763482952
445,Cambridge_Buckner_sub50272,-1.3527577412198573,-1.3546849160851013,-0.6920846652788883,-1.1852058781351977,-0.909892625730815
446,Cambridge_Buckner_sub50454,-0.8055182859968716,-0.9110027059088011,-1.4334109764832386,-1.4322774013014936,-1.4461121764754303
447,Cambridge_Buckner_sub50953,-0.8038894944034282,-1.277210518885156,-1.3016199589257185,-1.1176899462444783,-0.8105315414076143
448,Cambridge_Buckner_sub51050,-2.8426602678759125,-1.0912561057939834,-0.6707916096222422,-1.4503121092168931,-2.234858690122492
449,Cambridge_Buckner_sub51172,-0.8283379917373301,-1.0097434628777233,-1.0424895152573317,-1.4402644651283227,-1.7343036603608464
450,Cambridge_Buckner_sub51512,-1.0292458340462374,-1.6534595720418932,-0.7014540277225894,-0.8468483711307282,-0.8704547425032808
451,Cambridge_Buckner_sub51671,-0.8039101225306554,-1.0272861586208335,-0.6816684472633512,-1.1523964297132498,-0.7933924523448653
452,Cambridge_Buckner_sub52036,-0.8155111866856131,-0.8779610783402815,-0.6731542973608899,-1.6827517230006859,-1.0307948765286328
453,Cambridge_Buckner_sub52300,-1.6393051064501658,-0.8702086197385819,-1.8471998584693161,-0.885751640700355,-1.1504794674806125
454,Cambridge_Buckner_sub52442,-0.7799961483153848,-1.0484030898395331,-1.340071266066326,-0.8755918107294922,-1.1809596893512209
455,Cambridge_Buckner_sub53059,-0.8937519323302227,-0.8578331381388691,-1.5268513219307476,-3.76347459494122,-1.084434851178837
456,Cambridge_Buckner_sub53107,-1.1531689245493768,-0.974117043867833,-0.7057264572868711,-0.9739470451110791,-0.867018236695396
457,Cambridge_Buckner_sub53193,-1.2933683158383777,-1.3357034121935174,-0.7122308085216112,-1.442443942687621,-0.9098506986464767
458,Cambridge_Buckner_sub53296,-1.3458031027000625,-0.9075504110874234,-1.6187505903185766,-0.8105883355025174,-1.8394291325542458
459,Cambridge_Buckner_sub53615,-1.144181590699955,-1.0643890091978934,-0.6857513187937676,-1.1870371835108087,-0.9767237546153643
460,Cambridge_Buckner_sub54846,-0.9092098850596109,-1.4448249066476162,-1.079187257637834,-5.066303763528368,-1.0111335245088564
461,Cambridge_Buckner_sub55114,-2.0312490880343,-0.9302016658816576,-1.0974409548664756,-0.8702864004215896,-3.0658953775265583
462,Cambridge_Buckner_sub55660,-2.8144630807550777,-1.294187937669548,-2.9885489066807627,-1.3294088983944599,-1.016167545686711
463,Cambridge_Buckner_sub55874,-1.2980314806209783,-0.8798956754752892,-1.3334095600077616,-1.0828195537785705,-0.8415975696920147
464,Cambridge_Buckner_sub57221,-0.7835948141040117,-0.886781074387898,-1.3302153857445569,-1.2252495498310014,-0.8435277535068438
465,Cambridge_Buckner_sub58360,-1.0519308736436317,-1.7361961944327033,-0.6823931985210092,-0.9242357319741505,-1.4226679289328874
466,Cambridge_Buckner_sub58470,-1.2815386335732601,-1.0992812104958614,-0.7103636190187619,-1.527839904090119,-0.8818349608283591
467,Cambridge_Buckner_sub58682,-1.1729982408975583,-0.8488671791408864,-0.6666717100159432,-0.8110485957984124,-0.9136714050911098
468,Cambridge_Buckner_sub58874,-1.980888952781293,-1.2542946760055078,-0.7767913938972003,-1.6311025718283687,-0.8590997617722415
469,Cambridge_Buckner_sub59434,-0.9968749039092855,-2.1310862033091427,-0.964883817318826,-0.9619472861869388,-0.8889372267734402
470,Cambridge_Buckner_sub59729,-0.9186897331634261,-1.1140742225753062,-0.6693170123285468,-0.9800733691172068,-0.8059139831061453
471,Cambridge_Buckner_sub60578,-1.0904290185254204,-0.8708714590182053,-0.8569609427170332,-0.8269012601698105,-0.8222373389198695
472,Cambridge_Buckner_sub60797,-0.8308621269731427,-1.167720710836385,-0.7144647964418456,-2.868520550612453,-0.8659350427754027
473,Cambridge_Buckner_sub61185,-1.0761782924270198,-0.9592203955969448,-0.7277590548749562,-1.0725232516033725,-0.7334843051607786
474,Cambridge_Buckner_sub61209,-0.9865240354114337,-1.0330555161240165,-1.2538312878058393,-1.2359743452300986,-1.4245868473531658
475,Cambridge_Buckner_sub61436,-0.9842946690332975,-0.8761247503015805,-0.9010006189594594,-0.9337112495285211,-0.8010823076501624
476,Cambridge_Buckner_sub61753,-0.8449051256176183,-1.162426164925035,-1.694237250893193,-1.142476712261118,-0.9654406286004931
477,Cambridge_Buckner_sub62383,-2.858908711631974,-0.8607726831213143,-0.7898165395719036,-0.8685653268220163,-1.9671527292426745
478,Cambridge_Buckner_sub62424,-0.8883315502267449,-1.1143740120148713,-1.1951211604660503,-0.9026864386501493,-1.0125321539004992
479,Cambridge_Buckner_sub62732,-0.8615890327191914,-1.2299516158540236,-1.5452096831185071,-0.8708869805340752,-5.611835967874991
480,Cambridge_Buckner_sub62908,-0.8076825757372218,-0.8455626639216277,-1.5392755390904997,-1.3488982153840843,-0.9798055510516477
481,Cambridge_Buckner_sub63412,-2.0253533356953186,-1.6822643654033254,-0.7612602621574974,-1.9337245827506138,-2.389970559953944
482,Cambridge_Buckner_sub63661,-2.012793918890327,-2.6839252202575326,-1.3093806588646852,-1.408981278118111,-0.8448614739650256
483,Cambridge_Buckner_sub64308,-1.0016633485350113,-0.99929191141846,-3.456729491475971,-0.9536269108539315,-0.9634376585735217
484,Cambridge_Buckner_sub64985,-1.135235860520836,-1.1552571761679458,-1.0889948911998535,-0.8407692435365309,-1.121458087184284
485,Cambridge_Buckner_sub65373,-0.8349458377715109,-1.2659547289553272,-0.7391050266001593,-1.020705889180811,-0.8977127395958963
486,Cambridge_Buckner_sub65682,-0.981352557486193,-0.8533238877122701,-1.3851386298621768,-0.8406153943960863,-1.4989029396086313
487,Cambridge_Buckner_sub66351,-1.0653275677861234,-0.8942144414591361,-2.9849537337282483,-1.564583545000947,-0.9918843965075825
488,Cambridge_Buckner_sub67117,-2.0550512978496935,-4.274706540777777,-0.6871716801391892,-0.9411044660385329,-4.234346615346955
489,Cambridge_Buckner_sub68101,-0.7817115134652768,-1.8062262950391932,-0.8316967593121368,-0.9729145906147326,-2.485607004598376
490,Cambridge_Buckner_sub68425,-0.8974892444415989,-1.618413854649087,-0.6949354857063449,-1.2527747223078642,-1.1161119659023193
491,Cambridge_Buckner_sub69287,-1.6038486713740259,-1.5823604790346018,-0.7369693957599897,-2.1696868767252173,-0.966211484648307
492,Cambridge_Buckner_sub69315,-1.183834209948831,-1.412274467189056,-1.030358700907781,-1.1665401937956368,-1.936153471263288
493,Cambridge_Buckner_sub69397,-2.1578900455386014,-1.9109066063904987,-0.9363376761216473,-0.8197684632664861,-3.3860213605510734
494,Cambridge_Buckner_sub71849,-0.7815284935247303,-0.9877771092821439,-0.6693881110848556,-0.8833306104909041,-1.804798837535645
495,Cambridge_Buckner_sub72068,-0.8278159023043488,-1.034800779071803,-1.1509464841029826,-1.7322815054997667,-0.8671009193092976
496,Cambridge_Buckner_sub73317,-0.8049942578680278,-0.8722849220393,-0.6955376851989759,-1.0224974101484279,-0.8499680220011492
497,Cambridge_Buckner_sub73399,-1.4525966773917889,-1.619003788430901,-7.015467463365552,-1.5791127951175616,-2.240476063862031
498,Cambridge_Buckner_sub73477,-0.7834244666051433,-2.32481520302263,-0.8809821536662981,-0.9768846279894825,-0.9112089392350166
499,Cambridge_Buckner_sub76631,-1.4823772617752957,-1.368564721259779,-0.776496651472373,-0.9015287944422965,-1.5532517876816576
500,Cambridge_Buckner_sub76745,-1.9900668173532758,-1.0677864719841346,-1.5366987146245543,-0.9649175633448005,-0.9308648622030083
501,Cambridge_Buckner_sub77337,-0.8077813854334136,-1.3871798464115912,-0.7569165921926694,-1.0339840782144265,-0.851953089502678
502,Cambridge_Buckner_sub77435,-4.066940927023813,-1.9897821895756675,-0.8560996484964023,-1.2416010515603724,-0.8581032111883707
503,Cambridge_Buckner_sub77598,-1.7258230266263177,-0.86579509881984,-2.5521514658002844,-1.990644835984609,-1.6833874166955156
504,Cambridge_Buckner_sub77989,-0.8039101225306554,-0.8597529027132764,-0.8648858773232977,-0.8809847771030617,-1.1642093371872408
505,Cambridge_Buckner_sub78547,-1.0255097036573941,-1.5760020417599516,-1.3030471657535199,-1.1815699370161517,-0.8417544083087692
506,Cambridge_Buckner_sub78552,-1.0923646370209277,-1.7545171218193558,-0.7340460888263423,-0.8876430766356727,-1.826611039758678
507,Cambridge_Buckner_sub78614,-1.4683656696108807,-0.9286592559316328,-1.5210614474511643,-2.3985490426147695,-4.543828373167406
508,Cambridge_Buckner_sub80557,-2.2529167509732497,-1.501445038950877,-0.7984156377527508,-0.8410197885012335,-3.0749978233603215
509,Cambridge_Buckner_sub81289,-1.0971827406361165,-0.9769281908860081,-1.1107062570502237,-0.8890320521205693,-0.8476612915893867
510,Cambridge_Buckner_sub81524,-0.8901058995942412,-0.8816849746858156,-1.2761764608488375,-1.2251441343208718,-0.7600988856057059
511,Cambridge_Buckner_sub81562,-1.3619203189092743,-1.3572057931210793,-0.7989031870871531,-0.8912138314233543,-0.8119857510134182
512,Cambridge_Buckner_sub82113,-2.110200034686512,-1.0178810764657942,-1.7066078897400132,-1.2736064459174365,-0.9525279367511514
513,Cambridge_Buckner_sub82213,-0.9463230867385501,-0.9562656463531684,-1.1048232333831935,-0.8712392298142111,-0.8663521668240649
514,Cambridge_Buckner_sub82435,-1.2563126011179988,-1.1124067614477198,-0.828066945083139,-0.8193706698702012,-1.917672980777722
515,Cambridge_Buckner_sub83409,-1.0058377486168184,-1.0159668240947017,-1.245539486481354,-1.237977974485425,-3.757260361424093
516,Cambridge_Buckner_sub83683,-1.0710586500557515,-0.9781110083220461,-2.0594711408913913,-2.010108884876457,-0.8073767716854436
517,Cambridge_Buckner_sub84064,-2.0803414402759244,-1.2304222611917532,-1.0595959669001014,-1.952818594660117,-1.2768284673578976
518,Cambridge_Buckner_sub84256,-1.3900304094861782,-1.267374003062652,-2.242702044246157,-2.8197243806452748,-2.0370394994122276
519,Cambridge_Buckner_sub84504,-1.5666092631001327,-2.799169099325055,-1.2523316257854231,-0.8487530773805415,-0.8897641880016354
520,Cambridge_Buckner_sub84845,-0.8957835826836033,-1.2539905046149835,-0.6663715934557051,-1.9081000691758676,-0.8510356592109295
521,Cambridge_Buckner_sub86115,-0.7934353835481591,-0.8602136104847679,-1.7829217199889262,-1.1757952584882034,-0.8543679528992008
522,Cambridge_Buckner_sub86637,-0.9877962139067575,-0.8750930673024795,-1.077832495432045,-0.8173890951127384,-1.3588270012363852
523,Cambridge_Buckner_sub87846,-0.7897153001020001,-0.9045261272544398,-0.7600775394771546,-0.8128059522217944,-1.0420281970179197
524,Cambridge_Buckner_sub88445,-1.1603277133118288,-1.1293768836198996,-0.7258522231265017,-0.8420874297959103,-1.0665018133878994
525,Cambridge_Buckner_sub88464,-1.0230607060170116,-1.0758517801747836,-0.8310212214725095,-0.8265906264923969,-0.9485710981952241
526,Cambridge_Buckner_sub88853,-0.7233756909267809,-2.0262310260173293,-2.211722629717478,-1.3811657721535533,-1.4619934722298833
527,Cambridge_Buckner_sub89107,-3.3687219855012893,-1.8606236977756214,-0.7010238152469254,-1.0355936071837566,-1.6245064729569578
528,Cambridge_Buckner_sub89435,-0.8572006816404029,-0.9926615037124435,-1.5368332439474526,-2.1599281495913982,-0.8795908028194557
529,Cambridge_Buckner_sub89894,-1.0062459416717098,-1.3035265680732346,-1.371454677628252,-2.7440083298880054,-1.1076770747344382
530,Cambridge_Buckner_sub90059,-1.5099946939384732,-1.088024759362728,-0.8049167751835582,-1.6268526295515873,-1.2814661193454127
531,Cambridge_Buckner_sub90674,-4.256981086908915,-3.843558300834148,-0.673829123072569,-0.8188249182843991,-1.0370728489162067
532,Cambridge_Buckner_sub90681,-0.8553595853552526,-0.8565127169873914,-1.069302279843925,-1.1042185249461127,-1.1595786074770376
533,Cambridge_Buckner_sub90699,-0.7729025963663682,-0.9774859200182769,-0.7352947661719712,-0.8063141329512228,-1.212795353909813
534,Cambridge_Buckner_sub92288,-1.8265270808219967,-1.076954204976546,-0.7018004624807674,-1.5475507855498658,-0.783874912839078
535,Cambridge_Buckner_sub92393,-0.7857140327562854,-0.8761851168505397,-0.754742312437374,-1.0174749887998216,-0.8147927391081852
536,Cambridge_Buckner_sub92440,-1.6550838743146488,-0.9321307189481659,-2.303066935862626,-1.1525652705723444,-0.9790974404317976
537,Cambridge_Buckner_sub93269,-0.8391031227904913,-2.0079613173438076,-0.9703060269910149,-0.8747400933576018,-0.798503921654196
538,Cambridge_Buckner_sub93488,-1.1193542631302555,-1.214105516892173,-0.7243920276593123,-1.0583374546044106,-1.4174886837554357
539,Cambridge_Buckner_sub93609,-1.181028744128223,-1.7134987607245618,-4.297518282634458,-0.9473964660348568,-0.8269618333653542
540,Cambridge_Buckner_sub94304,-0.8182048919577378,-1.9686805748708511,-3.739206669242992,-0.8136067884081045,-1.1090454613559744
541,Cambridge_Buckner_sub95187,-1.5446198114423777,-0.9436446222210271,-0.6801897515721462,-0.858602274639586,-1.2742822691631785
542,Cambridge_Buckner_sub95644,-1.9442674232773258,-1.1608784378063752,-0.673829123072569,-1.1138355089346648,-1.1794100371956904
543,Cambridge_Buckner_sub95959,-0.972587823752928,-0.8547672367296545,-1.290703582337446,-0.8517033909893064,-1.0733702138977406
544,Cambridge_Buckner_sub98528,-0.8059597337071981,-1.210187168167325,-0.7176800446463485,-0.8615932291292144,-1.6649459947243868
545,Cambridge_Buckner_sub98624,-1.1352821729306337,-1.4973720746372243,-0.8773129029991648,-0.8606841490102671,-0.8392528044734036
546,Cambridge_Buckner_sub99085,-0.9683936024111367,-0.8882873173393753,-0.9619138640136584,-0.8885903336971871,-1.4395221236358815
547,Cambridge_Buckner_sub99330,-1.5455609293535835,-0.9095947833942153,-0.8246537773914421,-0.8498443326105708,-0.8962955310413816
548,Cambridge_Buckner_sub99462,-1.0457711602262099,-0.8904349576909305,-0.6972386462286982,-2.5303832639398824,-0.8452032411118566
549,Cleveland_sub02480,-0.8446082403555264,-1.1041408532584651,-1.6679520481683143,-0.747363027488173,-1.809665036742671
550,Cleveland_sub07835,-3.0935897862263824,-2.5812874759681077,-1.4399428909631684,-1.1592371960243475,-1.9861187149272697
551,Cleveland_sub12330,-0.8987126550237411,-1.0024483882031794,-1.2421128170391162,-3.4866374108803004,-0.7285155213742951
552,Cleveland_sub13495,-0.8002345785144722,-1.1952946162122473,-1.1302377131793406,-0.8184816704356728,-0.7376220342352054
553,Cleveland_sub17946,-1.5079282309194169,-1.7215249194114788,-1.0654953172726007,-0.9273459317420973,-1.3828509309159462
554,Cleveland_sub18011,-0.9701698302722478,-1.627563098402543,-1.1274204091304048,-2.0058682857993246,-0.7884338321022616
555,Cleveland_sub18566,-0.7515340329980386,-0.8834577499671882,-1.3418189008350327,-1.3613365668266622,-1.7861451637256385
556,Cleveland_sub19005,-1.0842235303458028,-1.0679018749820923,-1.4154407013990944,-0.9393794089021433,-0.7271783955877787
557,Cleveland_sub20003,-1.829156420747357,-1.3467702167779327,-1.038567910963111,-1.9369955953948925,-1.2367233454734794
558,Cleveland_sub22736,-1.9306109125636985,-0.85984277017792,-1.0432458080936038,-1.0416111128840326,-1.6693162083957171
559,Cleveland_sub22935,-2.2791328058506464,-1.940421338454705,-1.2144644867908883,-1.7517118544615038,-1.7894694274275602
560,Cleveland_sub26557,-0.8207004749199145,-0.9710718962668073,-1.7405559119539808,-0.9422398266614914,-0.8684712161111715
561,Cleveland_sub28596,-2.1887360165295715,-0.9246437232720838,-0.8926202767979893,-0.8209282294891408,-1.3325980283685146
562,Cleveland_sub34189,-1.0539589435467498,-1.1422521437882753,-1.9950555888930648,-0.7882069100637683,-0.819273455390988
563,Cleveland_sub46075,-1.02200057200689,-0.9353737229564653,-0.7694920911932328,-2.29788500606334,-0.8004119426490133
564,Cleveland_sub46739,-0.892681002876904,-1.0551028915911922,-2.0202920802091517,-0.8045065941143383,-0.8743991594764265
565,Cleveland_sub47482,-1.206907763382275,-1.0067027129747983,-0.6901950314332526,-1.1143434568735466,-0.8624325293406506
566,Cleveland_sub50092,-1.0848792692732396,-3.476207065523008,-0.9455317254253721,-1.8679688400331051,-2.5991704056939056
567,Cleveland_sub58811,-1.199190550928167,-0.9883912735016629,-2.654846214197848,-1.2153174871663597,-1.2458022830538416
568,Cleveland_sub61868,-1.462162376203712,-1.1420760626723472,-1.0889093316906109,-4.694150205643517,-2.142769433038
569,Cleveland_sub64706,-0.9035714364041572,-1.2674149439358064,-1.0886164209716716,-2.4382631346084698,-0.9168165365235164
570,Cleveland_sub65858,-3.281429421339098,-0.9634529176232107,-0.6845313568212782,-1.4449078169278484,-0.7257198293885788
571,Cleveland_sub67936,-0.7902673575795163,-1.2874029412694463,-1.4145882877263924,-1.0983951483749321,-0.7472798463307244
572,Cleveland_sub75398,-0.70933447679588,-0.860375859509532,-0.7829693261693419,-1.6253914243014569,-0.7132008343081617
573,Cleveland_sub76139,-1.770485732421247,-0.8710152776714757,-2.23616591366172,-4.622436835679021,-1.4763116580488123
574,Cleveland_sub80263,-1.3254243299733637,-0.9362327346065904,-0.9790962184533579,-0.9644717654570301,-0.7691977661682454
575,Cleveland_sub82518,-0.7452781902368947,-0.9890645170229008,-3.8432299798719667,-0.8237037965659672,-3.50164623427629
576,Cleveland_sub85091,-0.8951518362278496,-1.1216957338694207,-1.916415585523745,-0.7610535996180678,-1.52465316152413
577,Cleveland_sub92232,-2.289643169295969,-1.0075458075237873,-0.7977682506714358,-0.8012878000169744,-0.8366344283416427
578,Cleveland_sub97844,-0.9886681908769968,-2.4761493183045356,-1.6894014671649489,-0.9924431745636328,-0.8307474053417332
579,Cleveland_sub99664,-2.3864429241990757,-1.7026045871787603,-0.8949683552050681,-1.5530524464886721,-1.2533159721492058
580,ICBM_sub00448,-1.3309929284872095,-1.8179265628971346,-0.6723635623248784,-2.9253910292326917,-1.7524333475656864
581,ICBM_sub00623,-0.9711752951007198,-2.2046738942496473,-0.747968901377639,-0.796884046479872,-2.1236143797230893
582,ICBM_sub02382,-1.0418999076103312,-3.350773974696523,-1.2050922778113367,-1.0059929367862985,-0.9996721948839642
583,ICBM_sub02503,-1.3695600967733466,-1.1544338567966246,-0.8682983843727303,-1.0052913510379067,-1.0729728141764459
584,ICBM_sub05208,-0.9528984652287613,-1.2208810161943664,-1.6903882606670853,-1.7060394609149234,-0.9338701511408845
585,ICBM_sub07286,-0.7418220946863279,-5.474267533022472,-1.035694651561484,-3.0286230358599955,-2.018776209015974
586,ICBM_sub08255,-3.7974559632040497,-0.9522476800936024,-0.841878900324065,-1.0488652584411462,-0.9116550516688076
587,ICBM_sub08806,-0.8926037355889253,-2.2217381304924952,-0.723318903531283,-0.9349823208283682,-0.6891051160089476
588,ICBM_sub09539,-0.8066272165548116,-1.791713383700362,-0.749715876117581,-0.856857984981909,-0.8017638539843359
589,ICBM_sub10582,-0.811398180937986,-0.867712058030436,-1.3710474291780295,-1.5804706219067857,-0.8340812324662576
590,ICBM_sub13384,-1.0732150580088615,-2.402918929601476,-0.7355423980830629,-1.0618873247251484,-1.996865603100741
591,ICBM_sub13478,-2.445559289069734,-0.9355602267051178,-0.7493653445528234,-0.8041453562542686,-0.7549556418434452
592,ICBM_sub13789,-1.7390745617935723,-1.2406584550616988,-0.6234815796936963,-0.7573624340215351,-0.7568757447906566
593,ICBM_sub16607,-0.9349390555783547,-0.931024811901148,-0.7433969759248732,-1.368604949513938,-0.7918148061859483
594,ICBM_sub19395,-1.4213879087338488,-5.191603823756263,-2.290277957239265,-1.45512876315822,-0.796679965301619
595,ICBM_sub20718,-1.130593685032106,-1.8272730500927337,-2.379594602262249,-1.0647418392961623,-2.345561438615175
596,ICBM_sub22674,-1.7275504314972758,-1.0218288793294976,-1.4221963965937408,-0.7498904583818113,-1.4228570371579898
597,ICBM_sub26183,-0.8180715399158708,-0.850944510381339,-2.0731303833243193,-0.955939574454443,-0.7510542303207725
598,ICBM_sub26796,-0.7115481093288508,-1.1665035926740333,-0.71554360741315,-1.489683445005252,-0.6875106802631012
599,ICBM_sub28422,-1.339335303353244,-2.9635153727598227,-3.4100288306148316,-1.088195692687393,-1.7373549519332536
600,ICBM_sub28795,-1.1274757337119858,-0.8603439693880657,-0.6725782738294296,-0.8661876623374545,-0.8353032465769163
601,ICBM_sub28808,-0.9651885263731927,-0.9736492453584877,-1.1501444404538685,-0.8342127267368099,-0.8506722083853586
602,ICBM_sub29353,-2.00435715911235,-1.0710154231564093,-0.6240655270877621,-0.7259501806116004,-1.7428028528792276
603,ICBM_sub30003,-0.7242529611734796,-0.9967961458596142,-1.8021178128830042,-0.8286860752862301,-0.9007504077040912
604,ICBM_sub30623,-2.389596997025631,-0.9650977853053784,-0.7459006852092345,-0.8288075473184695,-4.309514076093181
605,ICBM_sub32549,-1.0050598628850473,-2.0299190370499063,-0.7356089722361502,-3.1229112803183567,-0.8090233243410893
606,ICBM_sub33677,-0.7203737852216577,-5.381631098858515,-1.2640170502907495,-1.1707838216586648,-0.6897611039040258
607,ICBM_sub34252,-1.5413175956757141,-1.0658497698088742,-0.610822888524909,-0.9579521116886801,-0.786423977703681
608,ICBM_sub35262,-1.4573045716258008,-2.577803566007164,-1.1423256564590856,-1.7027855134298906,-1.4665889826074996
609,ICBM_sub35370,-0.9644082474958898,-1.2193951154217622,-0.6631905643405794,-0.7190584507591734,-0.7480743827660659
610,ICBM_sub37140,-1.8165495377389291,-2.8081058999465363,-2.740903027337854,-3.1255274077185606,-2.207483581465436
611,ICBM_sub40217,-1.0081606519459088,-0.9683506868325653,-0.8832507110459975,-1.4728721656211958,-1.1629351274947035
612,ICBM_sub40482,-0.9493584805931212,-1.2576056870563268,-0.6497582614973402,-0.9372931854371409,-0.8318974879654136
613,ICBM_sub41546,-0.811398180937986,-0.867712058030436,-1.3710474291780295,-1.5804706219067857,-0.8340812324662576
614,ICBM_sub41764,-1.5875163707497313,-3.191001013731856,-1.6266901001996006,-1.3190461804180726,-1.4431777227954707
615,ICBM_sub44077,-1.780927924420785,-1.1991607372688213,-1.0342289279781436,-0.809323845470669,-1.4529852359975188
616,ICBM_sub47658,-1.6179170778027583,-0.9631590366190658,-1.931757909287004,-1.1447010184722295,-0.8979277527731963
617,ICBM_sub47753,-0.7924924059647872,-0.9700280842276958,-0.7130777908368312,-0.8211195555381144,-1.4127827024562476
618,ICBM_sub48210,-1.24169435032006,-1.2572524548267838,-1.2590988900716122,-0.7832911436564448,-1.121763720382404
619,ICBM_sub48830,-1.6394715259889379,-1.1472914519566066,-3.033453655683703,-2.6492049123681856,-2.82967250312214
620,ICBM_sub49215,-0.9273919546592624,-1.1887887276828257,-1.5601129076418185,-0.9374561922482811,-1.7295289971479284
621,ICBM_sub51677,-1.0609019487082498,-0.9376199231169772,-0.9944910850522481,-0.9891413469095666,-0.7122881805598988
622,ICBM_sub53282,-0.6977976607304606,-1.6339860148513854,-0.7379005188686697,-0.8772182847058424,-0.7950192591834584
623,ICBM_sub53801,-1.6680162383936865,-1.28151601988252,-0.678339497296136,-0.6800812270397039,-1.3608781106854138
624,ICBM_sub54887,-2.2370353416012323,-0.851844060998221,-0.7046171977887581,-0.8036616400179198,-2.836264027014641
625,ICBM_sub55114,-1.5559463528571387,-1.0181223908069674,-0.6182690489043138,-0.780440799490063,-4.244285332562463
626,ICBM_sub55656,-0.9951912098148897,-1.1590113719689288,-0.6758478056835587,-0.8491787879950728,-1.5585813368042138
627,ICBM_sub57738,-2.455829715297793,-2.492587263498744,-1.0760470847383994,-3.5453448353512305,-3.8105481422429457
628,ICBM_sub59589,-0.7353079630636471,-0.9800976414954993,-0.7311695305156989,-1.6683437216651482,-2.723127385022214
629,ICBM_sub59739,-0.7519994063847883,-1.1656646610597188,-0.6378752758075588,-0.7241493094348577,-0.9188730850929778
630,ICBM_sub59914,-1.4646830055624644,-1.1962644540288694,-1.2889875271691276,-0.8969136488566025,-0.9746838314009444
631,ICBM_sub62937,-1.0542535393527874,-0.9178986415746102,-0.8165037804632995,-0.7907673446271009,-0.7972043992273431
632,ICBM_sub63280,-2.0684486019683717,-1.1404796220286189,-1.5493688161630241,-0.8159578137823114,-1.6304353964375122
633,ICBM_sub65921,-0.8733105594126919,-1.9264484517211307,-0.9667423372913757,-1.3508278291532116,-2.0124097442733895
634,ICBM_sub66085,-0.9630346982945457,-1.1032313207681104,-2.22940325830417,-0.8137830863767423,-0.9658758577391716
635,ICBM_sub66794,-1.0447299376175483,-1.9981739533855989,-0.7427748187044643,-1.9441588589821721,-0.9824462767687164
636,ICBM_sub68850,-2.3291979511556007,-1.017042968551205,-3.058312179649956,-1.5060804876487883,-2.121068851259359
637,ICBM_sub70595,-0.6965299110784166,-0.9134270974489538,-1.385633849578457,-1.076193164171501,-0.7085880842448067
638,ICBM_sub71932,-0.9996398415897513,-0.8683918872496571,-0.9168778051338704,-1.2167555309421707,-0.8994050370650725
639,ICBM_sub72135,-0.7256245188323682,-0.8588607093725248,-0.7945245008789484,-1.3667676139105946,-1.3350115486658343
640,ICBM_sub73490,-1.0989425086962528,-1.0749519006663144,-0.7752013954236501,-0.6979867032291349,-0.939465561993555
641,ICBM_sub76325,-0.9754622254279784,-1.0169580271351675,-0.6550362894099926,-0.7548668587081879,-0.809327363690232
642,ICBM_sub76678,-0.731616559776672,-2.928976545553295,-0.8449343147186221,-0.7710772641499921,-4.209314976451816
643,ICBM_sub77431,-0.9386021281163779,-1.1597746131991848,-0.9040687662884299,-1.0928173413352626,-1.8758178222259876
644,ICBM_sub78297,-2.999406231209742,-1.0977220182371439,-0.7585200366106238,-0.7877292327943967,-1.0461398508563668
645,ICBM_sub82221,-1.2556629745981878,-1.2988671736747588,-0.6784723426025842,-0.8269932108762927,-1.96271610022207
646,ICBM_sub82228,-0.9952319007606153,-1.2647164429243474,-1.2158879696122236,-0.8536933619380254,-1.1487385429152361
647,ICBM_sub82754,-0.7212904305858857,-0.8610883074979823,-0.7412879801797417,-0.8761827115809931,-0.766330631209508
648,ICBM_sub85442,-0.920248294936346,-3.6198239196579185,-1.105129145144868,-0.8259921698584991,-0.92994660873425
649,ICBM_sub86203,-1.6970361357772323,-1.0850877893916824,-1.440581793506313,-0.9075134685354945,-1.4357602777437453
650,ICBM_sub86516,-1.475410787335798,-0.94896198804135,-0.8293118561042722,-2.9989420673781666,-1.8311227773055088
651,ICBM_sub86665,-2.5970258705216485,-1.5196504439270868,-0.8535490462207371,-1.1450518069649664,-2.286351743320406
652,ICBM_sub87217,-1.1580292873480145,-1.563507449499844,-1.904498489528677,-0.7765841786724185,-1.3076325321325517
653,ICBM_sub89049,-2.4613200195733262,-0.871097735580087,-1.0769706206304508,-0.8059286597083456,-0.7134245144504097
654,ICBM_sub92028,-0.8924072352222785,-1.020386870723745,-0.6849790468614031,-0.7351540729423315,-1.203569466060121
655,ICBM_sub93262,-1.3221643976522144,-0.8742316385180193,-2.2045481923454315,-1.0426777202824797,-1.5800904656932468
656,ICBM_sub93975,-0.9320722404881235,-1.0505973722719881,-0.7202184329188108,-0.7808468338275866,-0.8919302719572835
657,ICBM_sub94103,-0.9238133221774375,-1.1874337339432355,-1.3763326176311041,-1.2817939363286153,-0.7839965555092253
658,ICBM_sub94169,-1.5286126634456152,-1.6107873862352227,-0.902802068582399,-0.840545019185212,-0.7063432545789746
659,ICBM_sub94945,-2.3377851847665734,-1.4415610226023667,-0.763560108095413,-1.407132256231626,-0.8229153982987637
660,ICBM_sub95400,-1.12035362263239,-1.9578798454638682,-1.2157654086769367,-0.8384550999512977,-0.8092640182916945
661,ICBM_sub95971,-0.9198329075437611,-0.8558457514840317,-1.146784433121626,-1.2186731907096358,-0.7538553635136421
662,ICBM_sub97008,-0.771607085583214,-1.0025059027630143,-0.7212954921088626,-0.805868271263704,-0.884836415791168
663,ICBM_sub98317,-3.636234546225815,-2.9227044058520435,-1.5951350106984608,-1.2146695254471855,-1.4200148223657996
664,ICBM_sub98802,-0.8557762661776278,-1.0986713023690848,-0.8393329125997284,-0.7730171604271263,-0.9066566225780062
665,Leiden_2180_sub01553,-0.839455480014768,-1.0136473479224144,-0.7165125255896645,-0.8908692635580907,-0.9122847516991929
666,Leiden_2180_sub08518,-1.1496664281356497,-1.3430581523878555,-0.718385229661501,-0.9511835134786257,-0.8439001396895845
667,Leiden_2180_sub09796,-0.8012775724051844,-0.9146420289007882,-2.8051316005505664,-1.2035935355370098,-0.8324946186931622
668,Leiden_2180_sub10481,-0.8849644237156634,-2.2032982764628612,-0.758966385856676,-1.0503213303555816,-0.8075223014732025
669,Leiden_2180_sub12255,-0.9098452655422667,-1.249816631254717,-1.427038445762829,-3.4297091224613827,-0.8734618098480197
670,Leiden_2180_sub19281,-0.8472256739368996,-0.9989136988195796,-0.8101414796202754,-0.8695823228245085,-1.07895808593695
671,Leiden_2180_sub28473,-1.2059271515678762,-0.9234853124758317,-1.2927629749754281,-0.9645840836728654,-2.1997481989581433
672,Leiden_2180_sub38454,-1.0034133225020359,-1.0430723269366524,-0.7397676601518851,-0.846107883524016,-3.169769062076926
673,Leiden_2180_sub52853,-1.5642112216340793,-0.9070248152552596,-0.8469566823117242,-0.8559402797772729,-2.2524197871936362
674,Leiden_2180_sub56299,-1.1545991005565637,-0.9341133024878081,-0.9972096639500008,-1.7910351019977857,-0.9633908521816735
675,Leiden_2180_sub58194,-0.9421399043320587,-1.4789773363045908,-0.7183024020852535,-1.2676235497485122,-3.538321580671255
676,Leiden_2180_sub99856,-0.7899889692280486,-0.9912104580014167,-0.8376245420302344,-0.8593985492811773,-1.6621762182369033
677,Leiden_2200_sub01787,-1.141520460554187,-2.2414114667435747,-1.1499071199468622,-1.2457086218020446,-1.1358655319230304
678,Leiden_2200_sub04484,-1.194974718870484,-2.0307479261095516,-0.9500503613842517,-1.150601288121518,-0.8519996189737615
679,Leiden_2200_sub13537,-1.3756352166727548,-1.0128826187173623,-0.8497160081294176,-1.9433212182474153,-0.9261450259505403
680,Leiden_2200_sub18456,-0.9841400616269798,-0.9678591616421033,-0.779398302034791,-0.8776937814069954,-0.8590907736930408
681,Leiden_2200_sub30943,-0.8535531318448968,-0.9728249199321807,-0.9995963903574264,-1.156728023762969,-5.095013982003306
682,Leiden_2200_sub36743,-2.3104629241755976,-1.2626352946506376,-0.8699774183390326,-0.9004032491555175,-8.841322691805312
683,Leiden_2200_sub39335,-0.8394247860167117,-0.9462448997724356,-0.6905817877491437,-0.9157711057503465,-0.8215656019997195
684,Leiden_2200_sub40907,-1.1895856365562902,-3.109810699826524,-1.0998924840960649,-0.8406768851444326,-0.8617312037892059
685,Leiden_2200_sub52922,-0.8692081298068585,-1.049585242160804,-0.772304390764631,-0.9005835016193565,-3.6123782019599755
686,Leiden_2200_sub57187,-0.9229320730161186,-0.9479332081764739,-2.0228709692166342,-0.9975674447748085,-0.8223666169338344
687,Leiden_2200_sub64642,-0.8703195724483874,-1.0848389717603928,-0.9951354336821019,-1.496703196789219,-0.8356613231054901
688,Leiden_2200_sub66131,-0.8788973844276692,-0.8959210449998783,-1.2432009558744357,-0.8596296717145799,-1.2401686324735424
689,Leiden_2200_sub68050,-0.9220241514394274,-1.1318170839712975,-0.6854565012811786,-0.9915977853292509,-0.7731540892699509
690,Leiden_2200_sub72247,-1.3928525776127851,-1.576935741589448,-0.7285353652336953,-0.8413996291719086,-1.0008426255211398
691,Leiden_2200_sub86034,-0.857384787757754,-0.9648087734923029,-0.6904514989630424,-0.8501406329429947,-0.8649165118986047
692,Leiden_2200_sub87320,-1.142511926182785,-0.8845220904649019,-0.743726078094845,-1.1703035023156483,-1.8519990079291928
693,Leiden_2200_sub92061,-2.4265894805850996,-1.0169596691131912,-0.7271264988057861,-0.9052948330144054,-0.73616451226875
694,Leiden_2200_sub93194,-1.7788388667683461,-0.8849850060795736,-1.175472417297875,-0.8465532883328029,-1.7821651204737805
695,Leiden_2200_sub97690,-1.252865087763402,-1.3796474309204645,-1.4958555006221295,-1.0045587938834062,-0.8595908166798273
696,Milwaukee_b_sub00917,-0.798054106096487,-1.237586062414964,-1.8875960429078382,-1.4250288679498953,-0.7195712569068893
697,Milwaukee_b_sub09931,-0.6998824026471053,-1.75698633909414,-0.7508328447015629,-0.9269021996874585,-0.7241041477430751
698,Milwaukee_b_sub14692,-0.9295054341931568,-0.9560253907072842,-0.8810574912951284,-1.0284992214690003,-1.2359054149621953
699,Milwaukee_b_sub16666,-1.7160080954091912,-0.9539086072426002,-0.7615076059831096,-1.7893323092655524,-1.406605290813052
700,Milwaukee_b_sub17004,-1.2742734172053964,-1.1950568593186108,-0.6916133814268357,-1.0910815612966627,-0.99250885512761
701,Milwaukee_b_sub17987,-4.103634502952323,-0.9453867581993576,-1.3963225616371189,-1.884412223170331,-0.9575576876037131
702,Milwaukee_b_sub18955,-0.725715015383631,-0.9534565774133392,-2.8180760542293575,-0.7925370135405125,-0.814493666747512
703,Milwaukee_b_sub21350,-1.5338659651038136,-1.076539977935305,-0.706263044434384,-0.9532837593232121,-0.8925544319222195
704,Milwaukee_b_sub23607,-0.7323805916591161,-1.1193676170079994,-1.967015472578024,-1.569392746458826,-0.7876474242576069
705,Milwaukee_b_sub24237,-0.7332177756435329,-0.9706316833728575,-0.8849575486361293,-0.8149082302029161,-1.227408705259924
706,Milwaukee_b_sub28782,-2.3550613581178457,-1.1428802426597524,-1.6456196862200625,-0.9270225761585414,-2.0956904923911086
707,Milwaukee_b_sub30157,-0.8609480890681415,-1.7029669724996086,-0.787301594636608,-0.7955444950398366,-0.7208501655777387
708,Milwaukee_b_sub36386,-1.2556704550972904,-1.0480970140282506,-0.6927856648557839,-0.9308092252110186,-0.7761975387537782
709,Milwaukee_b_sub39259,-0.9201968215005019,-0.9536525560397207,-0.68297013139007,-0.83083977579305,-0.7389745929610041
710,Milwaukee_b_sub44912,-1.2355656565903315,-0.9793820894119979,-1.5858838694950115,-1.2001703507656734,-0.9383880670422353
711,Milwaukee_b_sub45019,-0.7014358086607958,-4.766751275405142,-0.9734238169413455,-0.8017318118365291,-0.7987129163556598
712,Milwaukee_b_sub45852,-0.851303469040131,-2.8863317721132415,-0.7960825600905359,-0.7041527606645448,-1.0414360514360117
713,Milwaukee_b_sub46312,-0.7511570311116424,-0.9876263557806736,-0.8346292184842111,-0.7609214486911806,-0.8879969045154247
714,Milwaukee_b_sub49975,-1.3921442140740454,-1.3640684223584503,-3.2511137229258438,-1.8492161299599672,-1.2702738074821172
715,Milwaukee_b_sub50771,-1.4338478412360087,-0.9539484768636421,-1.451551814357941,-0.8204343927995607,-0.8205260766522101
716,Milwaukee_b_sub51182,-1.1836467090121578,-1.2645796997499479,-1.4593422740776705,-2.722459426250788,-0.7977176624798673
717,Milwaukee_b_sub53971,-1.3554016956479196,-1.547330475234805,-0.7665167420677428,-0.7896030200303524,-0.830620726295872
718,Milwaukee_b_sub55176,-2.1619561896964385,-1.8609088293426677,-0.911915207728605,-1.362136908181624,-0.8438544479509531
719,Milwaukee_b_sub56084,-1.331539662865588,-1.1080182513648353,-0.6801468376281163,-0.8826162217922491,-1.1466882218282946
720,Milwaukee_b_sub56108,-1.4268856689235627,-2.308664204975579,-1.028660737229976,-0.7672345973198169,-1.2322251290571986
721,Milwaukee_b_sub56333,-1.1216612982398213,-1.148563950021289,-0.8002371805860168,-0.7635759966060446,-0.773242061047379
722,Milwaukee_b_sub56582,-0.7732973855722389,-1.004333711241173,-0.7693923496551676,-1.1958830012408426,-1.1047200604243435
723,Milwaukee_b_sub58677,-1.30097446716382,-1.5088677439179363,-0.9571955784085453,-0.8418101595461588,-0.7304233822201913
724,Milwaukee_b_sub58967,-0.8166311393949992,-1.198008544965485,-0.8229669427417524,-1.3173518075570787,-0.9891273529258376
725,Milwaukee_b_sub59359,-0.8735233979020101,-1.3878878797102359,-0.7302045076221954,-0.7874337082182352,-0.9217798052163274
726,Milwaukee_b_sub61779,-1.2189374681068064,-2.6191174421670933,-1.0490307451224767,-0.9411556633948138,-1.9549694749861644
727,Milwaukee_b_sub63196,-1.2355656565903315,-1.2836001750091253,-0.7379818393952635,-1.4565701455216093,-1.6204914644783217
728,Milwaukee_b_sub64463,-0.7179118193311891,-2.2707111603576564,-0.8045968565186201,-0.7562811642714221,-0.8934863935929425
729,Milwaukee_b_sub67948,-0.6975936995500372,-1.1491053311511965,-1.124960898249276,-1.7892031909800308,-1.897150024380407
730,Milwaukee_b_sub73547,-0.7579090150729718,-1.2285311115458903,-1.4572447523144862,-1.230390851862157,-0.9809950856522349
731,Milwaukee_b_sub75919,-0.8025395224709394,-3.3203601711018753,-1.2491344738767725,-1.0198299210124984,-0.8581438961215158
732,Milwaukee_b_sub76042,-1.238429125634242,-1.442130362434869,-0.6137582370344115,-1.593307369637062,-1.1692623685176606
733,Milwaukee_b_sub76378,-0.9645729466148042,-1.0634088607884786,-1.7870980638215241,-1.6238391476827616,-0.7179750136966894
734,Milwaukee_b_sub77073,-0.9369211470837712,-1.0489719633965564,-0.7623069600999267,-1.042030683039882,-0.8009034703177966
735,Milwaukee_b_sub84314,-0.8506612432114392,-1.0467210385255226,-0.6601925224249876,-0.768810985082777,-0.9339092669316148
736,Milwaukee_b_sub87784,-0.9862223362013725,-1.379955292210173,-1.8926779549456811,-1.0955934651170929,-1.612003274333921
737,Milwaukee_b_sub87910,-0.6993854126086484,-0.8910159632219325,-1.1360404317498327,-0.792559093696069,-0.7678624347829284
738,Milwaukee_b_sub91468,-1.045649457636859,-1.037608862838959,-1.2968666229381358,-0.8179758361598016,-0.7813959628298373
739,Milwaukee_b_sub93170,-1.0596893237275815,-1.6535761371743196,-1.763322847610231,-1.0802217669011285,-0.8423073196047719
740,Milwaukee_b_sub98971,-1.208456511358634,-1.1029046947938348,-0.7517792660450864,-0.775254483307927,-0.9103524375606301
741,Milwaukee_b_sub99479,-0.9854615057633505,-1.0672961196584057,-0.6605181613118593,-0.8242882549231239,-1.7325088112677676
742,Munchen_sub09035,-1.2351277860908145,-2.547578815184015,-0.9991844403457536,-0.7775307839776494,-1.088425882239889
743,Munchen_sub26223,-0.9598997939826024,-1.1907522708195053,-0.6896914381703543,-0.781191337553949,-0.942967208041001
744,Munchen_sub26670,-1.0386719202497428,-1.6394953219710235,-0.658838596787175,-1.1826404225130511,-0.8574171957394418
745,Munchen_sub28697,-1.093570163572837,-1.4246898678685962,-1.0830938060671573,-0.921539518866395,-1.3219853789285791
746,Munchen_sub28902,-1.325093599648705,-1.1804509509888075,-0.6922209496512121,-0.7725059461469197,-1.386598920957336
747,Munchen_sub31272,-2.2277271085936277,-0.9645268051765554,-3.7952918929579695,-0.753339254237625,-1.6178578523565998
748,Munchen_sub36052,-0.9390209751592065,-1.0981562004068615,-0.9828628033129481,-0.7124389943980294,-0.8472054158469016
749,Munchen_sub50162,-1.1137488116253185,-1.3255469267918163,-1.287412238209097,-0.7742380124159419,-1.2230853821238044
750,Munchen_sub64202,-0.9379661814831445,-1.523349742617256,-1.5183626383380426,-0.7162840609946484,-1.1766651942549475
751,Munchen_sub66933,-1.075782360770046,-1.4565924991137023,-0.9889689933801591,-0.9200620189158588,-1.1851598555655756
752,Munchen_sub70942,-1.0109758246219502,-1.49745552569575,-0.9245617534647131,-0.7020406087648458,-1.0850124286710288
753,Munchen_sub72095,-1.0758850630643448,-2.8657807592823414,-0.9373498772234223,-2.0340026415955395,-1.0785126396743692
754,Munchen_sub74607,-1.0414491491724127,-2.778405658916854,-2.263172116559621,-0.7359935872791484,-0.8861834427580385
755,Munchen_sub81737,-1.1898649407911688,-1.0650075442518774,-0.7355651839269383,-1.8399853563605004,-1.083210741063085
756,Munchen_sub96752,-1.3382066912431883,-1.3878302411880907,-2.1012995797437912,-1.4777702963177919,-2.1147618260285252
757,NewYork_a_sub01912,-0.8131928938171267,-0.848433488278144,-0.7025060839892004,-1.438990826777642,-0.899666529779591
758,NewYork_a_sub02503,-1.096065125642128,-1.630644667899857,-0.9851055372644404,-1.1950475671184448,-1.5038656934691954
759,NewYork_a_sub04856,-1.1906452447886449,-1.7089718137888135,-1.0305223797333216,-1.3546608490668282,-0.7659853858411717
760,NewYork_a_sub05208,-2.042395325231291,-0.8839116593268767,-0.8656608531575951,-1.447315160457362,-1.013973419040277
761,NewYork_a_sub07578,-0.7894874710084063,-0.9901034847375791,-0.7315870310833054,-0.9238766233361856,-0.8784539811457227
762,NewYork_a_sub09539,-0.812157543076347,-0.8734521517892616,-0.7572562135781389,-1.3532267643837002,-0.8275889390759669
763,NewYork_a_sub10011,-0.7346826701751612,-0.9707730418953667,-0.9200979566512515,-1.1200678365425154,-0.7374357683372181
764,NewYork_a_sub10582,-0.9648436999893396,-1.7826805833390202,-1.4412009968932271,-1.3623466363229373,-0.735230287892882
765,NewYork_a_sub13384,-1.0746609895153345,-0.9911381969537996,-0.7456594235390268,-0.799908517941101,-1.0782773790023399
766,NewYork_a_sub15213,-0.8708679872755847,-1.676523105226361,-2.0646236106833626,-1.3704959085588888,-1.6255906931647341
767,NewYork_a_sub16607,-0.9448210355333788,-0.9635407420228433,-1.0431733635611264,-1.0149582060142153,-1.0752058437904
768,NewYork_a_sub17078,-2.4761335052563513,-1.3206829919751983,-1.0336682554477146,-1.547649961209689,-1.2735709402295325
769,NewYork_a_sub18638,-2.5981253969990834,-0.8544900368252469,-1.7548158159869884,-1.09077060135045,-1.0833167942400865
770,NewYork_a_sub19579,-0.9178603582170171,-1.8450960980551936,-1.0296656595621663,-0.8270143270405713,-1.0764720151201885
771,NewYork_a_sub20732,-1.1231871136183453,-1.472653420790105,-1.1396744502576512,-1.9125821689617983,-0.9213321503334091
772,NewYork_a_sub21212,-0.8409372854346094,-1.256101192308299,-0.7260534312333501,-0.8001054585451222,-0.7601924580302369
773,NewYork_a_sub26267,-0.9305873247112009,-1.5679048926859571,-0.7767629156636604,-0.9810107673798875,-0.9026603375155164
774,NewYork_a_sub27123,-0.8401722664669187,-1.0705332039761104,-0.9493850741520754,-1.4169269696073237,-0.8625984217419765
775,NewYork_a_sub28795,-1.0326522430172702,-2.3556517277770936,-1.5568371591590218,-1.1169293024932856,-0.8096106857380763
776,NewYork_a_sub28808,-0.838994037953029,-1.1677138798840931,-0.7434781544316612,-1.2231748347999503,-0.7851270547259454
777,NewYork_a_sub29216,-2.1489284869820935,-2.084953700497748,-2.165245625925947,-6.171961850537432,-1.4408669138164407
778,NewYork_a_sub29353,-0.7854711166951859,-1.187453513157126,-0.8480871446797966,-0.817805961426821,-0.8146565644274452
779,NewYork_a_sub29935,-0.8877934902419091,-1.5072251220043043,-0.8952130901495857,-2.9867431280309047,-0.8730414735105918
780,NewYork_a_sub30247,-1.1958311592373,-0.9086135684036277,-0.8304570339497662,-0.8439181982680916,-0.7622783511233087
781,NewYork_a_sub30623,-1.3113029031571084,-0.8534795545704049,-0.6692581350593367,-0.8047653718485516,-1.002600903579895
782,NewYork_a_sub30860,-0.7784931474871342,-0.8584202158682854,-1.1871926292404376,-1.15725209482866,-1.0347171698999647
783,NewYork_a_sub31671,-2.0350857525433383,-2.3424224935407243,-0.7985333826606013,-1.547710972658106,-1.0930697933938507
784,NewYork_a_sub33062,-1.4556490619751878,-1.2936345111451695,-1.3764758725610855,-0.8047626437344714,-0.7365903163497797
785,NewYork_a_sub33581,-1.3978761331949263,-0.928824081205281,-2.9105629486950044,-0.8053889132962616,-0.7217147699428654
786,NewYork_a_sub35262,-0.7464575550634431,-0.8741108705549977,-0.8451238639155421,-1.0023048358309654,-0.8625008978357818
787,NewYork_a_sub37864,-1.7339050283909125,-0.8641851301189739,-0.7823321051464198,-1.6298902606859547,-0.9241063403855322
788,NewYork_a_sub38088,-2.1818557832192575,-1.0242082482902,-1.2829418588656252,-1.5748777933523033,-0.8750672950210712
789,NewYork_a_sub41546,-0.8698921301238683,-0.9490698937304259,-0.6677087110325699,-0.8671297196351274,-0.7640790372425423
790,NewYork_a_sub44395,-1.0376014190132488,-1.2495614588255772,-0.7128471723241007,-0.8410628852310752,-2.2776623359069026
791,NewYork_a_sub44515,-3.1402899665741826,-0.9050182050193001,-0.7114845549508211,-1.0095301402808423,-1.0323199996026458
792,NewYork_a_sub44979,-2.015604214898127,-1.2791999546682837,-0.7164014635911296,-0.8762479658806905,-1.2330450447039143
793,NewYork_a_sub45217,-0.684002911021697,-0.9628452601481668,-0.8369262276077117,-0.8647959218052821,-1.5036138311988276
794,NewYork_a_sub46856,-1.1488436976273317,-1.422511025284097,-0.8323664726499723,-1.0481090724324227,-1.8199337701214153
795,NewYork_a_sub47087,-0.8768194829823741,-1.0575805025380491,-0.6876344081558055,-0.8097704095594743,-0.7392652042366963
796,NewYork_a_sub47633,-0.7723366554821991,-4.120117378014289,-1.1927623097973648,-1.7507035572035654,-1.0846758748637204
797,NewYork_a_sub48830,-0.7819872259310223,-0.9277329053648499,-1.28314567278412,-1.054540154362775,-0.8070502967317577
798,NewYork_a_sub50559,-0.8334008345932222,-1.3818798657309876,-4.0581067762513525,-0.9289680073426269,-1.0215271700508268
799,NewYork_a_sub51309,-1.0280416080248487,-1.6044738137285113,-0.9064128763870394,-1.4779473951033073,-0.7158115987310703
800,NewYork_a_sub51677,-0.8075232528386963,-1.1320857822558537,-0.6720725048037811,-0.9093423897903596,-0.7974800820637121
801,NewYork_a_sub53710,-1.0155799630687183,-0.9969982689223296,-0.7307972637173576,-0.8998837862441451,-1.8190309546994634
802,NewYork_a_sub54541,-1.2015663368423308,-1.5925203237317995,-0.8642210732014907,-1.0853318687118503,-0.7146025018520887
803,NewYork_a_sub54696,-0.7081745672786145,-0.8412118721662912,-0.7142727967857345,-0.8198993208744888,-1.0838657540290266
804,NewYork_a_sub54887,-0.7890958813734361,-1.0106653459963355,-0.744632126282195,-0.801671878196021,-1.2222899271106638
805,NewYork_a_sub55656,-2.5485055830863255,-0.9928538236087895,-1.3966511843176201,-0.943792676872857,-1.6923235639193581
806,NewYork_a_sub58313,-0.9000133688593799,-0.9484571396219217,-0.7081810004671075,-0.9770663470415815,-0.8748039680533577
807,NewYork_a_sub58451,-0.7058376263147926,-0.9769235521027214,-0.7873150693430467,-1.1729702282200958,-1.0206586935289863
808,NewYork_a_sub59589,-0.8969323592225751,-0.9990772143787214,-2.771339956193892,-0.8829079711655198,-2.30891975896266
809,NewYork_a_sub61001,-1.001510299921504,-1.322398941923372,-2.6042654980833952,-1.0606972767109142,-0.9457941519618436
810,NewYork_a_sub61241,-0.9343863097056389,-1.1326198543773252,-0.7762739580888746,-1.0628645954872884,-1.5550993518297922
811,NewYork_a_sub63280,-0.806303432011838,-1.8448863001495062,-1.7266811162688398,-1.0360204795392143,-1.0105586216943285
812,NewYork_a_sub64439,-0.7714264347356277,-1.5131884152209083,-4.534284006599486,-0.8823537041418064,-0.8358058547274689
813,NewYork_a_sub66085,-0.759108064189585,-1.707544125136819,-0.8243331175704199,-1.1767166334086034,-1.2710932320733572
814,NewYork_a_sub66794,-1.225735051948934,-0.983888075893675,-2.272850022191041,-0.8854398077013317,-0.7966789851598272
815,NewYork_a_sub66941,-1.109422512323317,-1.3683604903921902,-1.389265488260896,-1.0819388783572903,-0.8650487984717259
816,NewYork_a_sub70566,-1.2381523664391851,-1.2021215122527997,-0.6732427392901753,-3.8541829857336993,-1.659366872217882
817,NewYork_a_sub70752,-0.9051133400042826,-1.7641534871214495,-0.887287084739424,-1.1614817726787823,-0.9072204595688186
818,NewYork_a_sub73490,-1.4660874618216888,-1.2561970253713248,-1.5024523739102535,-1.0424910127840201,-0.8270843949339863
819,NewYork_a_sub80566,-0.7422376787727759,-0.9704657107289429,-0.6734863310929792,-0.802548251197729,-1.0407030749517376
820,NewYork_a_sub82228,-0.8354482040652871,-1.2451293689185268,-1.4751046917371238,-1.1870799836170225,-1.1915373122683164
821,NewYork_a_sub82716,-1.0465131581262712,-1.7762870202646364,-0.8410690156913756,-0.8128774748777957,-0.6952016914984496
822,NewYork_a_sub82754,-2.274116945020437,-0.9208733626945056,-0.7619456482875587,-0.8104390020980151,-3.157783810816276
823,NewYork_a_sub83782,-0.7453636837093803,-1.8906217898648408,-1.2425002239704657,-1.2970614430922551,-0.7889490233027581
824,NewYork_a_sub83978,-1.040349513961756,-0.8522506283471136,-1.1708967598534332,-1.005497169513062,-0.7498004134773144
825,NewYork_a_sub84224,-0.7735120943709787,-1.1387497011324326,-0.6924407433381966,-0.8654369442353628,-0.7288152697429237
826,NewYork_a_sub84978,-3.7897847126728004,-2.3669310087412088,-1.7831294874161976,-0.9277900511272352,-1.4458154775735126
827,NewYork_a_sub87217,-1.464559381993988,-0.918193345669751,-1.1894626933708157,-0.800348088864556,-0.9646294279077445
828,NewYork_a_sub88286,-1.7301341741539609,-1.5792565385867463,-0.9525266718994905,-1.7119745743225552,-0.8849622072845905
829,NewYork_a_sub91196,-2.834514264283351,-1.9599265894796911,-0.8331903680791157,-1.0199248868707096,-1.446700195768596
830,NewYork_a_sub91953,-0.9875249245596232,-1.6159890312400949,-0.9886587634765086,-0.8059105122259423,-1.345691283114487
831,NewYork_a_sub93262,-1.533250196161881,-1.1252745879559694,-0.6741523317496528,-0.8478900382831344,-0.8159084846739265
832,NewYork_a_sub93975,-1.2033892081815727,-5.140040259281389,-1.431976835128826,-2.6828607980472112,-1.0973599722201142
833,NewYork_a_sub94169,-1.496681624955289,-0.853911904323267,-0.696642992321037,-1.1479978202713048,-0.8588285891642417
834,NewYork_a_sub94945,-0.851347246712371,-0.850431868541985,-1.1470921487346133,-1.2288586461157798,-0.9067440059871386
835,NewYork_a_sub95971,-1.0492710369071863,-0.8548777806263934,-1.603725102520145,-0.8976508641393375,-0.9073424961028351
836,NewYork_a_sub97008,-0.8988200590072525,-0.9803443357093483,-0.9664274399187839,-1.1584255210934864,-1.3798464966982769
837,NewYork_a_sub98061,-1.5038426257096358,-1.3618254632281734,-0.8639582135249437,-2.894541956070617,-0.8401042292001315
838,NewYork_a_sub98076,-1.7023398180684528,-0.939317688401431,-1.2976774426346356,-1.692968975233684,-1.9966537503250907
839,NewYork_a_sub98802,-1.0150180474099602,-0.9234029103955713,-1.004036886420102,-0.8278448675954413,-1.3783636669372237
840,NewYork_a_ADHD_sub03951,-0.7369925140899702,-1.080596678705427,-1.0554480061428204,-1.6760143890862698,-0.9191298881959181
841,NewYork_a_ADHD_sub08595,-0.8052955462620925,-1.0845624722507285,-0.7382980946385279,-0.8863837465899099,-0.7866372967605118
842,NewYork_a_ADHD_sub12486,-1.8325978203597806,-2.0196218403804043,-1.4391997590851613,-2.3140561502152934,-3.599462422045184
843,NewYork_a_ADHD_sub14299,-0.8454065107249186,-1.8757408648943368,-2.0590035427909927,-1.6438087011250433,-0.7861026133336549
844,NewYork_a_ADHD_sub14465,-0.7158388049161134,-0.8933437075232012,-2.846481456198272,-0.7969430449306183,-0.9594299189650771
845,NewYork_a_ADHD_sub15758,-1.7596861860161193,-0.8518666358971009,-0.8569652367406908,-1.6031119422346094,-1.2694077921971219
846,NewYork_a_ADHD_sub17109,-0.7495552369135394,-0.8882937355669352,-0.7777629574718956,-0.8471152681799676,-0.7348472903070016
847,NewYork_a_ADHD_sub20676,-0.7128541429679138,-0.9215958013793617,-0.8054163962816698,-1.7589121760823665,-0.8849753030757043
848,NewYork_a_ADHD_sub20691,-3.542238243496439,-1.403241964996716,-4.985971472259417,-1.0831905424109296,-1.9090165945026016
849,NewYork_a_ADHD_sub22349,-0.9475153089859911,-1.5732490339276244,-1.1039482394891018,-2.766311005739214,-0.9264391376930844
850,NewYork_a_ADHD_sub22608,-1.618721545628556,-0.9070613050758082,-0.8307762171138054,-1.645031455250852,-0.7994873499102496
851,NewYork_a_ADHD_sub23844,-1.5615252897670686,-0.8951134137770549,-0.6947421455449021,-1.209219356419179,-2.259777524342923
852,NewYork_a_ADHD_sub24528,-0.8123524016764205,-0.9002083888789902,-1.063552529162367,-0.8448225980661097,-0.9340769190554367
853,NewYork_a_ADHD_sub31554,-1.1515142524154207,-2.4407965168131467,-0.7220615049937127,-0.8887211947897095,-0.8355714899328526
854,NewYork_a_ADHD_sub48803,-0.8515431160754122,-1.4957649628689127,-0.7750515604181354,-0.8209339532728427,-0.7889081097712821
855,NewYork_a_ADHD_sub53461,-0.800221820701972,-0.8891578781528836,-0.8153382499961104,-1.0938539708998252,-0.7808740289497843
856,NewYork_a_ADHD_sub54828,-1.1951946885775289,-0.9008471326189773,-0.7857540943482164,-0.9405316206295717,-1.3820290894112055
857,NewYork_a_ADHD_sub56734,-2.0814010895832236,-1.007923968425238,-0.7803288646844101,-3.9171173499051966,-3.3393622375163523
858,NewYork_a_ADHD_sub59796,-2.741511843350424,-0.8490596017594626,-1.5860900499961932,-0.8117483875753457,-1.1716567668499973
859,NewYork_a_ADHD_sub63915,-0.7006734245165516,-0.8749263290014914,-1.3154264745012085,-1.1569457082200085,-0.748887598654632
860,NewYork_a_ADHD_sub69779,-1.2767850957178069,-1.0314357769393145,-1.083500707134104,-2.086248574491016,-0.8495337395790619
861,NewYork_a_ADHD_sub73035,-0.833487018769965,-4.227085974652984,-0.7185386244702048,-0.8437282002631477,-0.7674425210302595
862,NewYork_a_ADHD_sub77203,-1.2670930899699653,-0.8786503451722057,-0.9434934148191828,-0.8250533081365,-0.8339446665699375
863,NewYork_a_ADHD_sub77903,-1.087944198349461,-0.9077181482443205,-0.7780678802165037,-1.9486118924990934,-0.857807921580552
864,NewYork_a_ADHD_sub84371,-0.7665064024937547,-1.07062614489066,-1.5659647054818546,-1.8774520222901376,-0.8623055757683716
865,Newark_sub13411,-0.8027024635611856,-0.9044983370200486,-0.6839063058237972,-1.1089625683077264,-0.8082029306921671
866,Newark_sub32580,-3.9936421991641007,-1.0519844790110089,-1.329277554084693,-1.2894094012582147,-0.8442126658253056
867,Newark_sub36023,-0.9285280892478086,-1.296283537998506,-0.7557229432236183,-0.8488317901583635,-2.0821029125544457
868,Newark_sub41006,-0.8551771113563292,-1.790680136132647,-1.2641529854370217,-0.8502813810448843,-1.6546695741982287
869,Newark_sub43517,-1.5443771318194461,-0.9782275237718989,-1.6126199915816506,-1.0446627357289457,-1.928892078524887
870,Newark_sub46570,-0.9209720031007188,-1.4646380865155249,-1.4071971666089382,-1.227844600694988,-0.8027126904612445
871,Newark_sub49705,-1.2278498550490848,-0.9026420387403026,-0.7202683661197397,-1.0401575525432334,-1.0140781082883987
872,Newark_sub53422,-1.1583846160472315,-1.3024415397957894,-1.0446968766174436,-0.9676611479857522,-1.8280008886850345
873,Newark_sub54933,-3.1921732938625125,-1.5256767367410276,-2.188462646956873,-1.7130389752378952,-0.7833480904012922
874,Newark_sub55760,-1.5584033677135536,-0.9007540554986107,-0.6851553611129648,-0.8981310143031843,-1.0344330408906584
875,Newark_sub58526,-0.9830997630036123,-2.0308622524774314,-4.167505888282169,-1.3476967023509507,-0.864353889446613
876,Newark_sub59397,-0.7756149074754638,-0.9090179213334793,-0.8081657295115847,-0.8269297359713207,-0.7810862864145459
877,Newark_sub59799,-0.8102881861590956,-1.0165340400359864,-0.8041123471903138,-0.86657410129705,-1.442588430390146
878,Newark_sub62985,-3.1714020792897073,-1.0347417520793405,-0.7151500354790481,-0.8219901691350545,-1.369523583417943
879,Newark_sub71042,-0.8322624042791704,-1.214535053610137,-0.7255387096369811,-1.7415751495476395,-0.9576396893406812
880,Newark_sub71743,-0.8148350370766402,-1.1026306796866658,-0.9745759499525434,-0.8570371783941712,-1.3490597275765484
881,Newark_sub76647,-1.4680141663862778,-1.0490444618886645,-0.6852651569349235,-1.055645043649818,-0.8198313154469469
882,Newark_sub78225,-0.8403326756179587,-0.8951776531869892,-0.6928911097770012,-0.8459927297980471,-1.8477304898147593
883,Newark_sub86204,-0.8445802304076984,-0.8864808417646496,-1.1809111136068622,-0.9451466674311253,-0.8855102071160305
884,Oulu_sub01077,-0.78497742386914,-1.2022406879885885,-1.7273196375554807,-0.8328282249702288,-1.225616415955956
885,Oulu_sub01241,-0.9209454348292508,-1.4234858541966138,-0.7146136689537336,-1.3371250633979983,-0.9762641958504101
886,Oulu_sub01261,-0.8708168028176035,-1.4357700059088994,-1.077865445208994,-1.1202788910095458,-0.8324409936107985
887,Oulu_sub01679,-0.8475395083144822,-1.4494624883455767,-0.7660957508834595,-0.9600139808326852,-1.6496933948307808
888,Oulu_sub02036,-1.2530825378580839,-1.0519689589125236,-0.7133598706671387,-0.820077053418113,-0.8152841489606324
889,Oulu_sub05081,-1.0180778952536278,-1.2342627342766102,-0.7074699361402075,-1.4132681929594986,-2.6069844481907856
890,Oulu_sub06307,-1.2485349342385483,-0.8744790416947896,-0.6798738179271311,-1.4743235924812057,-0.9621245358361512
891,Oulu_sub07552,-0.773073833060069,-1.0311112990515463,-1.3816742077250468,-0.918122805474146,-1.331399563644148
892,Oulu_sub07876,-3.3616199467610928,-0.9154714330460999,-1.8541520224439412,-2.743881189518744,-3.705920437628296
893,Oulu_sub07946,-1.1551276157306347,-1.0479691644258868,-1.2631080088639828,-1.0076009285146987,-3.10295259602987
894,Oulu_sub10958,-7.225294047773572,-1.6426387331789798,-0.7264858385457863,-0.8191162030466093,-4.704409813055346
895,Oulu_sub12060,-0.9323064522619472,-0.9428795063141678,-0.6804659526490558,-1.4431610605766891,-1.8352500523277266
896,Oulu_sub12126,-1.1498391308497713,-1.066990893681546,-2.494279028263459,-0.8248096492742288,-0.927680891070195
897,Oulu_sub12152,-1.047806347744394,-2.0767329132277217,-0.6917105060259467,-1.0175659075309345,-1.403156102503167
898,Oulu_sub12379,-0.8264586585305681,-1.2280336075525133,-1.2278184187462515,-0.9790182019746949,-1.1429054267492889
899,Oulu_sub14473,-0.9893710485616338,-0.891476428042538,-1.4775084698274021,-0.8794569074344076,-1.033000607750725
900,Oulu_sub14725,-0.814863997349643,-1.09200090886314,-0.6876755932864568,-0.9600436866445746,-0.8225934599656012
901,Oulu_sub15128,-1.429774855403348,-1.1400509073850518,-0.6939193556402947,-1.0318472408441894,-0.8389367209860058
902,Oulu_sub15422,-0.8939184269036192,-3.524320429894653,-0.9395428994255197,-1.1433720101152025,-1.7103232237068176
903,Oulu_sub16378,-0.8300417446413303,-1.0834163276916051,-0.6789436238509777,-1.037121468316586,-0.8903838922410794
904,Oulu_sub18356,-0.8195986753374657,-0.8797780827300193,-0.6814914152990689,-2.7840551780280696,-3.0859231115355295
905,Oulu_sub19159,-1.30174426361794,-2.226562717008139,-2.3775538019224873,-0.8229912641122673,-3.6530502483860516
906,Oulu_sub19971,-0.8187653566202219,-1.0854048697058265,-1.3494164850974664,-0.9973018080141692,-1.044520882217803
907,Oulu_sub20495,-2.105812600711524,-0.8950062581336972,-1.1852851838301663,-1.0153818057753772,-0.9200217336510463
908,Oulu_sub20926,-1.459464265361703,-0.9033831027388771,-0.7074699361402075,-0.8205793009695258,-1.441437459806206
909,Oulu_sub21499,-1.3018362400408887,-0.9255666456293024,-0.6655349566304882,-0.8206908797226359,-0.8038208312680699
910,Oulu_sub21502,-0.7847361891602778,-1.1665601082258341,-2.0950874125071346,-0.8165092608874912,-1.8752102308835887
911,Oulu_sub22180,-0.8259381829194993,-0.9709741708219991,-0.7076716938132043,-1.077429703753873,-0.8306625463773041
912,Oulu_sub23392,-2.8643204894190046,-0.8511435553700087,-0.8867181822567433,-0.8111853530648617,-0.9183961272477206
913,Oulu_sub24781,-0.9855609152398924,-3.166755405529057,-0.9235339871075944,-2.1485842726588933,-0.874813725717028
914,Oulu_sub25331,-0.7817263180997243,-0.8549721026625721,-8.409440820735604,-1.645535094202988,-0.830394783411723
915,Oulu_sub26554,-3.53739015595003,-1.1710648929903378,-1.0251983137643097,-0.9084991664293557,-2.2073012892943575
916,Oulu_sub27274,-1.0933409593994103,-1.3331283222212513,-0.7283545318498682,-0.8552051589684618,-1.0443837848570157
917,Oulu_sub27392,-0.7831021965775888,-0.896290700668662,-3.4236676135494792,-0.8225243691806143,-2.409937910159231
918,Oulu_sub29793,-0.8641743179557239,-2.0157000400244316,-1.0202998420073994,-0.9152942015552334,-0.9260057738119433
919,Oulu_sub31444,-0.7768341046969164,-1.1485861516132927,-1.243251781238537,-1.1241368410878274,-1.7795101500510178
920,Oulu_sub32052,-1.1843653083914587,-0.9961649100718509,-1.2795542355185903,-1.0535022503535567,-1.0270477386243446
921,Oulu_sub32596,-1.0453528168433042,-1.022043752167219,-0.7954230593044544,-1.8950340028559962,-1.6896956873782467
922,Oulu_sub33176,-0.8506493989017411,-0.851384388345314,-0.6671921206310293,-0.9349921866089451,-1.4914255566657157
923,Oulu_sub35020,-0.8237492235890671,-1.031474339501685,-0.6961601956024417,-1.2523461612819344,-1.6767611810496093
924,Oulu_sub35232,-0.8691606591786869,-1.358052630485443,-0.688491814898078,-3.437363992657356,-0.8609112037183284
925,Oulu_sub35967,-3.226076493766983,-0.8528470484757368,-1.365452436109262,-2.2064988996121198,-0.8025903825610686
926,Oulu_sub39346,-0.9614124575425295,-1.117800762768363,-0.6672589606167467,-0.8410310523535449,-1.4177654854002968
927,Oulu_sub39460,-2.119292510978387,-1.2453004738517717,-0.7440542906073225,-0.8167335993217072,-0.8431649770475672
928,Oulu_sub40619,-2.060721342866597,-0.882661072307136,-0.698307103166546,-4.183667689639269,-1.724543858753709
929,Oulu_sub41433,-0.9993090929038718,-1.0739285046832308,-0.6830357892187877,-1.5483941725502746,-1.0687096201636972
930,Oulu_sub41724,-1.5436351846637566,-1.5502250892018399,-0.7876049516295603,-0.8366838168556321,-0.9763851965731914
931,Oulu_sub41731,-0.7757007977654314,-1.0137679576713794,-0.7393721288216073,-0.8154593800107584,-1.2226890830374628
932,Oulu_sub42178,-1.4622199827735685,-1.6062463803612779,-1.3086537402329919,-2.021284145349182,-0.8475878215092351
933,Oulu_sub43055,-0.9136943296021276,-0.8533727519535739,-0.9138337844685743,-0.9289428273161396,-1.2494254022169553
934,Oulu_sub43803,-2.49077639984716,-1.7106745304641326,-1.0555860733683826,-2.8185586337293773,-1.4014269964220927
935,Oulu_sub45566,-4.753506331149093,-1.292088498677916,-1.6674914968089212,-0.831414486587772,-0.8029782986941407
936,Oulu_sub46973,-1.560814313362867,-0.8812555339678859,-0.8637142190445587,-0.9472260379688774,-0.8882508971350678
937,Oulu_sub47094,-1.3948823419659562,-1.054616656328563,-1.0756897571887873,-1.013706390554679,-0.9152273121701981
938,Oulu_sub49227,-1.9844427134124831,-0.861876918137539,-1.169173513370075,-1.1433720101152025,-0.8240239562179237
939,Oulu_sub50637,-0.8828440732527352,-0.958604919472417,-0.7517137192269644,-0.8232576915708159,-1.06710105818512
940,Oulu_sub51387,-0.909966817990776,-1.2454877004431826,-0.700579497786126,-1.2964628648148593,-0.8320392201166936
941,Oulu_sub57150,-0.8206335155502145,-2.248216304711176,-0.9547445355928094,-0.9017158073849799,-0.8584171941962733
942,Oulu_sub58867,-0.8518663562881966,-1.3904224930810094,-0.8051779257286945,-1.434878851183398,-0.9245494420352666
943,Oulu_sub62124,-0.8187945804309699,-1.1362782295986644,-3.172434824615633,-1.8926343326583386,-0.9024195021853795
944,Oulu_sub63516,-0.7937688416484769,-0.939233432022388,-0.673234085864962,-1.4831983024064874,-1.516899880796773
945,Oulu_sub65041,-2.8884842941698263,-1.054764717062807,-0.7056349513029692,-1.9897170001551339,-0.9388042818654531
946,Oulu_sub65461,-0.7919152220410586,-2.5832443931311695,-1.3164072884896334,-1.9094225897679182,-0.8159360418837973
947,Oulu_sub66467,-0.782047666461108,-1.0351628420153312,-0.7503947365010334,-1.3774749944480873,-1.1947014951703199
948,Oulu_sub68752,-1.0609353894199576,-0.9322839186071151,-0.6691610848103529,-0.8866639103141493,-0.8359094416224007
949,Oulu_sub69925,-3.080519348687345,-1.836623325140484,-1.0850685157452127,-0.8198305975360801,-0.819090902127854
950,Oulu_sub72000,-1.6608589303970263,-1.5424778631330573,-5.09967144873082,-1.3965740695792017,-1.5459904146223826
951,Oulu_sub72795,-2.16789288875093,-1.0708179481946678,-0.6716606310442819,-1.1946924149795097,-0.9678803743366556
952,Oulu_sub73221,-0.8516323820597669,-0.8774752772992733,-0.6690495358255643,-0.8266430484360165,-0.8035972215597917
953,Oulu_sub73709,-0.8565388233229657,-0.9085901949787468,-0.6855581714208523,-1.4923957016895426,-1.1047102068321912
954,Oulu_sub73853,-0.7849444331040659,-0.8574799335649215,-1.2187540038734614,-2.308946615297099,-1.3097248191379853
955,Oulu_sub74276,-0.7907308320041392,-0.9753117691548501,-0.6711255870302849,-2.105862133584551,-1.042218627463853
956,Oulu_sub74941,-1.5714160851838423,-1.7402707866705132,-0.801664281883276,-2.8613461755284524,-0.8209523758655578
957,Oulu_sub75293,-0.8179843858849226,-0.9531492177635971,-1.3179392841197428,-0.8399355392070714,-0.9933300852734158
958,Oulu_sub75361,-1.9804709361415636,-2.0412753862745845,-0.9804693822455202,-0.8200348454671462,-1.1554172729435324
959,Oulu_sub75620,-0.8832776915427185,-1.211721559392011,-1.287130887090043,-1.530833981108054,-0.8715414989711731
960,Oulu_sub76935,-1.3107226141961286,-1.5433003242715677,-0.7424089693175536,-0.8176819075716152,-2.1170666164676457
961,Oulu_sub77629,-0.8206335155502145,-1.3522808289773762,-1.3816742077250468,-1.888682594956066,-0.8397849204385857
962,Oulu_sub78282,-0.8244801665053914,-0.8563565526211264,-0.7033943230003329,-1.5456381208196448,-1.0865518253456117
963,Oulu_sub78327,-0.9689346113472079,-0.8523381493656988,-0.6918445954677868,-0.9633602231325182,-0.8585643219246977
964,Oulu_sub78648,-1.384383994096376,-1.001852623004972,-1.0973086117644193,-0.8302455057730525,-1.1386617424664989
965,Oulu_sub79784,-1.7340078780946806,-2.5252389756264972,-0.6793867958290936,-0.8266385848791683,-0.8141791879353664
966,Oulu_sub84631,-1.0159197307452574,-1.3395306109186587,-2.7119989720607083,-0.8167335993217072,-1.0753095845660898
967,Oulu_sub85532,-0.8890667975674315,-0.8624599880137228,-1.5004295859468273,-1.3502251075091896,-0.8595806992869806
968,Oulu_sub86362,-1.2295883515281987,-2.7110684006575716,-0.7684908676882278,-0.8105297097452017,-5.611043079259672
969,Oulu_sub86410,-1.5056259113124155,-1.4042452251509725,-0.9186606582125836,-2.0185074090782753,-1.0700520995274672
970,Oulu_sub86559,-0.9624562762159109,-1.29091922101087,-0.7226102354982401,-1.0325837256673125,-1.2886813469141665
971,Oulu_sub89213,-0.9614124575425295,-2.91063363681149,-0.753441527151332,-1.2343728214147558,-2.604565576134583
972,Oulu_sub90623,-1.0321325833594608,-7.523803905781279,-0.9033312725856537,-1.14660127798646,-1.0396241147971366
973,Oulu_sub91105,-0.796323777204445,-0.9275878190198279,-0.7745315160690108,-1.556272372106377,-0.7962527873486099
974,Oulu_sub91222,-1.768024967194265,-1.140350585563101,-1.0544304258859718,-0.9358849045816455,-0.8695902542691283
975,Oulu_sub91232,-0.855525825412018,-2.110885508350341,-0.6655349566304882,-1.1075461624858232,-1.1222065603843165
976,Oulu_sub94314,-0.7821266548826171,-1.3710592812639661,-1.3570656185679153,-4.33120425010464,-1.7574070995707514
977,Oulu_sub95854,-0.89810481324359,-0.9388079762441904,-0.7049909621991245,-2.3539983926711465,-0.9666292705755366
978,Oulu_sub96080,-0.9146869888717967,-1.2061807262074338,-0.6885083847204678,-0.9788402902378933,-1.531325153710086
979,Oulu_sub96197,-1.2400236309450658,-1.1234649382932569,-0.6847842266800678,-0.8200443400879306,-1.1560410650400397
980,Oulu_sub98146,-0.8631162979154043,-0.9199379057859199,-0.7594187273661739,-1.5986383232012606,-1.0663284387490297
981,Oulu_sub98207,-0.7980976588888857,-0.8812017606663914,-1.0553592791233442,-1.1407667112719702,-1.381821644548423
982,Oulu_sub98439,-0.8536300667020599,-2.762436357514767,-0.6710449555462894,-1.3863872472997711,-1.84651430503987
983,Oulu_sub98661,-1.1265792551145652,-0.8713272538128007,-0.8179088582216228,-0.9918388164781123,-1.6515560592459697
984,Oulu_sub98739,-1.4177061177518335,-1.3222892790447713,-0.8235404011005277,-1.0345194390707306,-0.796695824594339
985,Oulu_sub99718,-1.4953206814162892,-1.021088701275128,-1.3257109722122307,-0.8441881633084669,-1.280458828424588
986,Oxford_sub02248,-0.8654980524643568,-0.8972404231082283,-0.7104956330781123,-0.8653902277859117,-0.8466848185831191
987,Oxford_sub07210,-1.8552302241252336,-1.6470530529364775,-0.9623497070825308,-1.9839797429250736,-0.7122625307004324
988,Oxford_sub13304,-2.0521425608053763,-0.8678150700057984,-0.7771739745017151,-1.062317862599055,-1.6603056165379075
989,Oxford_sub16112,-1.694234026634841,-0.8774922353619284,-1.793857132595358,-1.1747093929671646,-1.742926009551617
990,Oxford_sub17516,-1.126190889947973,-1.928211441991514,-1.3781621907426234,-12.415511858326203,-1.3116874352937722
991,Oxford_sub23740,-0.7830071100239525,-1.127132908465928,-1.8172828691554195,-0.8387648834534323,-2.142335145891159
992,Oxford_sub24528,-1.9593757940910534,-0.8806965313884391,-1.2733311540083527,-1.0413896956686464,-1.56495561451964
993,Oxford_sub40095,-0.856620217362331,-1.0412685559684287,-0.6968547028372868,-1.0528834229586326,-1.0344422634636283
994,Oxford_sub40451,-0.8564360106739082,-2.3275268408562413,-4.541266430886595,-0.8276945925728346,-0.7046059092265365
995,Oxford_sub47141,-6.422183383342367,-0.8592530472707548,-0.7384258552841922,-0.885353548594941,-0.9423958321805787
996,Oxford_sub48778,-1.2036031088294994,-1.5174937563288164,-2.3131902773914006,-0.8265294073250241,-0.79599515883403
997,Oxford_sub56945,-0.733467293803446,-1.2046857498408678,-0.8546651084490623,-0.8606657350267104,-0.7127699083937863
998,Oxford_sub57368,-1.3015273129903069,-0.8643509731650911,-0.891231724784311,-0.893726902455328,-1.1323347662319
999,Oxford_sub66945,-0.7460657152476741,-1.2854869939670037,-0.7117601317055335,-1.0214129189466739,-0.7130211455631507
1000,Oxford_sub68195,-6.662200216452292,-2.1012707731332294,-0.9079433868586199,-1.7326196054155996,-0.8956565820373168
1001,Oxford_sub71633,-1.2204664834476404,-0.9145031428447008,-4.671832420349062,-0.9892847044191945,-0.7537139052340524
1002,Oxford_sub74429,-1.3011846880829552,-1.3847131142534637,-0.6997306561222963,-0.812204575955745,-1.1060813985659945
1003,Oxford_sub76621,-1.114307732966365,-1.615616449864336,-0.7121644403054447,-1.5148044233492584,-1.1200593300918678
1004,Oxford_sub79611,-1.0831366598544474,-0.8972848635758575,-0.8770970516224179,-1.638475411283773,-0.7398693589914507
1005,Oxford_sub80089,-1.9323649382709258,-1.3350462598516757,-1.4816713709212346,-0.8176079163359636,-0.7058911409712743
1006,Oxford_sub82071,-1.1860735965638451,-0.8689798571625649,-0.7543510220543961,-0.979918025037496,-0.8640931585509535
1007,Oxford_sub85152,-0.8802771724921542,-0.9070099731731769,-1.2476117279786132,-1.5363344751122143,-1.1327407040734279
1008,PaloAlto_sub04856,-0.8509836179155347,-0.9863481114586139,-0.7886696153504978,-0.9408735501679826,-3.3159898081423997
1009,PaloAlto_sub15213,-0.827488717896232,-1.416803078089544,-1.6244420023399913,-0.8414249810031748,-0.8374327916187037
1010,PaloAlto_sub20732,-0.8105620071303953,-1.0284234638224183,-1.0345173352878845,-0.9923721541665921,-0.7254900817529829
1011,PaloAlto_sub29935,-1.376181812796611,-1.3865653744920112,-1.3582693435891375,-1.8767319776930236,-1.5494002635064175
1012,PaloAlto_sub38088,-1.6758818894293563,-1.1714314552387626,-0.8038032379487242,-1.9021521921808937,-2.597349377884127
1013,PaloAlto_sub46856,-0.8165863624651902,-2.254398171634941,-0.8178317358084244,-1.1781572907394042,-0.8750845836428738
1014,PaloAlto_sub54541,-1.019993465137674,-0.9081905145290294,-2.672569553191527,-1.4397398589322612,-0.8351049980129501
1015,PaloAlto_sub58313,-1.0516949597727434,-0.8708068016058277,-2.4125546509059497,-1.64122624589899,-1.5652422267790131
1016,PaloAlto_sub61001,-0.7424180026820151,-0.8986662696648234,-0.8686220071477526,-1.0483858362657592,-0.7871150725585303
1017,PaloAlto_sub61241,-2.080818480443777,-1.0355421135442386,-0.8324913438004571,-1.0593808758636614,-0.7208843263934385
1018,PaloAlto_sub66941,-1.0524924455162672,-0.9175232706987574,-2.1942374300073477,-1.9112388128930327,-1.015016179505226
1019,PaloAlto_sub70752,-0.7559173882273564,-0.9736224993388598,-1.1339499040875134,-1.5258970434658186,-1.3982589076556544
1020,PaloAlto_sub84978,-1.010249719667825,-0.8940141486822968,-0.7970626050620282,-0.831341893796397,-0.9910120868578677
1021,PaloAlto_sub88286,-0.797443765670686,-1.1506268693017692,-0.6945536314235191,-5.681640868541777,-0.855734086107331
1022,PaloAlto_sub91196,-1.7950071578065885,-1.495611196079344,-3.1760070200653043,-1.7824102127425967,-1.0381930307103082
1023,PaloAlto_sub96705,-1.4955676562892766,-0.8635902596440677,-1.3579041856554481,-0.8318853210147127,-1.2788740040007542
1024,PaloAlto_sub98061,-2.8954019017668005,-0.9100236441207566,-0.8247565649159201,-1.1865367471922201,-1.1798867526668866
1025,Pittsburgh_sub94205,-1.01349157136441,-1.1001609293593495,-1.2881160999007393,-0.9242826564455505,-1.417575050836812
1026,Pittsburgh_sub95671,-1.0656822482438544,-0.9967753223871036,-1.20437210322465,-0.9660114906483455,-1.6129590474761433
1027,Pittsburgh_sub97823,-1.3882948040629,-1.6909581566661733,-0.9045622671326845,-1.0298586728572119,-0.9088788947301012
1028,Queensland_sub02459,-3.498492667873873,-0.870782443960371,-1.0523672157256891,-1.1750082822884342,-6.007731436664604
1029,Queensland_sub04117,-0.8177036890276722,-1.0075508304985865,-0.8216315345886559,-1.7391070702285212,-1.687077823907072
1030,Queensland_sub16164,-0.9298527993306797,-0.9235705300193332,-0.8265376365782193,-0.9022418461008936,-0.7735731731468489
1031,Queensland_sub16849,-0.8285431987929964,-1.540310690196722,-0.8183592503416393,-0.991743048161758,-1.5001936879712556
1032,Queensland_sub36229,-0.7273865148240113,-2.077484532630439,-0.8560883983049533,-0.8333899667961879,-1.3281650760266326
1033,Queensland_sub39524,-0.812844403819529,-6.263692117676875,-0.7460722023399835,-3.2864108927452254,-1.7897219940144453
1034,Queensland_sub42533,-1.8071509899584477,-0.9285010756737646,-1.4478266800937198,-1.1033358658982737,-5.025636401229155
1035,Queensland_sub47468,-1.689460313771684,-0.8684903146706991,-0.7383222176655471,-0.8474260406522482,-1.0063221823983053
1036,Queensland_sub49845,-2.844489393416804,-0.9627645010940628,-0.6971004902072782,-1.535268329088882,-0.7909700033723199
1037,Queensland_sub56353,-1.9505380022564414,-0.9591987435395496,-1.9123753625834776,-1.081595469984959,-1.9711277811945531
1038,Queensland_sub66095,-2.285900520747584,-0.8915162042144075,-0.6828165997331355,-1.2064564073888506,-1.0065923113812805
1039,Queensland_sub68733,-0.9794731407764425,-0.9147095107100519,-0.8324855165546898,-1.493278015433319,-0.873066327268909
1040,Queensland_sub70014,-1.4920389461725327,-0.884856134784313,-0.6831310640835022,-0.8271503841262225,-1.7514704764319522
1041,Queensland_sub72118,-0.802154530922362,-0.8648367368949667,-1.8411623787701386,-1.943246292511338,-2.8359311422691125
1042,Queensland_sub80254,-1.5478681341378693,-0.9367756874928642,-0.8558381980926862,-0.8848205498109591,-2.3346488271118644
1043,Queensland_sub86245,-0.8905615938793868,-1.0882532463965175,-0.7208362647023379,-1.6827638235343847,-0.8135179962970875
1044,Queensland_sub86850,-1.2507262638233265,-0.8699324420865302,-1.5726688703980556,-3.229089360220258,-1.3993720955572402
1045,Queensland_sub88169,-1.6870678359103743,-0.96421543466315,-1.454103541491059,-2.414244377173697,-0.7524633463797615
1046,Queensland_sub93238,-1.0393747090940588,-1.2830599776593008,-1.483697721904555,-2.2232519780035878,-1.7425385150023847
1047,SaintLouis_sub02115,-0.7762257391987172,-0.8697915956467546,-0.6818864142361595,-0.8780748612904045,-1.6589453090085287
1048,SaintLouis_sub02142,-1.6733636121692386,-1.0052436257207318,-0.703473078519267,-0.901626525919328,-0.916025144973385
1049,SaintLouis_sub03345,-1.3525214597062145,-1.0423332747594234,-0.7871490677126859,-0.8479013431937605,-0.768124557983793
1050,SaintLouis_sub12941,-0.8107278924955381,-1.3363265575604952,-0.6959899705542892,-0.8699356259108632,-2.0508042356325054
1051,SaintLouis_sub16236,-0.7701677111977295,-1.552997808079558,-0.7595960803493975,-0.9654883007808818,-0.7718103155926179
1052,SaintLouis_sub26219,-0.739610597101091,-0.9352233985653308,-0.7459433212156031,-0.8081999223359622,-0.7610861130633266
1053,SaintLouis_sub26678,-0.8356260429987451,-1.1591187919664878,-0.7256332607694894,-1.2152491440821758,-1.0216540394760727
1054,SaintLouis_sub28304,-0.806292647585017,-1.7970554446038134,-1.3308426379873985,-0.9260813502288756,-0.8555075520700104
1055,SaintLouis_sub35127,-1.8067120501018787,-1.5112318639700986,-0.6984498734609076,-1.2028543622041894,-0.7196171863904739
1056,SaintLouis_sub35575,-1.6327347720614565,-2.3130483971303977,-0.9407850022223669,-0.8208101445200834,-0.7886590105269421
1057,SaintLouis_sub45636,-0.8848230345272619,-1.134967839310107,-0.7110909320987298,-0.8677655646157991,-1.015277455813743
1058,SaintLouis_sub46405,-1.8445938479080846,-0.951662025406208,-1.5079598539626655,-1.0487537876832036,-1.01552130856394
1059,SaintLouis_sub49563,-0.793100095580489,-0.873557783538841,-1.2688381118220242,-0.9907615223995041,-1.3640907420104715
1060,SaintLouis_sub52065,-1.037193107506139,-0.9973666157416887,-1.2988800889276535,-0.8111897376713544,-0.7408236987785575
1061,SaintLouis_sub53324,-0.8253291702148393,-3.033375823698717,-1.4784128885727665,-0.8302773514263626,-0.7472284241444802
1062,SaintLouis_sub58674,-0.7418895626641278,-1.1418069192846594,-0.9548186371373097,-1.2099491664299125,-0.7283284319651093
1063,SaintLouis_sub61357,-2.8681360410988366,-0.9829571842665296,-1.5403600640019444,-0.8442087148312091,-1.5236896443280878
1064,SaintLouis_sub73002,-1.024801183561135,-0.9699473995256027,-0.6791996587793061,-0.8566317260471377,-0.7855839183853646
1065,SaintLouis_sub73125,-0.8160962660390246,-1.346701955665742,-0.9112832996706339,-2.104878793920887,-0.7664514498022709
1066,SaintLouis_sub73471,-0.9113564879065482,-0.9840791009082812,-0.6917257832864293,-0.808747490657351,-0.9372075331790708
1067,SaintLouis_sub74078,-0.7745373839049333,-1.020689923787836,-0.6823234085957628,-0.8272252143071402,-1.1759747626184114
1068,SaintLouis_sub80832,-0.7593517697717391,-0.9379524778991067,-0.7144217490138935,-0.8636415171417928,-0.7814064777649942
1069,SaintLouis_sub82830,-1.1358622105459757,-1.4609125821639217,-0.7318236206791565,-0.8231135379712494,-0.7932089351681866
1070,SaintLouis_sub88150,-0.9836491515513809,-1.5437205962615483,-0.6935077407275481,-0.933592907730594,-1.2408071489599117
1071,SaintLouis_sub88823,-0.888713957036244,-0.9341492873179724,-0.7095767010993902,-2.1938233738031423,-1.9431007808013243
1072,SaintLouis_sub95001,-0.8146751702650377,-0.855787778584998,-2.250081179588303,-0.8169828384188934,-0.7288973372140531
1073,SaintLouis_sub95721,-1.76583326383824,-1.1049961103065453,-1.1865692320983439,-3.5924332956384872,-1.3630794950421612
1074,SaintLouis_sub95786,-1.2447916287119252,-0.8845741578966397,-1.6703108353701883,-1.061357701721236,-1.5550172167038523
1075,SaintLouis_sub95967,-1.3123098321410698,-0.8730770069063786,-0.7428139493554102,-0.8289986797605858,-0.9196791662137365
1076,SaintLouis_sub97935,-0.7348871881940817,-0.8547110829793163,-0.6925523843232952,-1.8320566361589672,-0.8458911509964658
1077,SaintLouis_sub99965,-0.7783035960852002,-1.6573891708411206,-0.6810508019679649,-0.9340733558959035,-0.8585317569016663
